dimension,label,all,all_reads,all_writes,webspace_read,webspace_write,eventing_read,eventing_write,health_read,read,other_write,non_2xx,status_200,status_201,status_202,status_204,status_206,status_400,status_401,status_403,status_404,status_409,status_416,status_422,status_429,status_499,status_500,status_502,other_statuses
url_tenant,OneAndOne,4999701,3097113,1902588,1616959,956029,686421,648164,0,793733,298395,544210,,,,,,,,,,,,,,,,,
url_tenant,base_worldforyou,4730566,4704603,25963,0,0,114851,11424,0,4589752,14539,85918,,,,,,,,,,,,,,,,,
url_tenant,base_strato,2102830,1518783,584047,1301,1322,876114,238527,0,641368,344198,82650,,,,,,,,,,,,,,,,,
url_tenant,base_fasthosts,1528763,873141,655622,30667,15825,605273,564171,0,237201,75626,6014,,,,,,,,,,,,,,,,,
url_tenant,UDAG,1255070,975233,279837,297170,2343,642731,257907,0,35332,19587,13326,,,,,,,,,,,,,,,,,
url_tenant,base_ionoscloud,855353,854682,671,0,0,0,0,0,854682,671,1,,,,,,,,,,,,,,,,,
url_tenant,Domains,773352,165067,608285,0,0,0,0,0,165067,608285,319,,,,,,,,,,,,,,,,,
url_tenant,mgmt,680773,680773,0,0,0,0,0,0,680773,0,4135,,,,,,,,,,,,,,,,,
url_tenant,qa_whic,529169,223937,305232,29470,32325,128526,100997,0,65941,171910,27453,,,,,,,,,,,,,,,,,
url_tenant,base_piensa,514292,318775,195517,13418,13477,298504,178235,0,6853,3805,582,,,,,,,,,,,,,,,,,
url_tenant,(no tenant in URL),454369,454369,0,0,0,0,0,454368,1,0,1,,,,,,,,,,,,,,,,,
url_tenant,sandbox_fasthosts,404191,403566,625,0,165,403566,34,0,0,426,667,,,,,,,,,,,,,,,,,
url_tenant,sandbox_udag,382178,380439,1739,0,457,370834,296,0,9605,986,11121,,,,,,,,,,,,,,,,,
url_tenant,trial_strato,361747,357471,4276,0,1,353217,2600,0,4254,1675,395,,,,,,,,,,,,,,,,,
url_tenant,sandbox_piensa,354982,351732,3250,0,562,351719,759,0,13,1929,2538,,,,,,,,,,,,,,,,,
url_tenant,sandbox_oneandone,354763,350679,4084,0,2041,350679,0,0,0,2043,4159,,,,,,,,,,,,,,,,,
url_tenant,sandbox_gmxde,352421,351665,756,0,524,351665,0,0,0,232,832,,,,,,,,,,,,,,,,,
url_tenant,sandbox_webde,352359,351596,763,0,463,351596,0,0,0,300,838,,,,,,,,,,,,,,,,,
url_tenant,sandbox_arsys,352220,351778,442,0,82,351778,0,0,0,360,516,,,,,,,,,,,,,,,,,
url_tenant,sandbox_homepl,351243,351131,112,0,0,351130,44,0,1,68,139,,,,,,,,,,,,,,,,,
url_tenant,base_arsys,290350,223620,66730,0,0,217820,63402,0,5800,3328,145,,,,,,,,,,,,,,,,,
url_tenant,dns-tokens,264505,264505,0,0,0,0,0,0,264505,0,475,,,,,,,,,,,,,,,,,
url_tenant,base_webde,245069,205625,39444,5521,3731,198877,34572,0,1227,1141,258,,,,,,,,,,,,,,,,,
url_tenant,base_homepl,234013,199340,34673,0,8,196870,32130,0,2470,2535,74,,,,,,,,,,,,,,,,,
url_tenant,sandbox_wordpress_whic,224303,220664,3639,0,1495,175677,0,0,44987,2144,48664,,,,,,,,,,,,,,,,,
url_tenant,base_gmxde,208309,189810,18499,2673,1988,186411,15916,0,726,595,98,,,,,,,,,,,,,,,,,
url_tenant,mws8_oneandone,153081,94763,58318,75835,57791,0,0,0,18928,527,2882,,,,,,,,,,,,,,,,,
url_tenant,ionos_sfs,125560,120435,5125,0,0,34997,0,0,85438,5125,3,,,,,,,,,,,,,,,,,
url_tenant,sandbox_ionoscloud,79146,79146,0,0,0,0,0,0,79146,0,2,,,,,,,,,,,,,,,,,
url_tenant,trial_sfs,78920,78809,111,0,0,37682,0,0,41127,111,2,,,,,,,,,,,,,,,,,
url_tenant,sandbox_worldforyou,67440,67283,157,0,0,66874,91,0,409,66,33668,,,,,,,,,,,,,,,,,
url_tenant,strato_sfs,24142,23595,547,0,0,17896,0,0,5699,547,0,,,,,,,,,,,,,,,,,
url_tenant,sandbox_qa_whic,20523,7838,12685,1595,1661,3346,3104,0,2897,7920,5673,,,,,,,,,,,,,,,,,
url_tenant,dnd_qa_whic,20053,8918,11135,755,707,4434,4434,0,3729,5994,8,,,,,,,,,,,,,,,,,
url_tenant,EShopOneAndOne,17848,17792,56,0,0,0,0,0,17792,56,0,,,,,,,,,,,,,,,,,
url_tenant,sandbox_trinity_hosting,17827,17827,0,0,0,17827,0,0,0,0,0,,,,,,,,,,,,,,,,,
url_tenant,trinity_hosting,8911,8911,0,0,0,8911,0,0,0,0,0,,,,,,,,,,,,,,,,,
url_tenant,gitspace_oneandone,4642,2209,2433,644,1754,1345,0,0,220,679,215,,,,,,,,,,,,,,,,,
url_tenant,autodeploy_mon_whic,3375,3375,0,3362,0,0,0,0,13,0,0,,,,,,,,,,,,,,,,,
url_tenant,WhicQAdnd,671,232,439,70,161,154,154,0,8,124,38,,,,,,,,,,,,,,,,,
url_tenant,stack-instances,275,275,0,0,0,0,0,0,275,0,275,,,,,,,,,,,,,,,,,
url_tenant,sandbox_mws8_oneandone,202,89,113,72,89,0,0,0,17,24,11,,,,,,,,,,,,,,,,,
url_tenant,sandbox_shl_to,72,44,28,0,0,30,0,0,14,28,0,,,,,,,,,,,,,,,,,
url_tenant,sandbox_gitspace_oneandone,31,8,23,0,0,4,0,0,4,23,0,,,,,,,,,,,,,,,,,
url_tenant,QA_WHIC,8,0,8,0,8,0,0,0,0,0,8,,,,,,,,,,,,,,,,,
url_tenant,%7B%7Bwaas_tenant%7D%7D,1,1,0,0,0,0,0,0,1,0,1,,,,,,,,,,,,,,,,,
auth_identity,base_worldforyou/photnw4ywaasprod,4651939,4626803,25136,0,0,57425,11424,0,4569378,13712,3715,,,,,,,,,,,,,,,,,
auth_identity,OneAndOne/pwhpsswaasprod,2461680,2004535,457145,969997,143824,35842,35818,0,998696,277503,521130,,,,,,,,,,,,,,,,,
auth_identity,base_strato/pstratoswhp,1713115,1419989,293126,1299,1322,559531,0,0,859159,291804,79290,,,,,,,,,,,,,,,,,
auth_identity,OneAndOne/phosmwpionosprdbap,1482613,708805,773808,363238,465353,325517,305030,0,20050,3425,13597,,,,,,,,,,,,,,,,,
auth_identity,OneAndOne/phosmwpionosprd,1250428,597582,652846,271521,343991,325041,307312,0,1020,1543,9327,,,,,,,,,,,,,,,,,
auth_identity,Domains/pdnswaasprod,1054117,457328,596789,0,0,0,0,0,457328,596789,245,,,,,,,,,,,,,,,,,
auth_identity,base_fasthosts/pfhhostingprod,925100,574919,350181,17030,1212,232065,288585,0,325824,60384,4916,,,,,,,,,,,,,,,,,
auth_identity,base_ionoscloud/pstncdnwafwaasprod,855368,854697,671,0,0,0,0,0,854697,671,1,,,,,,,,,,,,,,,,,
auth_identity,UDAG/photnwudagprd,596207,556600,39607,297144,2343,256742,36579,0,2714,685,1752,,,,,,,,,,,,,,,,,
auth_identity,/<user not set>,574931,570965,3966,688,887,92149,192,448836,29292,2887,126095,,,,,,,,,,,,,,,,,
auth_identity,qa_whic/phowhicprd,454314,195211,259103,27466,30246,107189,100893,0,60556,127964,23833,,,,,,,,,,,,,,,,,
auth_identity,UDAG/phosmwpudagprd,452825,283292,169533,0,0,258717,162013,0,24575,7520,5346,,,,,,,,,,,,,,,,,
auth_identity,base_fasthosts/phosmwpfasthprdbap,354536,200700,153836,7170,7666,186491,138030,0,7039,8140,542,,,,,,,,,,,,,,,,,
auth_identity,sandbox_arsys/phosmwpsyssndbprd,352147,351705,442,0,82,351705,0,0,0,360,443,,,,,,,,,,,,,,,,,
auth_identity,base_fasthosts/phosmwpfasthprd,350854,199258,151596,6461,6947,186688,137548,0,6109,7101,510,,,,,,,,,,,,,,,,,
auth_identity,base_strato/phosmwpstratobap,338242,189452,148790,0,0,158569,119487,0,30883,29303,1931,,,,,,,,,,,,,,,,,
auth_identity,base_strato/phosmwpstratoprd,326125,183998,142127,2,0,157982,119038,0,26014,23089,1851,,,,,,,,,,,,,,,,,
auth_identity,base_piensa/phosmwppiensaprdbap,256151,157856,98295,6769,7144,149006,89251,0,2081,1900,300,,,,,,,,,,,,,,,,,
auth_identity,base_piensa/phosmwppiensaprd,253759,157006,96753,5858,6147,149465,88979,0,1683,1627,233,,,,,,,,,,,,,,,,,
auth_identity,sandbox_udag/phosmwpudagsndbprd,206006,204901,1105,0,210,195299,223,0,9602,672,10467,,,,,,,,,,,,,,,,,
auth_identity,UDAG/phosmwpudagprdbap,205926,135238,70688,0,0,127202,59309,0,8036,11379,6100,,,,,,,,,,,,,,,,,
auth_identity,sandbox_piensa/phosmwppiensasbxbap,177524,175877,1647,0,280,175872,376,0,5,991,1267,,,,,,,,,,,,,,,,,
auth_identity,sandbox_oneandone/phosmwpionossndbbap,177486,175400,2086,0,1025,175400,0,0,0,1061,2086,,,,,,,,,,,,,,,,,
auth_identity,sandbox_piensa/phosmwppiensasbxprd,177356,175774,1582,0,282,175772,383,0,2,917,1196,,,,,,,,,,,,,,,,,
auth_identity,sandbox_oneandone/phosmwpionossndbprd,177201,175204,1997,0,1015,175204,0,0,0,982,1997,,,,,,,,,,,,,,,,,
auth_identity,sandbox_gmxde/phosmwpgmxsndbbap,176351,175964,387,0,276,175964,0,0,0,111,387,,,,,,,,,,,,,,,,,
auth_identity,sandbox_webde/phosmwpwebdesndbprd,176194,175814,380,0,237,175814,0,0,0,143,380,,,,,,,,,,,,,,,,,
auth_identity,sandbox_webde/phosmwpwebdesndbbap,176090,175707,383,0,226,175707,0,0,0,157,383,,,,,,,,,,,,,,,,,
auth_identity,sandbox_udag/phosmwpudagsndbbap,176080,175446,634,0,247,175446,73,0,0,314,562,,,,,,,,,,,,,,,,,
auth_identity,sandbox_gmxde/phosmwpgmxsndbprd,175994,175625,369,0,248,175625,0,0,0,121,369,,,,,,,,,,,,,,,,,
auth_identity,sandbox_fasthosts/phosmwpfasthsndbprd,175720,175243,477,0,160,175243,9,0,0,308,468,,,,,,,,,,,,,,,,,
auth_identity,sandbox_homepl/phosmwphoplsndbbap,175712,175653,59,0,0,175653,21,0,0,38,36,,,,,,,,,,,,,,,,,
auth_identity,sandbox_fasthosts/phosmwpfasthsndbbap,175509,175377,132,0,5,175377,10,0,0,117,122,,,,,,,,,,,,,,,,,
auth_identity,sandbox_homepl/phosmwphoplsndbprd,175455,175403,52,0,0,175402,23,0,1,29,28,,,,,,,,,,,,,,,,,
auth_identity,mws8_oneandone/photniomwsprod,172009,113691,58318,75835,57791,0,0,0,37856,527,2884,,,,,,,,,,,,,,,,,
auth_identity,trial_strato/phosmwpstrasndbap,169919,168533,1386,0,0,168432,1293,0,101,93,72,,,,,,,,,,,,,,,,,
auth_identity,trial_strato/phosmwpstrasndbprd,169854,168460,1394,0,1,168361,1307,0,99,86,64,,,,,,,,,,,,,,,,,
auth_identity,base_arsys/phosmwpsysbap,143772,110378,33394,0,0,108850,31757,0,1528,1637,38,,,,,,,,,,,,,,,,,
auth_identity,base_arsys/phosmwpsysprd,143202,110244,32958,0,0,108935,31642,0,1309,1316,30,,,,,,,,,,,,,,,,,
auth_identity,sandbox_wordpress_whic/phosmwpsndbwhicprd,136423,132784,3639,0,1495,87797,0,0,44987,2144,48626,,,,,,,,,,,,,,,,,
auth_identity,base_homepl/phosmwphomeplbap,116464,99349,17115,0,2,98357,16084,0,992,1029,23,,,,,,,,,,,,,,,,,
auth_identity,base_homepl/phosmwphomeplprd,116189,99295,16894,0,6,98479,16043,0,816,845,14,,,,,,,,,,,,,,,,,
auth_identity,base_webde/phosmwpwebdeprdbap,115881,99346,16535,832,835,98457,15629,0,57,71,18,,,,,,,,,,,,,,,,,
auth_identity,base_webde/phosmwpwebdeprd,115822,99404,16418,779,778,98602,15593,0,23,47,12,,,,,,,,,,,,,,,,,
auth_identity,ionos_sfs/photnsfsionosprd,113461,108336,5125,0,0,21511,0,0,86825,5125,3,,,,,,,,,,,,,,,,,
auth_identity,base_gmxde/phosmwpgmxprdbap,100181,92979,7202,404,396,92547,6742,0,28,64,20,,,,,,,,,,,,,,,,,
auth_identity,base_gmxde/phosmwpgmxprd,100171,92987,7184,362,386,92606,6750,0,19,48,26,,,,,,,,,,,,,,,,,
auth_identity,sandbox_wordpress_whic/phosmwpsndbwhicbap,87842,87842,0,0,0,87842,0,0,0,0,0,,,,,,,,,,,,,,,,,
auth_identity,sandbox_ionoscloud/pstncdnwafwaasprod,79146,79146,0,0,0,0,0,0,79146,0,2,,,,,,,,,,,,,,,,,
auth_identity,qa_whic/phosbenchmarkprd,69546,28533,41013,1508,1519,21209,0,0,5816,39494,13,,,,,,,,,,,,,,,,,
auth_identity,trial_sfs/photnsfstrialprd,58947,58848,99,0,0,17682,0,0,41166,99,0,,,,,,,,,,,,,,,,,
auth_identity,sandbox_fasthosts/pfhhostingtest,52885,52870,15,0,0,52870,15,0,0,0,1,,,,,,,,,,,,,,,,,
auth_identity,sandbox_worldforyou/photnw4ywaasqa,33916,33766,150,0,0,33437,91,0,329,59,137,,,,,,,,,,,,,,,,,
auth_identity,OneAndOne/photbackupmwprd,25734,22416,3318,12193,2839,0,0,0,10223,479,331,,,,,,,,,,,,,,,,,
auth_identity,strato_sfs/photnsfsstrwaasprd,24232,23685,547,0,0,17896,0,0,5789,547,0,,,,,,,,,,,,,,,,,
auth_identity,trial_strato/pstratoswhtp,21930,20434,1496,0,0,16350,0,0,4084,1496,184,,,,,,,,,,,,,,,,,
auth_identity,dnd_qa_whic/phowhicprd,20045,8918,11127,755,707,4434,4434,0,3729,5986,0,,,,,,,,,,,,,,,,,
auth_identity,trial_sfs/photnsfstrialspcman,20014,20002,12,0,0,20000,0,0,2,12,2,,,,,,,,,,,,,,,,,
auth_identity,EShopOneAndOne/photniomwsprod,17860,17804,56,0,0,0,0,0,17804,56,0,,,,,,,,,,,,,,,,,
auth_identity,sandbox_trinity_hosting/pseudotrinitypproqa,17827,17827,0,0,0,17827,0,0,0,0,0,,,,,,,,,,,,,,,,,
auth_identity,sandbox_qa_whic/phowhicprd,16999,6394,10605,1147,1101,3250,3008,0,1997,6496,2315,,,,,,,,,,,,,,,,,
auth_identity,OneAndOne/phosspacecapiprd,15443,0,15443,0,0,0,0,0,0,15443,81,,,,,,,,,,,,,,,,,
auth_identity,ionos_sfs/photnsfsionosspcman,13486,13486,0,0,0,13486,0,0,0,0,1,,,,,,,,,,,,,,,,,
auth_identity,base_webde/phosmamdomprd,13340,6850,6490,3910,2118,1781,3349,0,1159,1023,188,,,,,,,,,,,,,,,,,
auth_identity,Domains/pdnsarsyswaasprod,13057,5523,7534,0,0,0,0,0,5523,7534,1,,,,,,,,,,,,,,,,,
auth_identity,trinity_hosting/pseudotrinitypprov,8911,8911,0,0,0,8911,0,0,0,0,0,,,,,,,,,,,,,,,,,
auth_identity,base_gmxde/phosmamdomprd,7928,3815,4113,1906,1206,1220,2424,0,689,483,18,,,,,,,,,,,,,,,,,
auth_identity,Domains/pdnspiensawaasprod,7149,3187,3962,0,0,0,0,0,3187,3962,0,,,,,,,,,,,,,,,,,
auth_identity,gitspace_oneandone/pbtionosspaceprod,4960,2622,2338,633,1691,1274,0,0,715,647,32,,,,,,,,,,,,,,,,,
auth_identity,base_piensa/ppiensawaaspro,4486,4024,462,791,185,0,0,0,3233,277,9,,,,,,,,,,,,,,,,,
auth_identity,/ppiensawaaspro,3642,3642,0,0,0,0,0,3642,0,0,0,,,,,,,,,,,,,,,,,
auth_identity,base_arsys/parsyswaaspro,3363,2988,375,0,0,0,0,0,2988,375,39,,,,,,,,,,,,,,,,,
auth_identity,autodeploy_mon_whic/pwaasautodeploy,3235,3235,0,3229,0,0,0,0,6,0,0,,,,,,,,,,,,,,,,,
auth_identity,qa_whic/phosstackcleanupprd,2948,0,2948,0,0,0,0,0,0,2948,0,,,,,,,,,,,,,,,,,
auth_identity,/pfhhostingprod,1828,1828,0,0,0,0,0,1828,0,0,0,,,,,,,,,,,,,,,,,
auth_identity,base_homepl/photnhomepl1prd,1350,689,661,0,0,0,0,0,689,661,0,,,,,,,,,,,,,,,,,
auth_identity,qa_whic/phowhicrdrprd,1064,488,576,128,160,16,16,0,344,400,872,,,,,,,,,,,,,,,,,
auth_identity,sandbox_qa_whic/phowhicrdrprd,1040,480,560,128,160,16,16,0,336,384,856,,,,,,,,,,,,,,,,,
auth_identity,/phowhicadminmwprd,1014,1014,0,0,0,0,0,0,1014,0,0,,,,,,,,,,,,,,,,,
auth_identity,WhicQAdnd/phowhicdndprd,663,232,431,70,161,154,154,0,8,116,30,,,,,,,,,,,,,,,,,
auth_identity,Domains/photlwaascheckprd,363,363,0,0,0,0,0,0,363,0,92,,,,,,,,,,,,,,,,,
auth_identity,/phowhicprd,286,278,8,48,8,16,0,0,214,0,286,,,,,,,,,,,,,,,,,
auth_identity,sandbox_mws8_oneandone/photniomwsprod,217,106,111,72,89,0,0,0,34,22,11,,,,,,,,,,,,,,,,,
auth_identity,autodeploy_mon_whic/pwaasautodeploypre,140,140,0,133,0,0,0,0,7,0,0,,,,,,,,,,,,,,,,,
auth_identity,sandbox_qa_whic/phosstackcleanupprd,80,0,80,0,0,0,0,0,0,80,0,,,,,,,,,,,,,,,,,
auth_identity,sandbox_shl_to/gilbert,72,44,28,0,0,30,0,0,14,28,0,,,,,,,,,,,,,,,,,
auth_identity,/parsyswaaspro,60,60,0,0,0,0,0,60,0,0,0,,,,,,,,,,,,,,,,,
auth_identity,qa_whic/phowhicadminmwprd,52,0,52,0,0,0,0,0,0,52,52,,,,,,,,,,,,,,,,,
auth_identity,qa_whic/phowhicprd2nd,32,16,16,0,0,16,8,0,0,8,8,,,,,,,,,,,,,,,,,
auth_identity,sandbox_piensa/phosstackcleanupprd,19,0,19,0,0,0,0,0,0,19,0,,,,,,,,,,,,,,,,,
auth_identity,sandbox_gitspace_oneandone/pbtionosspaceac1,16,8,8,0,0,4,0,0,4,8,0,,,,,,,,,,,,,,,,,
auth_identity,sandbox_gitspace_oneandone/phosstackcleanupprd,15,0,15,0,0,0,0,0,0,15,0,,,,,,,,,,,,,,,,,
auth_identity,/,10,10,0,6,0,0,0,0,4,0,10,,,,,,,,,,,,,,,,,
auth_identity,WhicQAdnd/phowhicprd,8,0,8,0,0,0,0,0,0,8,8,,,,,,,,,,,,,,,,,
auth_identity,sandbox_piensa/ppiensawaasqa,8,6,2,0,0,0,0,0,6,2,0,,,,,,,,,,,,,,,,,
auth_identity,/pfhhostingtest,2,2,0,0,0,0,0,2,0,0,0,,,,,,,,,,,,,,,,,
auth_identity,Domains/photonosuplegdomprd,2,2,0,0,0,0,0,0,2,0,0,,,,,,,,,,,,,,,,,
auth_identity,sandbox_mws8_oneandone/phosstackcleanupprd,2,0,2,0,0,0,0,0,0,2,0,,,,,,,,,,,,,,,,,
auth_identity,sandbox_fasthosts/phosstackcleanupprd,1,0,1,0,0,0,0,0,0,1,0,,,,,,,,,,,,,,,,,
auth_identity,sandbox_homepl/phosstackcleanupprd,1,0,1,0,0,0,0,0,0,1,0,,,,,,,,,,,,,,,,,
endpoint_template,GET /v1/:tenant/eventing/notifications/history,6863933,6863933,0,0,0,6863933,0,0,0,0,92049,6771884,0,0,0,0,16,91948,32,0,0,0,0,41,0,0,4,"{""408"": 8}"
endpoint_template,GET /v1/:tenant/stack-instances/:id/webshield/mappings,3895141,3895141,0,0,0,0,0,0,3895141,0,273,3894868,0,0,0,0,16,91,64,100,0,0,0,1,0,0,0,"{""408"": 1}"
endpoint_template,PUT /v1/:tenant/eventing/notifications/history/pointer/:id,1903016,0,1903016,0,0,0,1903016,0,0,0,143,0,0,0,1902873,0,32,111,0,0,0,0,0,0,0,0,0,
endpoint_template,POST /v1/:tenant/stack-instances/:id/webspaces/:id/accounts,898403,0,898403,0,898403,0,0,0,0,0,33308,0,0,865095,0,0,232,107,48,8653,0,0,488,0,168,23612,0,
endpoint_template,GET /v1/:tenant/eventing/notifications,893826,893826,0,0,0,893826,0,0,0,0,220,893606,0,0,0,0,0,204,1,0,0,0,0,6,0,0,7,"{""408"": 2}"
endpoint_template,GET /v1/:tenant/stack-instances/:id/webshield/mappings/:id/certificate,870525,870525,0,0,0,0,0,0,870525,0,39223,831302,0,0,0,0,0,80,32,39105,0,0,0,6,0,0,0,
endpoint_template,GET /v1/:tenant/stack-instances/:id/webspaces/:id,857749,857749,0,857749,0,0,0,0,0,0,2771,854978,0,0,0,0,16,97,64,305,0,0,0,0,0,2289,0,
endpoint_template,GET /v1/:tenant/stack-instances/:id/webshield/mappings/:id,780272,780272,0,0,0,0,0,0,780272,0,4792,775480,0,0,0,0,8,80,48,4588,0,0,0,63,0,0,2,"{""408"": 3}"
endpoint_template,GET /v1/:tenant/stack-instances/:id/webspaces/:id/domains,660476,660476,0,660476,0,0,0,0,0,0,193301,0,0,0,0,467175,0,80,32,190778,0,0,0,0,0,2411,0,
endpoint_template,GET /v1/:tenant/lookup/resource/:id,636611,636611,0,0,0,0,0,0,636611,0,577,636034,0,0,0,0,32,83,0,0,0,0,0,462,0,0,0,
endpoint_template,GET /v1/:tenant/stack-instances/:id,634360,634360,0,0,0,0,0,0,634360,0,46563,587797,0,0,0,0,64,226,32,46204,0,0,0,36,0,0,1,
endpoint_template,GET /v1/:tenant/stack-instances/:id/stretchspaces/:id/domains,474558,474558,0,0,0,0,0,0,474558,0,25906,0,0,0,0,448652,0,0,0,25842,0,0,0,0,0,64,0,
endpoint_template,GET /v1/:tenant/stack-instances/:id/webspaces/:id/domains/:id,457188,457188,0,457188,0,0,0,0,0,0,98675,358513,0,0,0,0,16,106,64,96552,0,0,0,0,0,1937,0,
endpoint_template,GET /kemp,377398,377398,0,0,0,0,0,377398,0,0,0,377398,0,0,0,0,0,0,0,0,0,0,0,0,0,0,0,
endpoint_template,GET /v1/:tenant/stack-instances/:id/stretchspaces/:id,333367,333367,0,0,0,0,0,0,333367,0,32898,300469,0,0,0,0,0,22259,0,10625,0,0,0,9,0,5,0,
endpoint_template,GET /v1/:tenant/:id,264780,264780,0,0,0,0,0,0,264780,0,750,264030,0,0,0,0,32,109,0,275,0,0,0,0,0,0,334,
endpoint_template,DELETE /v1/:tenant/eventing/notifications/:id,253945,0,253945,0,0,0,253945,0,0,0,113,0,0,0,253832,0,16,81,16,0,0,0,0,0,0,0,0,
endpoint_template,POST /v1/:tenant/stack-instances/:id/stretchspaces/:id/accounts,216227,0,216227,0,0,0,0,0,0,216227,21960,0,0,194267,0,0,2979,169,0,16103,0,0,591,0,3,2115,0,
endpoint_template,GET /v1/:tenant/stack-instances/:id/webshield/public-ips,196299,196299,0,0,0,0,0,0,196299,0,122,196177,0,0,0,0,0,86,32,3,0,0,0,0,0,0,0,"{""408"": 1}"
endpoint_template,POST /v1/:tenant/stack-instances/:id/redirects,191748,0,191748,0,0,0,0,0,0,191748,636,0,0,191112,0,0,238,80,48,0,183,0,0,73,0,0,10,"{""408"": 4}"
endpoint_template,POST /v1/:tenant/stack-instances,167278,0,167278,0,0,0,0,0,0,167278,324,0,166954,0,0,0,48,172,96,0,1,0,0,0,0,0,7,
endpoint_template,POST /v1/:tenant/stack-instances/:id/webshield/mappings,161006,0,161006,0,0,0,0,0,0,161006,1430,0,0,159576,0,0,1165,80,48,0,24,0,52,0,0,0,55,"{""408"": 6}"
endpoint_template,GET /v1/:tenant/stack-instances/:id/stretchspaces/:id/accounts/:id,154028,154028,0,0,0,0,0,0,154028,0,476,153552,0,0,0,0,0,104,0,362,0,0,0,0,0,10,0,
endpoint_template,GET /v1/:tenant/stack-instances/:id/databases/:id,153254,153254,0,0,0,0,0,0,153254,0,10174,143080,0,0,0,0,32,1734,96,8307,0,0,0,4,0,0,0,"{""408"": 1}"
endpoint_template,DELETE /v1/:tenant/stack-instances/:id/redirects/:id,127270,0,127270,0,0,0,0,0,0,127270,757,0,0,126513,0,0,0,80,48,2,0,0,0,578,0,0,46,"{""408"": 3}"
endpoint_template,DELETE /v1/:tenant/stack-instances/:id/webshield/mappings/:id,115509,0,115509,0,0,0,0,0,0,115509,263,21,0,115225,0,0,0,81,48,2,0,0,37,11,0,0,78,"{""408"": 6}"
endpoint_template,POST /v1/:tenant/stack-instances/:id/stretchspaces/:id/domains,113943,0,113943,0,0,0,0,0,0,113943,63346,21340,0,29257,0,0,40,0,0,0,63249,0,9,0,0,48,0,
endpoint_template,DELETE /v1/:tenant/stack-instances/:id,104790,0,104790,0,0,0,0,0,0,104790,322,0,0,0,104468,0,0,113,108,100,0,0,0,0,0,1,0,
endpoint_template,GET /v1/:tenant/stack-instances/:id/webspaces/:id/accounts/:id,85645,85645,0,85645,0,0,0,0,0,0,663,84982,0,0,0,0,16,84,64,105,0,0,0,0,0,394,0,
endpoint_template,GET /api/v1/health,76970,76970,0,0,0,0,0,76970,0,0,0,76970,0,0,0,0,0,0,0,0,0,0,0,0,0,0,0,
endpoint_template,POST /v1/:tenant/stack-instances/:id/webspaces/:id/domains,71257,0,71257,0,71257,0,0,0,0,0,8664,53056,0,9537,0,0,69,80,48,0,7679,0,10,0,20,758,0,
endpoint_template,PATCH /v1/:tenant/stack-instances/:id/webshield/mappings,59187,0,59187,0,0,0,0,0,0,59187,819,0,0,58368,0,0,106,80,48,0,0,0,583,0,0,0,0,"{""408"": 2}"
endpoint_template,GET /v1/:tenant/stack-instances/:id/stretchspaces/:id/domains/:id,53532,53532,0,0,0,0,0,0,53532,0,10018,43514,0,0,0,0,0,30,0,9986,0,0,0,0,0,2,0,
endpoint_template,GET /v1/:tenant/stack-instances/:id/databases,52647,52647,0,0,0,0,0,0,52647,0,39172,0,0,0,0,13475,65,81,32,25,0,38969,0,0,0,0,0,
endpoint_template,PUT /v1/:tenant/stack-instances/:id/stretchspaces/:id,51110,0,51110,0,0,0,0,0,0,51110,12353,131,0,38626,0,0,11797,0,0,0,300,0,47,0,0,209,0,
endpoint_template,PUT /v1/:tenant/stack-instances/:id/webshield/mappings/:id/:id/:id,50636,0,50636,0,0,0,0,0,0,50636,157,0,0,0,50479,0,0,93,48,7,0,0,0,9,0,0,0,
endpoint_template,DELETE /v1/:tenant/stack-instances/:id/webspaces/:id/domains/:id,48718,0,48718,0,48718,0,0,0,0,0,38011,0,0,10707,0,0,0,81,48,37478,0,0,8,0,9,387,0,
endpoint_template,GET /v1/:tenant/stack-instances/:id/stretchspaces/:id/accounts,47708,47708,0,0,0,0,0,0,47708,0,66,0,0,0,0,47642,2,0,0,0,0,0,0,2,0,62,0,
endpoint_template,GET /v1/:tenant/stack-instances,44009,44009,0,0,0,0,0,0,44009,0,36113,0,0,0,0,7896,79,80,32,0,0,35916,0,6,0,0,0,
endpoint_template,GET /v1/:tenant/tenant-profile,43034,43034,0,0,0,0,0,0,43034,0,3468,39566,0,0,0,0,32,3436,0,0,0,0,0,0,0,0,0,
endpoint_template,DELETE /v1/:tenant/stack-instances/:id/stretchspaces/:id/domains/:id,40010,0,40010,0,0,0,0,0,0,40010,21248,0,0,18762,0,0,0,21,0,21202,0,0,5,2,0,18,0,
endpoint_template,PUT /v1/:tenant/stack-instances/:id/webshield/mappings/:id/certificate,35239,0,35239,0,0,0,0,0,0,35239,335,0,0,34904,0,0,16,266,48,4,1,0,0,0,0,0,0,
endpoint_template,POST /v1/:tenant/stack-instances/:id/webspaces,27096,0,27096,0,27096,0,0,0,0,0,4198,0,0,22898,0,0,3856,103,48,16,50,0,3,0,5,117,0,
endpoint_template,POST /v1/:tenant/stack-instances/:id/stretchspaces,26200,0,26200,0,0,0,0,0,0,26200,7569,0,0,18631,0,0,4216,0,0,0,3218,0,95,0,0,40,0,
endpoint_template,PUT /v1/:tenant/stack-instances/:id/redirects/:id,24514,0,24514,0,0,0,0,0,0,24514,1088,0,0,23426,0,0,52,80,48,0,0,0,0,889,0,0,19,
endpoint_template,POST /v1/:tenant/stack-instances/:id/databases,23976,0,23976,0,0,0,0,0,0,23976,802,0,0,23174,0,0,384,364,54,0,0,0,0,0,0,0,0,
endpoint_template,DELETE /v1/:tenant/stack-instances/:id/webspaces/:id/accounts/:id,15571,0,15571,0,15571,0,0,0,0,0,3573,0,0,11998,0,0,0,80,48,3439,0,0,0,0,0,6,0,
endpoint_template,PUT /v1/:tenant/stack-instances/:id/webspaces/:id,12825,0,12825,0,12825,0,0,0,0,0,3110,404,0,9311,0,0,2285,105,48,0,600,0,1,0,3,68,0,
endpoint_template,GET /v1/:tenant/stack-instances/:id/webspaces/:id/locks,11812,11812,0,11812,0,0,0,0,0,0,483,11329,0,0,0,0,6,80,32,299,0,0,0,0,0,66,0,
endpoint_template,PUT /v1/:tenant/stack-instances/:id/databases/:id,9461,0,9461,0,0,0,0,0,0,9461,572,0,0,8889,0,0,444,80,48,0,0,0,0,0,0,0,0,
endpoint_template,DELETE /v1/:tenant/stack-instances/:id/webshield/mappings/:id/certificate,9022,0,9022,0,0,0,0,0,0,9022,129,0,0,8893,0,0,0,81,48,0,0,0,0,0,0,0,0,
endpoint_template,PUT /v1/:tenant/stack-instances/:id/stretchspaces/:id/domains/:id,8821,0,8821,0,0,0,0,0,0,8821,58,3363,0,5400,0,0,32,0,0,0,2,0,3,0,0,21,0,
endpoint_template,PUT /v1/:tenant/stack-instances/:id/webspaces/:id/accounts/:id,8339,0,8339,0,8339,0,0,0,0,0,481,46,0,7812,0,0,48,80,48,126,0,0,5,0,2,172,0,
endpoint_template,PUT /v1/:tenant/stack-instances/:id/stretchspaces/:id/accounts/:id,6854,0,6854,0,0,0,0,0,0,6854,230,13,0,6611,0,0,152,0,0,63,0,0,6,0,0,9,0,
endpoint_template,PUT /v1/:tenant/stack-instances/:id/databases/:id/accounts/:id,6775,0,6775,0,0,0,0,0,0,6775,301,0,0,6474,0,0,68,80,48,105,0,0,0,0,0,0,0,
endpoint_template,GET /v1/:tenant/stack-instances/:id/databases/:id/accounts,6204,6204,0,0,0,0,0,0,6204,0,448,0,0,0,0,5756,0,87,32,305,0,0,0,24,0,0,0,
endpoint_template,GET /v1/:tenant/stack-instances/:id/redirects/:id,6155,6155,0,0,0,0,0,0,6155,0,5579,576,0,0,0,0,48,80,32,5419,0,0,0,0,0,0,0,
endpoint_template,POST /v1/:tenant/stack-instances/:id/webspaces/:id/locks,5719,0,5719,0,5719,0,0,0,0,0,418,296,0,5005,0,0,90,89,48,0,0,0,3,0,2,186,0,
endpoint_template,DELETE /v1/:tenant/stack-instances/:id/databases/:id,5576,0,5576,0,0,0,0,0,0,5576,234,0,0,5342,0,0,0,149,0,85,0,0,0,0,0,0,0,
endpoint_template,GET /v1/:tenant/stack-instances/:id/webspaces,5364,5364,0,5364,0,0,0,0,0,0,408,0,0,0,0,4956,65,81,34,52,0,0,0,0,0,176,0,
endpoint_template,GET /v1/:tenant/stack-instances/:id/databases/:id/accounts/:id,5112,5112,0,0,0,0,0,0,5112,0,367,4745,0,0,0,0,32,83,96,156,0,0,0,0,0,0,0,
endpoint_template,POST /v1/:tenant/stack-instances/:id/stretchspaces/:id/locks,4791,0,4791,0,0,0,0,0,0,4791,60,89,0,4642,0,0,52,1,0,0,0,0,1,0,0,6,0,
endpoint_template,POST /v1/:tenant/stack-instances/:id/databases/:id/accounts,4359,0,4359,0,0,0,0,0,0,4359,706,0,0,3653,0,0,473,80,48,105,0,0,0,0,0,0,0,
endpoint_template,PUT /v1/:tenant/stack-instances/:id/webspaces/:id/domains/:id,3210,0,3210,0,3210,0,0,0,0,0,204,740,0,2266,0,0,48,80,48,0,0,0,2,0,0,26,0,
endpoint_template,GET /v1/:tenant/stack-instances/:id/webshield/cdn-ips,3079,3079,0,0,0,0,0,0,3079,0,112,2967,0,0,0,0,0,80,32,0,0,0,0,0,0,0,0,
endpoint_template,GET /v1/:tenant/stack-instances/:id/stretchspaces,2712,2712,0,0,0,0,0,0,2712,0,67,0,0,0,0,2645,65,0,0,0,0,0,0,0,0,2,0,
endpoint_template,POST /v1/:tenant/stack-instances/:id/databases/:id/locks,2368,0,2368,0,0,0,0,0,0,2368,196,187,0,1985,0,0,68,80,48,0,0,0,0,0,0,0,0,
endpoint_template,DELETE /v1/:tenant/stack-instances/:id/webspaces/:id,1992,0,1992,0,1992,0,0,0,0,0,57,0,0,1935,0,0,0,2,0,28,0,0,4,0,1,22,0,
endpoint_template,DELETE /v1/:tenant/stack-instances/:id/webspaces/:id/locks/:id,1863,0,1863,0,1863,0,0,0,0,0,928,0,0,935,0,0,0,80,48,730,0,0,1,0,0,69,0,
endpoint_template,DELETE /v1/:tenant/stack-instances/:id/stretchspaces/:id/accounts/:id,1782,0,1782,0,0,0,0,0,0,1782,117,0,0,1665,0,0,0,9,0,102,0,0,0,0,0,6,0,
endpoint_template,DELETE /v1/:tenant/stack-instances/:id/stretchspaces/:id,1593,0,1593,0,0,0,0,0,0,1593,46,0,0,1547,0,0,0,0,0,40,0,0,0,0,0,6,0,
endpoint_template,GET /v1/:tenant/redirect-farm,1118,1118,0,0,0,0,0,0,1118,0,80,1038,0,0,0,0,0,80,0,0,0,0,0,0,0,0,0,
endpoint_template,GET /v1/:tenant/stack-instances/:id/webspaces/:id/accounts,1107,1107,0,1107,0,0,0,0,0,0,112,0,0,0,0,995,0,80,32,0,0,0,0,0,0,0,0,
endpoint_template,DELETE /v1/:tenant/stack-instances/:id/stretchspaces/:id/locks/:id,951,0,951,0,0,0,0,0,0,951,335,0,0,616,0,0,0,0,0,334,0,0,0,0,0,1,0,
endpoint_template,DELETE /v1/:tenant/stack-instances/:id/databases/:id/accounts/:id,910,0,910,0,0,0,0,0,0,910,144,0,0,766,0,0,0,80,48,16,0,0,0,0,0,0,0,
endpoint_template,PUT /v1/:tenant/stack-instances/:id/webshield/mappings,851,0,851,0,0,0,0,0,0,851,232,0,0,619,0,0,80,80,48,0,0,0,24,0,0,0,0,
endpoint_template,PUT /v1/:tenant/verify-domain/:id,841,0,841,0,0,0,0,0,0,841,214,627,0,0,0,0,0,80,48,86,0,0,0,0,0,0,0,
endpoint_template,POST /v1/:tenant/stack-instances/:id/stretchspaces/import,490,0,490,0,0,0,0,0,0,490,338,0,0,152,0,0,176,88,74,0,0,0,0,0,0,0,0,
endpoint_template,POST /v1/:tenant/stack-instances/:id/stretchspaces/:id/accounts/import,443,0,443,0,0,0,0,0,0,443,197,0,0,246,0,0,140,0,0,0,57,0,0,0,0,0,0,
endpoint_template,POST /v1/:tenant/stack-instances/:id/webshield/:id,319,0,319,0,0,0,0,0,0,319,183,0,0,136,0,0,16,80,48,0,13,0,26,0,0,0,0,
endpoint_template,DELETE /v1/:tenant/stack-instances/:id/databases/:id/locks/:id,300,0,300,0,0,0,0,0,0,300,174,0,0,126,0,0,0,80,48,46,0,0,0,0,0,0,0,
endpoint_template,GET /v1/:tenant/stack-instances/:id/redirects,274,274,0,0,0,0,0,0,274,0,129,0,0,0,0,145,0,80,32,17,0,0,0,0,0,0,0,
endpoint_template,GET /v1/:tenant/stack-instances/:id/databases/:id/locks,256,256,0,0,0,0,0,0,256,0,112,0,0,0,0,144,0,80,32,0,0,0,0,0,0,0,0,
endpoint_template,PUT /v1/:tenant/stack-instances/:id,234,0,234,0,0,0,0,0,0,234,136,98,0,0,0,0,8,80,48,0,0,0,0,0,0,0,0,
endpoint_template,POST /v1/:tenant/stack-instances/:id/web-analytics-profiles,226,0,226,0,0,0,0,0,0,226,48,0,178,0,0,0,32,0,0,0,16,0,0,0,0,0,0,
endpoint_template,GET /v1/:tenant/stack-instances/:id/webshield/:id,197,197,0,0,0,0,0,0,197,0,112,85,0,0,0,0,0,80,32,0,0,0,0,0,0,0,0,
endpoint_template,DELETE /v1/:tenant/stack-instances/:id/webshield/:id/:id,196,0,196,0,0,0,0,0,0,196,154,0,0,42,0,0,0,80,48,0,26,0,0,0,0,0,0,
endpoint_template,GET /v1/:tenant/stack-instances/:id/web-analytics-profiles/:id,175,175,0,0,0,0,0,0,175,0,42,133,0,0,0,0,0,0,0,42,0,0,0,0,0,0,0,
endpoint_template,GET /v1/:tenant/stack-instances/:id/webshield/:id/:id,170,170,0,0,0,0,0,0,170,0,157,13,0,0,0,0,0,80,32,45,0,0,0,0,0,0,0,
endpoint_template,GET /v1/:tenant/stack-instances/:id/stretchspaces/:id/locks,154,154,0,0,0,0,0,0,154,0,2,152,0,0,0,0,2,0,0,0,0,0,0,0,0,0,0,
endpoint_template,GET /v1/:tenant/stack-instances/:id/databases/:id/locks/:id,144,144,0,0,0,0,0,0,144,0,144,0,0,0,0,0,0,80,32,32,0,0,0,0,0,0,0,
endpoint_template,GET /v1/:tenant/stack-instances/:id/webspaces/:id/locks/:id,144,144,0,144,0,0,0,0,0,0,144,0,0,0,0,0,0,80,32,32,0,0,0,0,0,0,0,
endpoint_template,GET /v1/:tenant/stack-instances/:id/web-analytics-profiles,80,80,0,0,0,0,0,0,80,0,16,64,0,0,0,0,0,0,0,16,0,0,0,0,0,0,0,
endpoint_template,PUT /v1/:tenant/stack-instances/:id/web-analytics-profiles/:id,68,0,68,0,0,0,0,0,0,68,16,52,0,0,0,0,0,0,0,16,0,0,0,0,0,0,0,
endpoint_template,DELETE /v1/:tenant/stack-instances/:id/web-analytics-profiles/:id,55,0,55,0,0,0,0,0,0,55,29,0,0,0,26,0,0,0,0,16,13,0,0,0,0,0,0,
endpoint_template,PUT /v1/:tenant/stack-instances/:id/webshield/mappings/:id/:id,52,0,52,0,0,0,0,0,0,52,0,0,0,52,0,0,0,0,0,0,0,0,0,0,0,0,0,
endpoint_template,GET /v1/:tenant/stack-instances/:id/webshield/mappings/:id/:id,41,41,0,0,0,0,0,0,41,0,28,13,0,0,0,0,0,0,0,28,0,0,0,0,0,0,0,
endpoint_template,GET /v1/:tenant/stack-instances/:id/webspaces/:id/:id,27,27,0,27,0,0,0,0,0,0,0,27,0,0,0,0,0,0,0,0,0,0,0,0,0,0,0,
endpoint_template,PUT /v1/:tenant/stack-instances/:id/webspaces,16,0,16,0,16,0,0,0,0,0,16,0,0,0,0,0,0,0,0,0,0,0,0,0,0,0,0,"{""405"": 16}"
endpoint_template,DELETE /v1/:tenant/stack-instances/:id/webshield/mappings/:id/:id,13,0,13,0,0,0,0,0,0,13,0,0,0,13,0,0,0,0,0,0,0,0,0,0,0,0,0,
endpoint_template,DELETE /v1/:tenant/stack-instances/:id/webshield/mappings,8,0,8,0,0,0,0,0,0,8,8,0,0,0,0,0,0,0,0,0,0,0,0,0,0,0,0,"{""405"": 8}"
endpoint_template,GET /v1/:tenant/resource/:id,4,4,0,0,0,0,0,0,4,0,4,0,0,0,0,0,0,1,0,3,0,0,0,0,0,0,0,
endpoint_template,GET /v1/:tenant/lookup/:id,3,3,0,0,0,0,0,0,3,0,3,0,0,0,0,0,0,0,0,3,0,0,0,0,0,0,0,
endpoint_template,GET /v1/:tenant/resource,2,2,0,0,0,0,0,0,2,0,2,0,0,0,0,0,0,1,0,1,0,0,0,0,0,0,0,
endpoint_template,GET /:id/:id/:id,1,1,0,0,0,0,0,0,1,0,1,0,0,0,0,0,0,1,0,0,0,0,0,0,0,0,0,
endpoint_template,GET /v1/:tenant/lookup/resource,1,1,0,0,0,0,0,0,1,0,1,0,0,0,0,0,0,0,0,1,0,0,0,0,0,0,0,
endpoint_template,GET /v1/:tenant/stack-instances/:id/stretchspaces/:id/:id,1,1,0,0,0,0,0,0,1,0,1,0,0,0,0,0,0,0,0,1,0,0,0,0,0,0,0,
local_day,2026-09-25,4172882,3229290,943592,337457,175253,1427908,509556,70389,1393536,258783,128122,,,,,,,,,,,,,,,,,
local_day,2026-09-24,3933327,2957328,975999,375120,214286,1239958,486355,62355,1279895,275358,189465,,,,,,,,,,,,,,,,,
local_day,2026-09-28,3695228,2990010,705218,343023,167525,1167803,276279,70417,1408767,261414,133868,,,,,,,,,,,,,,,,,
local_day,2026-09-29,3654077,2979980,674097,308048,151471,1150429,251554,70383,1451120,271072,131474,,,,,,,,,,,,,,,,,
local_day,2026-09-26,3522852,2829194,693658,305893,164930,1181669,299563,70368,1271264,229165,102833,,,,,,,,,,,,,,,,,
local_day,2026-09-27,3394014,2791295,602719,296064,154461,1158054,256684,70369,1266808,191574,106957,,,,,,,,,,,,,,,,,
local_day,2026-09-30,1376034,1149059,226975,113698,66926,427899,75217,27206,580256,84832,85161,,,,,,,,,,,,,,,,,
local_day,2026-09-23,31205,25491,5714,209,157,4039,1753,12881,8362,3804,434,,,,,,,,,,,,,,,,,
local_hour,2026-09-24T14,228153,176832,51321,23563,2577,66459,28161,2931,83879,20583,13395,,,,,,,,,,,,,,,,,
local_hour,2026-09-24T16,228140,166336,61804,24941,12093,66013,30135,2929,72453,19576,8712,,,,,,,,,,,,,,,,,
local_hour,2026-09-24T19,226320,166902,59418,28814,20650,62168,24323,2926,72994,14445,8971,,,,,,,,,,,,,,,,,
local_hour,2026-09-24T22,226240,173102,53138,29043,14599,66107,25050,2931,75021,13489,9129,,,,,,,,,,,,,,,,,
local_hour,2026-09-24T17,223225,160952,62273,27444,18671,65208,29830,2927,65373,13772,8113,,,,,,,,,,,,,,,,,
local_hour,2026-09-24T13,220944,175710,45234,23889,2672,61376,19360,2923,87522,23202,11355,,,,,,,,,,,,,,,,,
local_hour,2026-09-24T18,214054,154203,59851,25315,20056,63432,27675,2931,62525,12120,8336,,,,,,,,,,,,,,,,,
local_hour,2026-09-25T09,209144,146071,63073,13343,22960,64090,24479,2931,65707,15634,4753,,,,,,,,,,,,,,,,,
local_hour,2026-09-25T10,203590,150395,53195,14648,15195,64729,24639,2939,68079,13361,6805,,,,,,,,,,,,,,,,,
local_hour,2026-09-24T15,203440,156612,46828,18344,4194,60356,22472,2930,74982,20162,10727,,,,,,,,,,,,,,,,,
local_hour,2026-09-24T21,201550,151371,50179,34421,22204,55000,18358,2929,59021,9617,17789,,,,,,,,,,,,,,,,,
local_hour,2026-09-28T11,200644,151044,49600,21169,13303,58453,18237,2937,68485,18060,7760,,,,,,,,,,,,,,,,,
local_hour,2026-09-24T08,198907,134821,64086,9819,23288,65870,30023,2928,56204,10775,4730,,,,,,,,,,,,,,,,,
local_hour,2026-09-25T03,196770,137673,59097,22778,20262,64468,29214,2940,47487,9621,3006,,,,,,,,,,,,,,,,,
local_hour,2026-09-24T12,196136,155423,40713,18434,3187,59561,18206,2939,74489,19320,10711,,,,,,,,,,,,,,,,,
local_hour,2026-09-25T08,194375,138999,55376,15075,15382,61394,22406,2929,59601,17588,4643,,,,,,,,,,,,,,,,,
local_hour,2026-09-25T06,194138,140344,53794,21745,19787,64046,25795,2943,51610,8212,3544,,,,,,,,,,,,,,,,,
local_hour,2026-09-28T15,193813,146151,47662,20061,12408,57314,19846,2935,65841,15408,7408,,,,,,,,,,,,,,,,,
local_hour,2026-09-28T14,193677,148856,44821,20753,12531,55993,18297,2937,69173,13993,6735,,,,,,,,,,,,,,,,,
local_hour,2026-09-29T11,193190,147747,45443,20448,11903,54164,16052,2935,70200,17488,7331,,,,,,,,,,,,,,,,,
local_hour,2026-09-25T02,193123,149090,44033,33310,14070,60943,23401,2929,51908,6562,8449,,,,,,,,,,,,,,,,,
local_hour,2026-09-24T11,192234,149637,42597,19729,5789,58178,18292,2942,68788,18516,8984,,,,,,,,,,,,,,,,,
local_hour,2026-09-25T04,192196,135924,56272,23262,21348,62537,25133,2952,47173,9791,7761,,,,,,,,,,,,,,,,,
local_hour,2026-09-25T13,190893,145217,45676,12035,2442,62946,24467,2933,67303,18767,5595,,,,,,,,,,,,,,,,,
local_hour,2026-09-28T13,190288,148361,41927,21147,12745,54275,16875,2932,70007,12307,6749,,,,,,,,,,,,,,,,,
local_hour,2026-09-28T12,189430,144871,44559,21385,13521,55308,16921,2934,65244,14117,7345,,,,,,,,,,,,,,,,,
local_hour,2026-09-24T10,188210,146902,41308,17247,3832,60764,24860,2938,65953,12616,6909,,,,,,,,,,,,,,,,,
local_hour,2026-09-29T08,187844,146735,41109,18980,11733,50765,12467,2925,74065,16909,6802,,,,,,,,,,,,,,,,,
local_hour,2026-09-25T11,187331,143672,43659,11526,2463,64450,26291,2935,64761,14905,7355,,,,,,,,,,,,,,,,,
local_hour,2026-09-28T10,186023,144005,42018,22220,14144,51805,13813,2937,67043,14061,6602,,,,,,,,,,,,,,,,,
local_hour,2026-09-29T13,185968,144735,41233,18969,13594,52661,14589,2925,70180,13050,7269,,,,,,,,,,,,,,,,,
local_hour,2026-09-29T12,184571,141090,43481,18490,13323,52852,15326,2929,66819,14832,7757,,,,,,,,,,,,,,,,,
local_hour,2026-09-29T10,184441,142574,41867,19330,11431,51583,13582,2940,68721,16854,6822,,,,,,,,,,,,,,,,,
local_hour,2026-09-29T14,183805,144383,39422,17656,12915,51529,12766,2942,72256,13741,7910,,,,,,,,,,,,,,,,,
local_hour,2026-09-29T09,181971,141565,40406,19151,12065,51223,13043,2927,68264,15298,7031,,,,,,,,,,,,,,,,,
local_hour,2026-09-30T00,181207,156980,24227,5883,1105,55498,7249,2927,92672,15873,8255,,,,,,,,,,,,,,,,,
local_hour,2026-09-28T16,180383,137892,42491,19831,11986,51670,15386,2929,63462,15119,7533,,,,,,,,,,,,,,,,,
local_hour,2026-09-25T00,180122,147422,32700,15576,1733,60840,19258,2923,68083,11709,9171,,,,,,,,,,,,,,,,,
local_hour,2026-09-24T20,179937,128315,51622,11082,21808,53477,15031,2925,60831,14783,29318,,,,,,,,,,,,,,,,,
local_hour,2026-09-25T05,179515,128850,50665,20100,20105,60049,24268,2931,45770,6292,3186,,,,,,,,,,,,,,,,,
local_hour,2026-09-28T09,179236,137832,41404,21341,12727,52822,16074,2948,60721,12603,8023,,,,,,,,,,,,,,,,,
local_hour,2026-09-25T16,176185,140231,35954,10421,1488,61251,22734,2927,65632,11732,6023,,,,,,,,,,,,,,,,,
local_hour,2026-09-25T12,176085,136148,39937,10106,1429,63346,25564,2929,59767,12944,5694,,,,,,,,,,,,,,,,,
local_hour,2026-09-25T14,175331,137686,37645,11268,1203,60969,23155,2938,62511,13287,7186,,,,,,,,,,,,,,,,,
local_hour,2026-09-30T07,174844,132831,42013,19659,15065,46781,10886,2941,63450,16062,8345,,,,,,,,,,,,,,,,,
local_hour,2026-09-27T10,173999,132963,41036,19938,13239,52344,13284,2937,57744,14513,5454,,,,,,,,,,,,,,,,,
local_hour,2026-09-27T12,173855,135904,37951,18575,12263,52544,15821,2932,61853,9867,5576,,,,,,,,,,,,,,,,,
local_hour,2026-09-24T07,172721,122334,50387,7716,13194,64533,27962,2942,47143,9231,5987,,,,,,,,,,,,,,,,,
local_hour,2026-09-27T14,172645,133191,39454,19853,11924,54125,18072,2933,56280,9458,6223,,,,,,,,,,,,,,,,,
local_hour,2026-09-25T01,171706,140288,31418,18479,885,61399,22990,2936,57474,7543,6983,,,,,,,,,,,,,,,,,
local_hour,2026-09-26T06,171318,126341,44977,15875,10613,53618,18662,2942,53906,15702,2440,,,,,,,,,,,,,,,,,
local_hour,2026-09-24T09,170951,133831,37120,11987,5199,61381,23528,2934,57529,8393,5038,,,,,,,,,,,,,,,,,
local_hour,2026-09-27T11,169876,134526,35350,17620,11918,52403,14705,2933,61570,8727,4911,,,,,,,,,,,,,,,,,
local_hour,2026-09-24T23,168766,138302,30464,14864,718,60162,21165,2926,60350,8581,6663,,,,,,,,,,,,,,,,,
local_hour,2026-09-25T17,168175,135980,32195,9837,1202,59856,20864,2926,63361,10129,5080,,,,,,,,,,,,,,,,,
local_hour,2026-09-25T15,168043,133755,34288,10199,949,59932,22216,2929,60695,11123,6460,,,,,,,,,,,,,,,,,
local_hour,2026-09-29T15,166930,136494,30436,11734,3662,53922,13440,2932,67906,13334,7875,,,,,,,,,,,,,,,,,
local_hour,2026-09-27T15,166883,130262,36621,17416,12013,56023,16545,2927,53896,8063,4516,,,,,,,,,,,,,,,,,
local_hour,2026-09-26T05,166209,122032,44177,13257,9476,51439,17335,2931,54405,17366,2521,,,,,,,,,,,,,,,,,
local_hour,2026-09-26T12,164717,127275,37442,17961,12319,50734,13049,2930,55650,12074,4257,,,,,,,,,,,,,,,,,
local_hour,2026-09-25T07,164554,126411,38143,10202,5423,60354,20379,2942,52913,12341,3794,,,,,,,,,,,,,,,,,
local_hour,2026-09-28T07,164521,125132,39389,17753,12892,49474,13507,2940,54965,12990,4510,,,,,,,,,,,,,,,,,
local_hour,2026-09-27T13,164083,128362,35721,17688,13049,54476,14914,2927,53271,7758,5186,,,,,,,,,,,,,,,,,
local_hour,2026-09-26T11,163979,129262,34717,17639,11690,53502,12684,2934,55187,10343,4587,,,,,,,,,,,,,,,,,
local_hour,2026-09-26T16,163412,127620,35792,16437,10634,48877,12816,2925,59381,12342,4166,,,,,,,,,,,,,,,,,
local_hour,2026-09-29T16,162693,133082,29611,10385,3279,51797,12618,2926,67974,13714,7294,,,,,,,,,,,,,,,,,
local_hour,2026-09-26T15,162002,125292,36710,19359,12333,50211,14657,2927,52795,9720,6007,,,,,,,,,,,,,,,,,
local_hour,2026-09-30T08,161188,128641,32547,19619,12929,46425,9852,2928,59669,9766,7502,,,,,,,,,,,,,,,,,
local_hour,2026-09-24T06,160279,119522,40757,9293,5889,63760,28414,2944,43525,6454,3976,,,,,,,,,,,,,,,,,
local_hour,2026-09-27T09,160216,125089,35127,18805,12414,51408,13125,2932,51944,9588,4353,,,,,,,,,,,,,,,,,
local_hour,2026-09-26T00,160123,134151,25972,7698,1513,53762,12625,2926,69765,11834,8028,,,,,,,,,,,,,,,,,
local_hour,2026-09-26T07,159158,121018,38140,17234,11800,52807,17387,2939,48038,8953,3605,,,,,,,,,,,,,,,,,
local_hour,2026-09-24T05,158491,118548,39943,12213,8283,59945,25564,2930,43460,6096,3074,,,,,,,,,,,,,,,,,
local_hour,2026-09-28T08,157922,124858,33064,18177,11747,48801,12559,2930,54950,8758,4198,,,,,,,,,,,,,,,,,
local_hour,2026-09-29T07,157575,120930,36645,17252,12425,49598,14090,2943,51137,10130,4388,,,,,,,,,,,,,,,,,
local_hour,2026-09-28T06,154910,119644,35266,15305,10275,47472,11855,2943,53924,13136,4364,,,,,,,,,,,,,,,,,
local_hour,2026-09-30T06,153219,123159,30060,15678,13507,45690,8844,2941,58850,7709,10272,,,,,,,,,,,,,,,,,
local_hour,2026-09-26T09,152821,119233,33588,17582,13626,49655,13632,2929,49067,6330,4884,,,,,,,,,,,,,,,,,
local_hour,2026-09-26T10,152817,119510,33307,17056,11870,50008,13999,2937,49509,7438,3698,,,,,,,,,,,,,,,,,
local_hour,2026-09-27T07,152546,118323,34223,16395,12127,49786,14143,2940,49202,7953,3874,,,,,,,,,,,,,,,,,
local_hour,2026-09-27T08,150456,119642,30814,16408,11500,49891,12227,2925,50418,7087,3205,,,,,,,,,,,,,,,,,
local_hour,2026-09-26T14,150424,119291,31133,17752,11911,49499,12969,2932,49108,6253,4538,,,,,,,,,,,,,,,,,
local_hour,2026-09-24T04,150130,113602,36528,5760,4018,61509,24011,2950,43383,8499,6822,,,,,,,,,,,,,,,,,
local_hour,2026-09-25T20,149499,124317,25182,10039,700,55434,15190,2932,55912,9292,4236,,,,,,,,,,,,,,,,,
local_hour,2026-09-26T08,149377,117250,32127,17627,14635,47771,11480,2929,48923,6012,2991,,,,,,,,,,,,,,,,,
local_hour,2026-09-26T03,148589,113821,34768,11769,6101,50446,15861,2940,48666,12806,3704,,,,,,,,,,,,,,,,,
local_hour,2026-09-27T16,148506,120469,28037,12967,7163,49400,12689,2926,55176,8185,5858,,,,,,,,,,,,,,,,,
local_hour,2026-09-26T13,147257,117821,29436,17629,11648,48343,12070,2926,48923,5718,3947,,,,,,,,,,,,,,,,,
local_hour,2026-09-26T04,147076,113261,33815,10023,5489,50920,16636,2953,49365,11690,4009,,,,,,,,,,,,,,,,,
local_hour,2026-09-25T22,146524,122800,23724,8239,1588,51185,12565,2930,60446,9571,3567,,,,,,,,,,,,,,,,,
local_hour,2026-09-29T17,146014,122295,23719,9925,3499,47314,9243,2928,62128,10977,5323,,,,,,,,,,,,,,,,,
local_hour,2026-09-28T19,145573,124592,20981,10768,1298,47059,9146,2927,63838,10537,6089,,,,,,,,,,,,,,,,,
local_hour,2026-09-28T18,145421,125261,20160,11734,1154,46320,9172,2926,64281,9834,6002,,,,,,,,,,,,,,,,,
local_hour,2026-09-28T17,145092,122276,22816,9624,1719,47169,9556,2926,62557,11541,6197,,,,,,,,,,,,,,,,,
local_hour,2026-09-30T05,144880,123814,21066,12776,9187,47287,7165,2934,60817,4714,10763,,,,,,,,,,,,,,,,,
local_hour,2026-09-29T22,144715,122771,21944,8187,2064,47466,8539,2931,64187,11341,4854,,,,,,,,,,,,,,,,,
local_hour,2026-09-29T06,144457,114583,29874,15411,10202,46832,11345,2943,49397,8327,3386,,,,,,,,,,,,,,,,,
local_hour,2026-09-27T00,144229,126524,17705,6154,1851,48976,4229,2927,68467,11625,4572,,,,,,,,,,,,,,,,,
local_hour,2026-09-25T19,144029,121871,22158,9937,1005,53225,13164,2927,55782,7989,4057,,,,,,,,,,,,,,,,,
local_hour,2026-09-25T18,142182,119360,22822,9772,979,51154,13793,2927,55507,8050,4393,,,,,,,,,,,,,,,,,
local_hour,2026-09-26T02,141641,114224,27417,9908,3575,48540,14258,2931,52845,9584,3003,,,,,,,,,,,,,,,,,
local_hour,2026-09-26T17,141334,117435,23899,8942,1836,45197,8625,2927,60369,13438,3871,,,,,,,,,,,,,,,,,
local_hour,2026-09-26T01,140168,115552,24616,7260,748,50646,15970,2935,54711,7898,5024,,,,,,,,,,,,,,,,,
local_hour,2026-09-29T20,139932,118607,21325,9024,1952,46953,8971,2931,59699,10402,5609,,,,,,,,,,,,,,,,,
local_hour,2026-09-25T23,139235,116196,23039,6952,1944,50847,15237,2928,55469,5858,2994,,,,,,,,,,,,,,,,,
local_hour,2026-09-29T18,139093,119688,19405,9334,1866,46412,8561,2927,61015,8978,5551,,,,,,,,,,,,,,,,,
local_hour,2026-09-28T20,138822,117917,20905,9262,815,47070,9411,2932,58653,10679,5534,,,,,,,,,,,,,,,,,
local_hour,2026-09-28T22,138413,118970,19443,7933,1140,47127,8762,2932,60978,9541,4639,,,,,,,,,,,,,,,,,
local_hour,2026-09-29T00,138077,119953,18124,7162,2059,47783,6449,2929,62079,9616,4132,,,,,,,,,,,,,,,,,
local_hour,2026-09-29T19,136494,117429,19065,8895,855,46202,8757,2927,59405,9453,4656,,,,,,,,,,,,,,,,,
local_hour,2026-09-28T03,135554,109664,25890,11216,6765,45135,9288,2941,50372,9837,5230,,,,,,,,,,,,,,,,,
local_hour,2026-09-29T03,135256,109941,25315,13054,4689,44059,9184,2941,49887,11442,4761,,,,,,,,,,,,,,,,,
local_hour,2026-09-27T17,133449,113428,20021,7641,1018,46521,9153,2926,56340,9850,6352,,,,,,,,,,,,,,,,,
local_hour,2026-09-27T20,133217,113205,20012,7423,541,46492,8802,2930,56360,10669,5093,,,,,,,,,,,,,,,,,
local_hour,2026-09-27T06,133021,107153,25868,13148,8795,46873,12049,2941,44191,5024,2646,,,,,,,,,,,,,,,,,
local_hour,2026-09-30T04,132947,115417,17530,11290,4054,44112,6747,2953,57062,6729,11155,,,,,,,,,,,,,,,,,
local_hour,2026-09-28T21,132395,114096,18299,7976,841,45296,8427,2927,57897,9031,4043,,,,,,,,,,,,,,,,,
local_hour,2026-09-29T21,131821,113256,18565,8164,1489,45458,8490,2930,56704,8586,3626,,,,,,,,,,,,,,,,,
local_hour,2026-09-28T23,131070,113903,17167,8514,812,46024,8289,2927,56438,8066,5441,,,,,,,,,,,,,,,,,
local_hour,2026-09-30T03,130467,110814,19653,10547,4426,42979,8431,2942,54346,6796,8252,,,,,,,,,,,,,,,,,
local_hour,2026-09-25T21,130137,110590,19547,8608,711,48464,12354,2933,50585,6482,3387,,,,,,,,,,,,,,,,,
local_hour,2026-09-27T22,128745,110193,18552,6992,1480,46487,8539,2930,53784,8533,3946,,,,,,,,,,,,,,,,,
local_hour,2026-09-27T03,128616,106369,22247,10732,5271,45185,9654,2940,47512,7322,3039,,,,,,,,,,,,,,,,,
local_hour,2026-09-27T19,128553,111635,16918,8328,667,45488,8075,2928,54891,8176,5616,,,,,,,,,,,,,,,,,
local_hour,2026-09-27T21,127570,109919,17651,7480,725,45662,8441,2929,53848,8485,3796,,,,,,,,,,,,,,,,,
local_hour,2026-09-29T05,126818,105663,21155,11241,6797,43437,8716,2930,48055,5642,2926,,,,,,,,,,,,,,,,,
local_hour,2026-09-26T18,126508,111005,15503,7738,536,49652,8548,2928,50687,6419,4501,,,,,,,,,,,,,,,,,
local_hour,2026-09-30T01,125951,111243,14708,5388,683,44196,6495,2936,58723,7530,9391,,,,,,,,,,,,,,,,,
local_hour,2026-09-26T22,125621,109823,15798,6659,491,47449,7606,2931,52784,7701,4788,,,,,,,,,,,,,,,,,
local_hour,2026-09-29T23,125553,109278,16275,6928,1144,45240,7884,2925,54185,7247,3234,,,,,,,,,,,,,,,,,
local_hour,2026-09-28T00,125217,111860,13357,5651,601,46298,4222,2927,56984,8534,2819,,,,,,,,,,,,,,,,,
local_hour,2026-09-27T18,125108,108710,16398,7544,1086,44845,7905,2927,53394,7407,4649,,,,,,,,,,,,,,,,,
local_hour,2026-09-26T21,124699,108681,16018,6769,523,45630,7390,2931,53351,8105,3774,,,,,,,,,,,,,,,,,
local_hour,2026-09-30T02,124550,110412,14138,7829,2402,41848,6024,2929,57806,5712,9049,,,,,,,,,,,,,,,,,
local_hour,2026-09-28T05,123778,103505,20273,12017,6359,42970,8413,2931,45587,5501,3354,,,,,,,,,,,,,,,,,
local_hour,2026-09-26T20,123537,107332,16205,8258,475,44802,7553,2929,51343,8177,5547,,,,,,,,,,,,,,,,,
local_hour,2026-09-29T02,122769,104175,18594,10208,2826,40853,5992,2932,50182,9776,3471,,,,,,,,,,,,,,,,,
local_hour,2026-09-29T04,122433,102888,19545,10367,4908,42464,7804,2952,47105,6833,5543,,,,,,,,,,,,,,,,,
local_hour,2026-09-26T19,122147,106875,15272,7084,583,45119,7922,2928,51744,6767,3845,,,,,,,,,,,,,,,,,
local_hour,2026-09-28T04,121277,102193,19084,10028,4436,42711,7706,2954,46500,6942,5831,,,,,,,,,,,,,,,,,
local_hour,2026-09-27T23,119173,106234,12939,7027,774,46902,6970,2928,49377,5195,3053,,,,,,,,,,,,,,,,,
local_hour,2026-09-27T05,118368,100718,17650,10474,5544,43436,8709,2933,43875,3397,2292,,,,,,,,,,,,,,,,,
local_hour,2026-09-26T23,117918,105089,12829,8377,505,43042,5829,2928,50742,6495,5098,,,,,,,,,,,,,,,,,
local_hour,2026-09-27T04,116860,99162,17698,9766,5078,42611,7886,2952,43833,4734,5538,,,,,,,,,,,,,,,,,
local_hour,2026-09-27T02,116310,101952,14358,10235,2592,44322,6733,2930,44465,5033,3617,,,,,,,,,,,,,,,,,
local_hour,2026-09-28T02,114613,99737,14876,10457,2757,41346,6729,2931,45003,5390,3500,,,,,,,,,,,,,,,,,
local_hour,2026-09-29T01,111657,100118,11539,7753,791,39862,3646,2933,49570,7102,3923,,,,,,,,,,,,,,,,,
local_hour,2026-09-27T01,107730,97362,10368,7455,1429,41854,4014,2936,45117,4925,3592,,,,,,,,,,,,,,,,,
local_hour,2026-09-28T01,107156,97390,9766,8701,549,39891,3788,2934,45864,5429,3962,,,,,,,,,,,,,,,,,
local_hour,2026-09-30T09,46781,35748,11033,5029,3568,13083,3524,775,16861,3941,2177,,,,,,,,,,,,,,,,,
local_hour,2026-09-24T03,13415,6720,6695,985,1156,2843,2577,931,1961,2962,404,,,,,,,,,,,,,,,,,
local_hour,2026-09-23T20,6078,3275,2803,16,17,1053,877,924,1282,1909,339,,,,,,,,,,,,,,,,,
local_hour,2026-09-24T01,5352,3112,2240,140,126,990,835,923,1059,1279,187,,,,,,,,,,,,,,,,,
local_hour,2026-09-24T02,3401,2408,993,20,20,572,391,924,892,582,71,,,,,,,,,,,,,,,,,
local_hour,2026-09-23T22,3381,2389,992,20,20,568,387,924,877,585,71,,,,,,,,,,,,,,,,,
local_hour,2026-09-23T21,2864,2171,693,52,48,487,216,922,710,429,12,,,,,,,,,,,,,,,,,
local_hour,2026-09-24T00,2331,1831,500,57,63,294,132,922,558,305,64,,,,,,,,,,,,,,,,,
local_hour,2026-09-23T19,2092,1766,326,38,23,281,127,920,527,176,0,,,,,,,,,,,,,,,,,
local_hour,2026-09-23T14,2026,1737,289,32,17,266,112,918,521,160,0,,,,,,,,,,,,,,,,,
local_hour,2026-09-23T10,1791,1644,147,16,16,179,31,916,533,100,12,,,,,,,,,,,,,,,,,
local_hour,2026-09-23T15,1645,1578,67,2,2,162,0,920,494,65,0,,,,,,,,,,,,,,,,,
local_hour,2026-09-23T16,1644,1571,73,2,2,158,3,920,491,68,0,,,,,,,,,,,,,,,,,
local_hour,2026-09-23T17,1631,1577,54,2,2,147,0,920,508,52,0,,,,,,,,,,,,,,,,,
local_hour,2026-09-23T11,1619,1565,54,21,2,148,0,920,476,52,0,,,,,,,,,,,,,,,,,
local_hour,2026-09-23T13,1610,1556,54,2,2,146,0,920,488,52,0,,,,,,,,,,,,,,,,,
local_hour,2026-09-23T18,1610,1556,54,2,2,148,0,918,488,52,0,,,,,,,,,,,,,,,,,
local_hour,2026-09-23T23,1610,1556,54,2,2,148,0,919,487,52,0,,,,,,,,,,,,,,,,,
local_hour,2026-09-23T12,1604,1550,54,2,2,148,0,920,480,52,0,,,,,,,,,,,,,,,,,
url_tenant_endpoint,base_worldforyou | GET /v1/:tenant/stack-instances/:id/webshield/mappings,3718200,3718200,0,0,0,0,0,0,3718200,0,11,3718189,0,0,0,0,0,9,0,0,0,0,0,1,0,0,0,"{""408"": 1}"
url_tenant_endpoint,OneAndOne | POST /v1/:tenant/stack-instances/:id/webspaces/:id/accounts,824271,0,824271,0,824271,0,0,0,0,0,25374,0,0,798897,0,0,0,22,0,2157,0,0,457,0,128,22610,0,
url_tenant_endpoint,base_worldforyou | GET /v1/:tenant/stack-instances/:id/webshield/mappings/:id/certificate,750214,750214,0,0,0,0,0,0,750214,0,33,750181,0,0,0,0,0,0,0,33,0,0,0,0,0,0,0,
url_tenant_endpoint,OneAndOne | GET /v1/:tenant/stack-instances/:id/webspaces/:id,736704,736704,0,736704,0,0,0,0,0,0,628,736076,0,0,0,0,0,10,0,163,0,0,0,0,0,455,0,
url_tenant_endpoint,OneAndOne | GET /v1/:tenant/eventing/notifications/history,686394,686394,0,0,0,686394,0,0,0,0,20,686374,0,0,0,0,0,19,0,0,0,0,0,0,0,0,0,"{""408"": 1}"
url_tenant_endpoint,OneAndOne | GET /v1/:tenant/stack-instances/:id/webspaces/:id/domains,660244,660244,0,660244,0,0,0,0,0,0,193125,0,0,0,0,467119,0,0,0,190714,0,0,0,0,0,2411,0,
url_tenant_endpoint,OneAndOne | PUT /v1/:tenant/eventing/notifications/history/pointer/:id,648164,0,648164,0,0,0,648164,0,0,0,4,0,0,0,648160,0,0,4,0,0,0,0,0,0,0,0,0,
url_tenant_endpoint,mgmt | GET /v1/:tenant/lookup/resource/:id,636611,636611,0,0,0,0,0,0,636611,0,577,636034,0,0,0,0,32,83,0,0,0,0,0,462,0,0,0,
url_tenant_endpoint,base_fasthosts | GET /v1/:tenant/eventing/notifications/history,605273,605273,0,0,0,605273,0,0,0,0,29,605244,0,0,0,0,0,29,0,0,0,0,0,0,0,0,0,
url_tenant_endpoint,base_fasthosts | PUT /v1/:tenant/eventing/notifications/history/pointer/:id,564171,0,564171,0,0,0,564171,0,0,0,8,0,0,0,564163,0,0,8,0,0,0,0,0,0,0,0,0,
url_tenant_endpoint,base_strato | GET /v1/:tenant/eventing/notifications/history,544382,544382,0,0,0,544382,0,0,0,0,70,544312,0,0,0,0,0,32,0,0,0,0,0,38,0,0,0,
url_tenant_endpoint,OneAndOne | GET /v1/:tenant/stack-instances/:id/stretchspaces/:id/domains,474400,474400,0,0,0,0,0,0,474400,0,25906,0,0,0,0,448494,0,0,0,25842,0,0,0,0,0,64,0,
url_tenant_endpoint,base_ionoscloud | GET /v1/:tenant/stack-instances/:id,427351,427351,0,0,0,0,0,0,427351,0,0,427351,0,0,0,0,0,0,0,0,0,0,0,0,0,0,0,
url_tenant_endpoint,base_ionoscloud | GET /v1/:tenant/stack-instances/:id/webshield/mappings/:id,427331,427331,0,0,0,0,0,0,427331,0,1,427330,0,0,0,0,0,0,0,0,0,0,0,0,0,0,1,
url_tenant_endpoint,sandbox_fasthosts | GET /v1/:tenant/eventing/notifications/history,403566,403566,0,0,0,403566,0,0,0,0,77,403489,0,0,0,0,0,76,0,0,0,0,0,0,0,0,0,"{""408"": 1}"
url_tenant_endpoint,UDAG | GET /v1/:tenant/eventing/notifications,388322,388322,0,0,0,388322,0,0,0,0,39,388283,0,0,0,0,0,38,0,0,0,0,0,0,0,0,0,"{""408"": 1}"
url_tenant_endpoint,(no tenant in URL) | GET /kemp,377398,377398,0,0,0,0,0,377398,0,0,0,377398,0,0,0,0,0,0,0,0,0,0,0,0,0,0,0,
url_tenant_endpoint,sandbox_arsys | GET /v1/:tenant/eventing/notifications/history,351778,351778,0,0,0,351778,0,0,0,0,74,351704,0,0,0,0,0,74,0,0,0,0,0,0,0,0,0,
url_tenant_endpoint,sandbox_piensa | GET /v1/:tenant/eventing/notifications/history,351719,351719,0,0,0,351719,0,0,0,0,76,351643,0,0,0,0,0,76,0,0,0,0,0,0,0,0,0,
url_tenant_endpoint,sandbox_gmxde | GET /v1/:tenant/eventing/notifications/history,351665,351665,0,0,0,351665,0,0,0,0,76,351589,0,0,0,0,0,76,0,0,0,0,0,0,0,0,0,
url_tenant_endpoint,sandbox_webde | GET /v1/:tenant/eventing/notifications/history,351596,351596,0,0,0,351596,0,0,0,0,75,351521,0,0,0,0,0,75,0,0,0,0,0,0,0,0,0,
url_tenant_endpoint,sandbox_homepl | GET /v1/:tenant/eventing/notifications/history,351130,351130,0,0,0,351130,0,0,0,0,76,351054,0,0,0,0,0,76,0,0,0,0,0,0,0,0,0,
url_tenant_endpoint,sandbox_udag | GET /v1/:tenant/eventing/notifications/history,350971,350971,0,0,0,350971,0,0,0,0,77,350894,0,0,0,0,0,76,0,0,0,0,0,0,0,0,0,"{""408"": 1}"
url_tenant_endpoint,sandbox_oneandone | GET /v1/:tenant/eventing/notifications/history,350679,350679,0,0,0,350679,0,0,0,0,75,350604,0,0,0,0,0,75,0,0,0,0,0,0,0,0,0,
url_tenant_endpoint,trial_strato | GET /v1/:tenant/eventing/notifications/history,336957,336957,0,0,0,336957,0,0,0,0,76,336881,0,0,0,0,0,74,0,0,0,0,0,0,0,0,2,
url_tenant_endpoint,base_strato | GET /v1/:tenant/eventing/notifications,331732,331732,0,0,0,331732,0,0,0,0,6,331726,0,0,0,0,0,0,0,0,0,0,0,6,0,0,0,
url_tenant_endpoint,base_piensa | GET /v1/:tenant/eventing/notifications/history,298504,298504,0,0,0,298504,0,0,0,0,33,298471,0,0,0,0,0,33,0,0,0,0,0,0,0,0,0,
url_tenant_endpoint,UDAG | GET /v1/:tenant/stack-instances/:id/webspaces/:id/domains/:id,295900,295900,0,295900,0,0,0,0,0,0,1446,294454,0,0,0,0,0,26,0,1124,0,0,0,0,0,296,0,
url_tenant_endpoint,dns-tokens | GET /v1/:tenant/:id,264505,264505,0,0,0,0,0,0,264505,0,475,264030,0,0,0,0,32,109,0,0,0,0,0,0,0,0,334,
url_tenant_endpoint,UDAG | GET /v1/:tenant/eventing/notifications/history,254409,254409,0,0,0,254409,0,0,0,0,32,254377,0,0,0,0,0,32,0,0,0,0,0,0,0,0,0,
url_tenant_endpoint,base_strato | PUT /v1/:tenant/eventing/notifications/history/pointer/:id,238527,0,238527,0,0,0,238527,0,0,0,2,0,0,0,238525,0,0,2,0,0,0,0,0,0,0,0,0,
url_tenant_endpoint,base_arsys | GET /v1/:tenant/eventing/notifications/history,217820,217820,0,0,0,217820,0,0,0,0,35,217785,0,0,0,0,0,35,0,0,0,0,0,0,0,0,0,
url_tenant_endpoint,base_strato | GET /v1/:tenant/stack-instances/:id/webshield/mappings/:id,201054,201054,0,0,0,0,0,0,201054,0,65,200989,0,0,0,0,0,0,0,0,0,0,0,63,0,0,0,"{""408"": 2}"
url_tenant_endpoint,base_webde | GET /v1/:tenant/eventing/notifications/history,197099,197099,0,0,0,197099,0,0,0,0,37,197062,0,0,0,0,0,37,0,0,0,0,0,0,0,0,0,
url_tenant_endpoint,base_homepl | GET /v1/:tenant/eventing/notifications/history,196870,196870,0,0,0,196870,0,0,0,0,35,196835,0,0,0,0,0,34,0,0,0,0,0,0,0,0,0,"{""408"": 1}"
url_tenant_endpoint,base_gmxde | GET /v1/:tenant/eventing/notifications/history,185195,185195,0,0,0,185195,0,0,0,0,40,185155,0,0,0,0,0,38,0,0,0,0,0,0,0,0,0,"{""408"": 2}"
url_tenant_endpoint,base_piensa | PUT /v1/:tenant/eventing/notifications/history/pointer/:id,178235,0,178235,0,0,0,178235,0,0,0,5,0,0,0,178230,0,0,5,0,0,0,0,0,0,0,0,0,
url_tenant_endpoint,sandbox_wordpress_whic | GET /v1/:tenant/eventing/notifications/history,175677,175677,0,0,0,175677,0,0,0,0,38,175639,0,0,0,0,0,38,0,0,0,0,0,0,0,0,0,
url_tenant_endpoint,OneAndOne | GET /v1/:tenant/stack-instances/:id/webspaces/:id/domains/:id,157774,157774,0,157774,0,0,0,0,0,0,95934,61840,0,0,0,0,0,0,0,94294,0,0,0,0,0,1640,0,
url_tenant_endpoint,Domains | POST /v1/:tenant/stack-instances/:id/webshield/mappings,149992,0,149992,0,0,0,0,0,0,149992,85,0,0,149907,0,0,0,0,0,0,24,0,0,0,0,0,55,"{""408"": 6}"
url_tenant_endpoint,UDAG | DELETE /v1/:tenant/eventing/notifications/:id,139545,0,139545,0,0,0,139545,0,0,0,1,0,0,0,139544,0,0,1,0,0,0,0,0,0,0,0,0,
url_tenant_endpoint,Domains | POST /v1/:tenant/stack-instances/:id/redirects,138923,0,138923,0,0,0,0,0,0,138923,13,0,0,138910,0,0,0,0,0,0,6,0,0,0,0,0,4,"{""408"": 3}"
url_tenant_endpoint,Domains | GET /v1/:tenant/stack-instances/:id/webshield/public-ips,138173,138173,0,0,0,0,0,0,138173,0,4,138169,0,0,0,0,0,0,0,3,0,0,0,0,0,0,0,"{""408"": 1}"
url_tenant_endpoint,qa_whic | GET /v1/:tenant/eventing/notifications,125617,125617,0,0,0,125617,0,0,0,0,47,125570,0,0,0,0,0,40,0,0,0,0,0,0,0,0,7,
url_tenant_endpoint,base_strato | GET /v1/:tenant/stack-instances/:id/webshield/mappings/:id/certificate,119974,119974,0,0,0,0,0,0,119974,0,38942,81032,0,0,0,0,0,0,0,38936,0,0,0,6,0,0,0,
url_tenant_endpoint,UDAG | PUT /v1/:tenant/eventing/notifications/history/pointer/:id,118362,0,118362,0,0,0,118362,0,0,0,5,0,0,0,118357,0,0,5,0,0,0,0,0,0,0,0,0,
url_tenant_endpoint,base_worldforyou | GET /v1/:tenant/eventing/notifications/history,114851,114851,0,0,0,114851,0,0,0,0,57429,57422,0,0,0,0,0,57426,0,0,0,0,0,3,0,0,0,
url_tenant_endpoint,OneAndOne | GET /v1/:tenant/stack-instances/:id/stretchspaces/:id/accounts/:id,109704,109704,0,0,0,0,0,0,109704,0,51,109653,0,0,0,0,0,0,0,41,0,0,0,0,0,10,0,
url_tenant_endpoint,Domains | DELETE /v1/:tenant/stack-instances/:id/webshield/mappings/:id,109071,0,109071,0,0,0,0,0,0,109071,98,21,0,108952,0,0,0,0,0,2,0,0,1,11,0,0,78,"{""408"": 6}"
url_tenant_endpoint,qa_whic | DELETE /v1/:tenant/eventing/notifications/:id,100837,0,100837,0,0,0,100837,0,0,0,56,0,0,0,100781,0,8,40,8,0,0,0,0,0,0,0,0,
url_tenant_endpoint,base_fasthosts | GET /v1/:tenant/stack-instances/:id/webshield/mappings/:id,100759,100759,0,0,0,0,0,0,100759,0,3,100756,0,0,0,0,0,0,0,2,0,0,0,0,0,0,0,"{""408"": 1}"
url_tenant_endpoint,base_strato | GET /v1/:tenant/stack-instances/:id,100627,100627,0,0,0,0,0,0,100627,0,36,100591,0,0,0,0,0,0,0,0,0,0,0,36,0,0,0,
url_tenant_endpoint,OneAndOne | POST /v1/:tenant/stack-instances/:id/stretchspaces/:id/domains,99817,0,99817,0,0,0,0,0,0,99817,60507,21302,0,18008,0,0,0,0,0,0,60464,0,8,0,0,35,0,
url_tenant_endpoint,Domains | DELETE /v1/:tenant/stack-instances/:id/redirects/:id,97049,0,97049,0,0,0,0,0,0,97049,17,0,0,97032,0,0,0,0,0,2,0,0,0,5,0,0,9,"{""408"": 1}"
url_tenant_endpoint,base_worldforyou | GET /v1/:tenant/stack-instances/:id/stretchspaces/:id,93169,93169,0,0,0,0,0,0,93169,0,22158,71011,0,0,0,0,0,22154,0,0,0,0,0,3,0,1,0,
url_tenant_endpoint,Domains | POST /v1/:tenant/stack-instances,87566,0,87566,0,0,0,0,0,0,87566,4,0,87562,0,0,0,0,0,0,0,0,0,0,0,0,0,4,
url_tenant_endpoint,base_strato | GET /v1/:tenant/stack-instances/:id/stretchspaces/:id,86507,86507,0,0,0,0,0,0,86507,0,942,85565,0,0,0,0,0,3,0,933,0,0,0,6,0,0,0,
url_tenant_endpoint,base_strato | POST /v1/:tenant/stack-instances/:id/stretchspaces/:id/accounts,85245,0,85245,0,0,0,0,0,0,85245,1105,0,0,84140,0,0,146,2,0,284,0,0,207,0,0,466,0,
url_tenant_endpoint,OneAndOne | POST /v1/:tenant/stack-instances/:id/stretchspaces/:id/accounts,84234,0,84234,0,0,0,0,0,0,84234,3256,0,0,80978,0,0,1642,0,0,0,0,0,309,0,3,1302,0,
url_tenant_endpoint,ionos_sfs | GET /v1/:tenant/stack-instances/:id/webshield/mappings,84051,84051,0,0,0,0,0,0,84051,0,0,84051,0,0,0,0,0,0,0,0,0,0,0,0,0,0,0,
url_tenant_endpoint,(no tenant in URL) | GET /api/v1/health,76970,76970,0,0,0,0,0,76970,0,0,0,76970,0,0,0,0,0,0,0,0,0,0,0,0,0,0,0,
url_tenant_endpoint,sandbox_worldforyou | GET /v1/:tenant/eventing/notifications/history,66874,66874,0,0,0,66874,0,0,0,0,33437,33437,0,0,0,0,0,33437,0,0,0,0,0,0,0,0,0,
url_tenant_endpoint,base_fasthosts | GET /v1/:tenant/stack-instances/:id/databases/:id,65879,65879,0,0,0,0,0,0,65879,0,75,65804,0,0,0,0,0,0,0,75,0,0,0,0,0,0,0,
url_tenant_endpoint,base_arsys | PUT /v1/:tenant/eventing/notifications/history/pointer/:id,63402,0,63402,0,0,0,63402,0,0,0,3,0,0,0,63399,0,0,3,0,0,0,0,0,0,0,0,0,
url_tenant_endpoint,base_fasthosts | PATCH /v1/:tenant/stack-instances/:id/webshield/mappings,55753,0,55753,0,0,0,0,0,0,55753,576,0,0,55177,0,0,0,0,0,0,0,0,575,0,0,0,0,"{""408"": 1}"
url_tenant_endpoint,qa_whic | DELETE /v1/:tenant/stack-instances/:id,54283,0,54283,0,0,0,0,0,0,54283,141,0,0,0,54142,0,0,48,84,8,0,0,0,0,0,1,0,
url_tenant_endpoint,qa_whic | POST /v1/:tenant/stack-instances,54069,0,54069,0,0,0,0,0,0,54069,192,0,53877,0,0,0,40,116,32,0,1,0,0,0,0,0,3,
url_tenant_endpoint,OneAndOne | GET /v1/:tenant/stack-instances/:id/databases,51102,51102,0,0,0,0,0,0,51102,0,38930,0,0,0,0,12172,0,0,0,0,0,38930,0,0,0,0,0,
url_tenant_endpoint,base_fasthosts | GET /v1/:tenant/stack-instances/:id/stretchspaces/:id,50869,50869,0,0,0,0,0,0,50869,0,3,50866,0,0,0,0,0,0,0,3,0,0,0,0,0,0,0,
url_tenant_endpoint,OneAndOne | POST /v1/:tenant/stack-instances/:id/webspaces/:id/domains,50045,0,50045,0,50045,0,0,0,0,0,8113,34994,0,6938,0,0,0,0,0,0,7636,0,10,0,17,450,0,
url_tenant_endpoint,base_strato | PUT /v1/:tenant/stack-instances/:id/webshield/mappings/:id/:id/:id,49222,0,49222,0,0,0,0,0,0,49222,9,0,0,0,49213,0,0,0,0,0,0,0,0,9,0,0,0,
url_tenant_endpoint,OneAndOne | GET /v1/:tenant/stack-instances/:id/webspaces/:id/accounts/:id,45779,45779,0,45779,0,0,0,0,0,0,373,45406,0,0,0,0,0,0,0,0,0,0,0,0,0,373,0,
url_tenant_endpoint,OneAndOne | DELETE /v1/:tenant/stack-instances/:id/webspaces/:id/domains/:id,45375,0,45375,0,45375,0,0,0,0,0,37578,0,0,7797,0,0,0,0,0,37237,0,0,6,0,8,327,0,
url_tenant_endpoint,sandbox_wordpress_whic | GET /v1/:tenant/stack-instances/:id,44987,44987,0,0,0,0,0,0,44987,0,44987,0,0,0,0,0,0,0,0,44987,0,0,0,0,0,0,0,
url_tenant_endpoint,OneAndOne | GET /v1/:tenant/stack-instances/:id/stretchspaces/:id/accounts,44474,44474,0,0,0,0,0,0,44474,0,61,0,0,0,0,44413,0,0,0,0,0,0,0,0,0,61,0,
url_tenant_endpoint,OneAndOne | GET /v1/:tenant/stack-instances/:id/stretchspaces/:id,43129,43129,0,0,0,0,0,0,43129,0,9,43120,0,0,0,0,0,0,0,5,0,0,0,0,0,4,0,
url_tenant_endpoint,mgmt | GET /v1/:tenant/tenant-profile,43034,43034,0,0,0,0,0,0,43034,0,3468,39566,0,0,0,0,32,3436,0,0,0,0,0,0,0,0,0,
url_tenant_endpoint,base_strato | POST /v1/:tenant/stack-instances/:id/redirects,42213,0,42213,0,0,0,0,0,0,42213,185,0,0,42028,0,0,0,0,0,0,105,0,0,73,0,0,6,"{""408"": 1}"
url_tenant_endpoint,trial_sfs | GET /v1/:tenant/stack-instances/:id/webshield/mappings,41089,41089,0,0,0,0,0,0,41089,0,0,41089,0,0,0,0,0,0,0,0,0,0,0,0,0,0,0,
url_tenant_endpoint,base_strato | GET /v1/:tenant/stack-instances/:id/stretchspaces/:id/accounts/:id,39780,39780,0,0,0,0,0,0,39780,0,318,39462,0,0,0,0,0,0,0,318,0,0,0,0,0,0,0,
url_tenant_endpoint,sandbox_ionoscloud | GET /v1/:tenant/stack-instances/:id,39574,39574,0,0,0,0,0,0,39574,0,1,39573,0,0,0,0,0,0,0,0,0,0,0,0,0,0,1,
url_tenant_endpoint,sandbox_ionoscloud | GET /v1/:tenant/stack-instances/:id/webshield/mappings/:id,39572,39572,0,0,0,0,0,0,39572,0,1,39571,0,0,0,0,0,0,0,0,0,0,0,0,0,0,1,
url_tenant_endpoint,mws8_oneandone | GET /v1/:tenant/stack-instances/:id/webspaces/:id,39266,39266,0,39266,0,0,0,0,0,0,1780,37486,0,0,0,0,0,0,0,0,0,0,0,0,0,1780,0,
url_tenant_endpoint,base_strato | GET /v1/:tenant/stack-instances/:id/databases/:id,38903,38903,0,0,0,0,0,0,38903,0,3301,35602,0,0,0,0,0,0,0,3296,0,0,0,4,0,0,0,"{""408"": 1}"
url_tenant_endpoint,base_strato | GET /v1/:tenant/stack-instances,38297,38297,0,0,0,0,0,0,38297,0,30736,0,0,0,0,7561,0,0,0,0,0,30730,0,6,0,0,0,
url_tenant_endpoint,trial_sfs | GET /v1/:tenant/eventing/notifications/history,37682,37682,0,0,0,37682,0,0,0,0,2,37680,0,0,0,0,0,0,0,0,0,0,0,0,0,0,2,
url_tenant_endpoint,mws8_oneandone | POST /v1/:tenant/stack-instances/:id/webspaces/:id/accounts,36915,0,36915,0,36915,0,0,0,0,0,380,0,0,36535,0,0,0,0,0,0,0,0,14,0,36,330,0,
url_tenant_endpoint,mws8_oneandone | GET /v1/:tenant/stack-instances/:id/webspaces/:id/accounts/:id,36569,36569,0,36569,0,0,0,0,0,0,4,36565,0,0,0,0,0,0,0,0,0,0,0,0,0,4,0,
url_tenant_endpoint,ionos_sfs | GET /v1/:tenant/eventing/notifications/history,34997,34997,0,0,0,34997,0,0,0,0,2,34995,0,0,0,0,0,0,0,0,0,0,0,0,0,0,0,"{""408"": 2}"
url_tenant_endpoint,base_homepl | PUT /v1/:tenant/eventing/notifications/history/pointer/:id,32130,0,32130,0,0,0,32130,0,0,0,3,0,0,0,32127,0,0,3,0,0,0,0,0,0,0,0,0,
url_tenant_endpoint,OneAndOne | DELETE /v1/:tenant/stack-instances/:id/stretchspaces/:id/domains/:id,31910,0,31910,0,0,0,0,0,0,31910,21023,0,0,10887,0,0,0,0,0,21013,0,0,2,0,0,8,0,
url_tenant_endpoint,base_webde | PUT /v1/:tenant/eventing/notifications/history/pointer/:id,31223,0,31223,0,0,0,31223,0,0,0,1,0,0,0,31222,0,0,1,0,0,0,0,0,0,0,0,0,
url_tenant_endpoint,base_strato | PUT /v1/:tenant/stack-instances/:id/webshield/mappings/:id/certificate,30853,0,30853,0,0,0,0,0,0,30853,0,0,0,30853,0,0,0,0,0,0,0,0,0,0,0,0,0,
url_tenant_endpoint,OneAndOne | GET /v1/:tenant/stack-instances/:id/stretchspaces/:id/domains/:id,30330,30330,0,0,0,0,0,0,30330,0,9486,20844,0,0,0,0,0,0,0,9484,0,0,0,0,0,2,0,
url_tenant_endpoint,base_fasthosts | GET /v1/:tenant/stack-instances/:id/webspaces/:id,27887,27887,0,27887,0,0,0,0,0,0,33,27854,0,0,0,0,0,0,0,0,0,0,0,0,0,33,0,
url_tenant_endpoint,base_strato | DELETE /v1/:tenant/stack-instances/:id/redirects/:id,27020,0,27020,0,0,0,0,0,0,27020,611,0,0,26409,0,0,0,0,0,0,0,0,0,573,0,0,37,"{""408"": 1}"
url_tenant_endpoint,qa_whic | GET /v1/:tenant/stack-instances/:id/webspaces/:id,26658,26658,0,26658,0,0,0,0,0,0,136,26522,0,0,0,0,16,40,48,32,0,0,0,0,0,0,0,
url_tenant_endpoint,Domains | GET /v1/:tenant/stack-instances/:id/webshield/mappings,26532,26532,0,0,0,0,0,0,26532,0,6,26526,0,0,0,0,0,0,0,6,0,0,0,0,0,0,0,
url_tenant_endpoint,Domains | DELETE /v1/:tenant/stack-instances/:id,25684,0,25684,0,0,0,0,0,0,25684,0,0,0,0,25684,0,0,0,0,0,0,0,0,0,0,0,0,
url_tenant_endpoint,UDAG | GET /v1/:tenant/stack-instances/:id/stretchspaces/:id,24922,24922,0,0,0,0,0,0,24922,0,23,24899,0,0,0,0,0,22,0,1,0,0,0,0,0,0,0,
url_tenant_endpoint,base_strato | PUT /v1/:tenant/stack-instances/:id/redirects/:id,24052,0,24052,0,0,0,0,0,0,24052,908,0,0,23144,0,0,0,0,0,0,0,0,0,889,0,0,19,
url_tenant_endpoint,OneAndOne | PUT /v1/:tenant/stack-instances/:id/stretchspaces/:id,23744,0,23744,0,0,0,0,0,0,23744,11225,10,0,12509,0,0,10877,0,0,0,300,0,7,0,0,41,0,
url_tenant_endpoint,base_strato | PUT /v1/:tenant/stack-instances/:id/stretchspaces/:id,22255,0,22255,0,0,0,0,0,0,22255,208,13,0,22034,0,0,0,0,0,0,0,0,40,0,0,168,0,
url_tenant_endpoint,qa_whic | POST /v1/:tenant/stack-instances/:id/webspaces,21819,0,21819,0,21819,0,0,0,0,0,3884,0,0,17935,0,0,3744,40,24,0,49,0,1,0,0,26,0,
url_tenant_endpoint,qa_whic | GET /v1/:tenant/stack-instances/:id,20793,20793,0,0,0,0,0,0,20793,0,1172,19621,0,0,0,0,64,156,16,936,0,0,0,0,0,0,0,
url_tenant_endpoint,sandbox_udag | GET /v1/:tenant/eventing/notifications,19863,19863,0,0,0,19863,0,0,0,0,14,19849,0,0,0,0,0,13,0,0,0,0,0,0,0,0,0,"{""408"": 1}"
url_tenant_endpoint,OneAndOne | GET /v1/:tenant/stack-instances/:id/databases/:id,19038,19038,0,0,0,0,0,0,19038,0,722,18316,0,0,0,0,0,0,0,722,0,0,0,0,0,0,0,
url_tenant_endpoint,mws8_oneandone | GET /v1/:tenant/stack-instances/:id/webshield/public-ips,18928,18928,0,0,0,0,0,0,18928,0,0,18928,0,0,0,0,0,0,0,0,0,0,0,0,0,0,0,
url_tenant_endpoint,mws8_oneandone | POST /v1/:tenant/stack-instances/:id/webspaces/:id/domains,18874,0,18874,0,18874,0,0,0,0,0,309,18024,0,541,0,0,0,0,0,0,0,0,0,0,3,306,0,
url_tenant_endpoint,base_worldforyou | GET /v1/:tenant/stack-instances/:id/webshield/public-ips,18622,18622,0,0,0,0,0,0,18622,0,0,18622,0,0,0,0,0,0,0,0,0,0,0,0,0,0,0,
url_tenant_endpoint,strato_sfs | GET /v1/:tenant/eventing/notifications/history,17896,17896,0,0,0,17896,0,0,0,0,0,17896,0,0,0,0,0,0,0,0,0,0,0,0,0,0,0,
url_tenant_endpoint,sandbox_trinity_hosting | GET /v1/:tenant/eventing/notifications/history,17827,17827,0,0,0,17827,0,0,0,0,0,17827,0,0,0,0,0,0,0,0,0,0,0,0,0,0,0,
url_tenant_endpoint,EShopOneAndOne | GET /v1/:tenant/stack-instances/:id/webshield/mappings,17780,17780,0,0,0,0,0,0,17780,0,0,17780,0,0,0,0,0,0,0,0,0,0,0,0,0,0,0,
url_tenant_endpoint,UDAG | POST /v1/:tenant/stack-instances/:id/stretchspaces/:id/accounts,17744,0,17744,0,0,0,0,0,0,17744,8097,0,0,9647,0,0,717,1,0,7097,0,0,30,0,0,252,0,
url_tenant_endpoint,base_fasthosts | GET /v1/:tenant/stack-instances/:id/stretchspaces/:id/domains/:id,17414,17414,0,0,0,0,0,0,17414,0,308,17106,0,0,0,0,0,0,0,308,0,0,0,0,0,0,0,
url_tenant_endpoint,trial_strato | GET /v1/:tenant/eventing/notifications,16260,16260,0,0,0,16260,0,0,0,0,0,16260,0,0,0,0,0,0,0,0,0,0,0,0,0,0,0,
url_tenant_endpoint,OneAndOne | GET /v1/:tenant/stack-instances/:id/webshield/public-ips,15809,15809,0,0,0,0,0,0,15809,0,0,15809,0,0,0,0,0,0,0,0,0,0,0,0,0,0,0,
url_tenant_endpoint,OneAndOne | DELETE /v1/:tenant/stack-instances/:id,15721,0,15721,0,0,0,0,0,0,15721,82,0,0,0,15639,0,0,1,0,81,0,0,0,0,0,0,0,
url_tenant_endpoint,OneAndOne | DELETE /v1/:tenant/stack-instances/:id/webspaces/:id/accounts/:id,15195,0,15195,0,15195,0,0,0,0,0,3429,0,0,11766,0,0,0,0,0,3423,0,0,0,0,0,6,0,
url_tenant_endpoint,base_fasthosts | POST /v1/:tenant/stack-instances/:id/webspaces/:id/accounts,14315,0,14315,0,14315,0,0,0,0,0,848,0,0,13467,0,0,0,0,0,493,0,0,11,0,4,340,0,
url_tenant_endpoint,base_gmxde | PUT /v1/:tenant/eventing/notifications/history/pointer/:id,13492,0,13492,0,0,0,13492,0,0,0,0,0,0,0,13492,0,0,0,0,0,0,0,0,0,0,0,0,
url_tenant_endpoint,base_piensa | POST /v1/:tenant/stack-instances/:id/webspaces/:id/accounts,13339,0,13339,0,13339,0,0,0,0,0,477,0,0,12862,0,0,0,1,0,175,0,0,5,0,0,296,0,
url_tenant_endpoint,qa_whic | POST /v1/:tenant/stack-instances/:id/databases,13330,0,13330,0,0,0,0,0,0,13330,418,0,0,12912,0,0,354,40,24,0,0,0,0,0,0,0,0,
url_tenant_endpoint,qa_whic | POST /v1/:tenant/stack-instances/:id/stretchspaces,13187,0,13187,0,0,0,0,0,0,13187,4086,0,0,9101,0,0,3988,0,0,0,8,0,82,0,0,8,0,
url_tenant_endpoint,base_piensa | GET /v1/:tenant/stack-instances/:id/webspaces/:id,13166,13166,0,13166,0,0,0,0,0,0,15,13151,0,0,0,0,0,0,0,0,0,0,0,0,0,15,0,
url_tenant_endpoint,qa_whic | GET /v1/:tenant/stack-instances/:id/stretchspaces/:id,12989,12989,0,0,0,0,0,0,12989,0,0,12989,0,0,0,0,0,0,0,0,0,0,0,0,0,0,0,
url_tenant_endpoint,OneAndOne | GET /v1/:tenant/stack-instances/:id/webspaces/:id/locks,11443,11443,0,11443,0,0,0,0,0,0,358,11085,0,0,0,0,0,0,0,299,0,0,0,0,0,59,0,
url_tenant_endpoint,base_worldforyou | PUT /v1/:tenant/eventing/notifications/history/pointer/:id,11424,0,11424,0,0,0,11424,0,0,0,0,0,0,0,11424,0,0,0,0,0,0,0,0,0,0,0,0,
url_tenant_endpoint,base_fasthosts | POST /v1/:tenant/stack-instances/:id/stretchspaces/:id/accounts,10539,0,10539,0,0,0,0,0,0,10539,166,0,0,10373,0,0,0,0,0,104,0,0,18,0,0,44,0,
url_tenant_endpoint,qa_whic | GET /v1/:tenant/stack-instances/:id/webshield/mappings/:id,10031,10031,0,0,0,0,0,0,10031,0,4511,5520,0,0,0,0,8,40,32,4431,0,0,0,0,0,0,0,
url_tenant_endpoint,sandbox_udag | GET /v1/:tenant/stack-instances/:id/stretchspaces/:id,9605,9605,0,0,0,0,0,0,9605,0,9596,9,0,0,0,0,0,3,0,9593,0,0,0,0,0,0,0,
url_tenant_endpoint,qa_whic | GET /v1/:tenant/stack-instances/:id/databases/:id,9555,9555,0,0,0,0,0,0,9555,0,962,8593,0,0,0,0,32,40,80,810,0,0,0,0,0,0,0,
url_tenant_endpoint,base_strato | POST /v1/:tenant/stack-instances,9541,0,9541,0,0,0,0,0,0,9541,0,0,9541,0,0,0,0,0,0,0,0,0,0,0,0,0,0,
url_tenant_endpoint,qa_whic | POST /v1/:tenant/stack-instances/:id/webshield/mappings,9069,0,9069,0,0,0,0,0,0,9069,1223,0,0,7846,0,0,1135,40,24,0,0,0,24,0,0,0,0,
url_tenant_endpoint,trinity_hosting | GET /v1/:tenant/eventing/notifications/history,8911,8911,0,0,0,8911,0,0,0,0,0,8911,0,0,0,0,0,0,0,0,0,0,0,0,0,0,0,
url_tenant_endpoint,base_strato | POST /v1/:tenant/stack-instances/:id/stretchspaces/:id/domains,8860,0,8860,0,0,0,0,0,0,8860,13,8,0,8839,0,0,0,0,0,0,2,0,1,0,0,10,0,
url_tenant_endpoint,base_strato | DELETE /v1/:tenant/stack-instances/:id/webshield/mappings/:id/certificate,8251,0,8251,0,0,0,0,0,0,8251,0,0,0,8251,0,0,0,0,0,0,0,0,0,0,0,0,0,
url_tenant_endpoint,UDAG | GET /v1/:tenant/stack-instances/:id/databases/:id,7531,7531,0,0,0,0,0,0,7531,0,3239,4292,0,0,0,0,0,0,0,3239,0,0,0,0,0,0,0,
url_tenant_endpoint,qa_whic | POST /v1/:tenant/stack-instances/:id/redirects,7487,0,7487,0,0,0,0,0,0,7487,364,0,0,7123,0,0,238,40,24,0,62,0,0,0,0,0,0,
url_tenant_endpoint,OneAndOne | PUT /v1/:tenant/stack-instances/:id/webspaces/:id/accounts/:id,6471,0,6471,0,6471,0,0,0,0,0,142,18,0,6311,0,0,0,0,0,0,0,0,4,0,0,138,0,
url_tenant_endpoint,base_strato | DELETE /v1/:tenant/stack-instances/:id/stretchspaces/:id/domains/:id,6103,0,6103,0,0,0,0,0,0,6103,136,0,0,5967,0,0,0,0,0,121,0,0,3,2,0,10,0,
url_tenant_endpoint,OneAndOne | PUT /v1/:tenant/stack-instances/:id/stretchspaces/:id/domains/:id,6052,0,6052,0,0,0,0,0,0,6052,22,3308,0,2722,0,0,0,0,0,0,0,0,3,0,0,19,0,
url_tenant_endpoint,OneAndOne | POST /v1/:tenant/stack-instances,6037,0,6037,0,0,0,0,0,0,6037,0,0,6037,0,0,0,0,0,0,0,0,0,0,0,0,0,0,
url_tenant_endpoint,qa_whic | PUT /v1/:tenant/stack-instances/:id/webspaces/:id,5651,0,5651,0,5651,0,0,0,0,0,1792,203,0,3656,0,0,1728,40,24,0,0,0,0,0,0,0,0,
url_tenant_endpoint,strato_sfs | GET /v1/:tenant/stack-instances/:id/webshield/mappings,5609,5609,0,0,0,0,0,0,5609,0,0,5609,0,0,0,0,0,0,0,0,0,0,0,0,0,0,0,
url_tenant_endpoint,base_strato | PUT /v1/:tenant/stack-instances/:id/databases/:id,5503,0,5503,0,0,0,0,0,0,5503,0,0,0,5503,0,0,0,0,0,0,0,0,0,0,0,0,0,
url_tenant_endpoint,OneAndOne | POST /v1/:tenant/stack-instances/:id/stretchspaces,5423,0,5423,0,0,0,0,0,0,5423,33,0,0,5390,0,0,0,0,0,0,0,0,7,0,0,26,0,
url_tenant_endpoint,base_worldforyou | GET /v1/:tenant/stack-instances/:id/databases/:id,5225,5225,0,0,0,0,0,0,5225,0,1648,3577,0,0,0,0,0,1646,0,2,0,0,0,0,0,0,0,
url_tenant_endpoint,OneAndOne | POST /v1/:tenant/stack-instances/:id/databases,5193,0,5193,0,0,0,0,0,0,5193,0,0,0,5193,0,0,0,0,0,0,0,0,0,0,0,0,0,
url_tenant_endpoint,OneAndOne | GET /v1/:tenant/stack-instances,5123,5123,0,0,0,0,0,0,5123,0,5119,0,0,0,0,4,0,0,0,0,0,5119,0,0,0,0,0,
url_tenant_endpoint,OneAndOne | GET /v1/:tenant/stack-instances/:id/webspaces,5015,5015,0,5015,0,0,0,0,0,0,209,0,0,0,0,4806,0,0,0,33,0,0,0,0,0,176,0,
url_tenant_endpoint,base_strato | GET /v1/:tenant/stack-instances/:id/redirects/:id,5002,5002,0,0,0,0,0,0,5002,0,5002,0,0,0,0,0,0,0,0,5002,0,0,0,0,0,0,0,
url_tenant_endpoint,OneAndOne | PUT /v1/:tenant/stack-instances/:id/webspaces/:id,4708,0,4708,0,4708,0,0,0,0,0,1165,38,0,3505,0,0,505,0,0,0,600,0,1,0,3,56,0,
url_tenant_endpoint,base_piensa | GET /v1/:tenant/stack-instances/:id/stretchspaces/:id,4530,4530,0,0,0,0,0,0,4530,0,15,4515,0,0,0,0,0,0,0,15,0,0,0,0,0,0,0,
url_tenant_endpoint,base_webde | GET /v1/:tenant/stack-instances/:id/webspaces/:id,4492,4492,0,4492,0,0,0,0,0,0,5,4487,0,0,0,0,0,0,0,1,0,0,0,0,0,4,0,
url_tenant_endpoint,dnd_qa_whic | DELETE /v1/:tenant/eventing/notifications/:id,4434,0,4434,0,0,0,4434,0,0,0,0,0,0,0,4434,0,0,0,0,0,0,0,0,0,0,0,0,
url_tenant_endpoint,dnd_qa_whic | GET /v1/:tenant/eventing/notifications,4434,4434,0,0,0,4434,0,0,0,0,0,4434,0,0,0,0,0,0,0,0,0,0,0,0,0,0,0,
url_tenant_endpoint,base_strato | GET /v1/:tenant/stack-instances/:id/stretchspaces/:id/domains/:id,4276,4276,0,0,0,0,0,0,4276,0,0,4276,0,0,0,0,0,0,0,0,0,0,0,0,0,0,0,
url_tenant_endpoint,base_strato | PUT /v1/:tenant/stack-instances/:id/databases/:id/accounts/:id,4180,0,4180,0,0,0,0,0,0,4180,0,0,0,4180,0,0,0,0,0,0,0,0,0,0,0,0,0,
url_tenant_endpoint,base_fasthosts | POST /v1/:tenant/stack-instances/:id/stretchspaces/:id/domains,4031,0,4031,0,0,0,0,0,0,4031,2776,3,0,1252,0,0,0,0,0,0,2775,0,0,0,0,1,0,
url_tenant_endpoint,base_arsys | GET /v1/:tenant/stack-instances/:id/stretchspaces/:id,3927,3927,0,0,0,0,0,0,3927,0,7,3920,0,0,0,0,0,0,0,7,0,0,0,0,0,0,0,
url_tenant_endpoint,base_strato | POST /v1/:tenant/stack-instances/:id/databases,3835,0,3835,0,0,0,0,0,0,3835,0,0,0,3835,0,0,0,0,0,0,0,0,0,0,0,0,0,
url_tenant_endpoint,OneAndOne | DELETE /v1/:tenant/stack-instances/:id/webshield/mappings/:id,3786,0,3786,0,0,0,0,0,0,3786,5,0,0,3781,0,0,0,1,0,0,0,0,4,0,0,0,0,
url_tenant_endpoint,qa_whic | PUT /v1/:tenant/stack-instances/:id/webshield/mappings/:id/certificate,3642,0,3642,0,0,0,0,0,0,3642,76,0,0,3566,0,0,8,40,24,4,0,0,0,0,0,0,0,
url_tenant_endpoint,base_worldforyou | POST /v1/:tenant/stack-instances,3564,0,3564,0,0,0,0,0,0,3564,0,0,3564,0,0,0,0,0,0,0,0,0,0,0,0,0,0,
url_tenant_endpoint,base_worldforyou | POST /v1/:tenant/stack-instances/:id/stretchspaces,3564,0,3564,0,0,0,0,0,0,3564,3210,0,0,354,0,0,0,0,0,0,3208,0,1,0,0,1,0,
url_tenant_endpoint,OneAndOne | POST /v1/:tenant/stack-instances/:id/webspaces/:id/locks,3490,0,3490,0,3490,0,0,0,0,0,145,9,0,3336,0,0,0,0,0,0,0,0,1,0,2,142,0,
url_tenant_endpoint,autodeploy_mon_whic | GET /v1/:tenant/stack-instances/:id/webspaces/:id,3362,3362,0,3362,0,0,0,0,0,0,0,3362,0,0,0,0,0,0,0,0,0,0,0,0,0,0,0,
url_tenant_endpoint,base_webde | DELETE /v1/:tenant/eventing/notifications/:id,3349,0,3349,0,0,0,3349,0,0,0,0,0,0,0,3349,0,0,0,0,0,0,0,0,0,0,0,0,
url_tenant_endpoint,base_strato | DELETE /v1/:tenant/stack-instances/:id/databases/:id,3280,0,3280,0,0,0,0,0,0,3280,0,0,0,3280,0,0,0,0,0,0,0,0,0,0,0,0,0,
url_tenant_endpoint,base_worldforyou | DELETE /v1/:tenant/stack-instances/:id,3273,0,3273,0,0,0,0,0,0,3273,16,0,0,0,3257,0,0,16,0,0,0,0,0,0,0,0,0,
url_tenant_endpoint,qa_whic | GET /v1/:tenant/stack-instances/:id/databases/:id/accounts,3251,3251,0,0,0,0,0,0,3251,0,56,0,0,0,0,3195,0,40,16,0,0,0,0,0,0,0,0,
url_tenant_endpoint,sandbox_qa_whic | GET /v1/:tenant/eventing/notifications,3074,3074,0,0,0,3074,0,0,0,0,40,3034,0,0,0,0,0,40,0,0,0,0,0,0,0,0,0,
url_tenant_endpoint,sandbox_qa_whic | DELETE /v1/:tenant/eventing/notifications/:id,3048,0,3048,0,0,0,3048,0,0,0,56,0,0,0,2992,0,8,40,8,0,0,0,0,0,0,0,0,
url_tenant_endpoint,OneAndOne | PUT /v1/:tenant/stack-instances/:id/stretchspaces/:id/accounts/:id,3038,0,3038,0,0,0,0,0,0,3038,7,5,0,3026,0,0,0,0,0,0,0,0,3,0,0,4,0,
url_tenant_endpoint,qa_whic | PUT /v1/:tenant/stack-instances/:id/stretchspaces/:id,2994,0,2994,0,0,0,0,0,0,2994,796,92,0,2106,0,0,796,0,0,0,0,0,0,0,0,0,0,
url_tenant_endpoint,qa_whic | GET /v1/:tenant/eventing/notifications/history,2909,2909,0,0,0,2909,0,0,0,0,88,2821,0,0,0,0,16,40,32,0,0,0,0,0,0,0,0,
url_tenant_endpoint,OneAndOne | POST /v1/:tenant/stack-instances/:id/stretchspaces/:id/locks,2849,0,2849,0,0,0,0,0,0,2849,7,12,0,2830,0,0,0,0,0,0,0,0,1,0,0,6,0,
url_tenant_endpoint,base_piensa | POST /v1/:tenant/stack-instances/:id/stretchspaces/:id/accounts,2834,0,2834,0,0,0,0,0,0,2834,15,0,0,2819,0,0,0,1,0,1,0,0,6,0,0,7,0,
url_tenant_endpoint,base_strato | GET /v1/:tenant/stack-instances/:id/stretchspaces/:id/accounts,2824,2824,0,0,0,0,0,0,2824,0,4,0,0,0,0,2820,1,0,0,0,0,0,0,2,0,1,0,
url_tenant_endpoint,base_strato | POST /v1/:tenant/stack-instances/:id/stretchspaces,2776,0,2776,0,0,0,0,0,0,2776,9,0,0,2767,0,0,0,0,0,0,0,0,5,0,0,4,0,
url_tenant_endpoint,ionos_sfs | PATCH /v1/:tenant/stack-instances/:id/webshield/mappings,2637,0,2637,0,0,0,0,0,0,2637,1,0,0,2636,0,0,0,0,0,0,0,0,0,0,0,0,0,"{""408"": 1}"
url_tenant_endpoint,trial_strato | PUT /v1/:tenant/eventing/notifications/history/pointer/:id,2600,0,2600,0,0,0,2600,0,0,0,0,0,0,0,2600,0,0,0,0,0,0,0,0,0,0,0,0,
url_tenant_endpoint,base_strato | GET /v1/:tenant/stack-instances/:id/stretchspaces,2524,2524,0,0,0,0,0,0,2524,0,2,0,0,0,0,2522,0,0,0,0,0,0,0,0,0,2,0,
url_tenant_endpoint,OneAndOne | POST /v1/:tenant/stack-instances/:id/webspaces,2513,0,2513,0,2513,0,0,0,0,0,64,0,0,2449,0,0,0,0,0,0,0,0,2,0,3,59,0,
url_tenant_endpoint,sandbox_qa_whic | POST /v1/:tenant/stack-instances,2465,0,2465,0,0,0,0,0,0,2465,96,0,2369,0,0,0,0,40,56,0,0,0,0,0,0,0,0,
url_tenant_endpoint,base_strato | PUT /v1/:tenant/stack-instances/:id/stretchspaces/:id/accounts/:id,2463,0,2463,0,0,0,0,0,0,2463,8,0,0,2455,0,0,0,0,0,0,0,0,3,0,0,5,0,
url_tenant_endpoint,sandbox_qa_whic | DELETE /v1/:tenant/stack-instances/:id,2447,0,2447,0,0,0,0,0,0,2447,72,0,0,0,2375,0,0,40,24,8,0,0,0,0,0,0,0,
url_tenant_endpoint,base_strato | PUT /v1/:tenant/stack-instances/:id/stretchspaces/:id/domains/:id,2445,0,2445,0,0,0,0,0,0,2445,2,0,0,2443,0,0,0,0,0,0,0,0,0,0,0,2,0,
url_tenant_endpoint,base_gmxde | DELETE /v1/:tenant/eventing/notifications/:id,2424,0,2424,0,0,0,2424,0,0,0,0,0,0,0,2424,0,0,0,0,0,0,0,0,0,0,0,0,
url_tenant_endpoint,base_arsys | POST /v1/:tenant/stack-instances/:id/stretchspaces/:id/accounts,2333,0,2333,0,0,0,0,0,0,2333,44,0,0,2289,0,0,0,0,0,15,0,0,8,0,0,21,0,
url_tenant_endpoint,qa_whic | PUT /v1/:tenant/stack-instances/:id/databases/:id,2256,0,2256,0,0,0,0,0,0,2256,500,0,0,1756,0,0,436,40,24,0,0,0,0,0,0,0,0,
url_tenant_endpoint,base_worldforyou | GET /v1/:tenant/stack-instances/:id/stretchspaces/:id/accounts/:id,2158,2158,0,0,0,0,0,0,2158,0,107,2051,0,0,0,0,0,104,0,3,0,0,0,0,0,0,0,
url_tenant_endpoint,sandbox_wordpress_whic | POST /v1/:tenant/stack-instances/:id/stretchspaces/:id/accounts,2144,0,2144,0,0,0,0,0,0,2144,2144,0,0,0,0,0,0,0,0,2144,0,0,0,0,0,0,0,
url_tenant_endpoint,base_gmxde | GET /v1/:tenant/stack-instances/:id/webspaces/:id,2095,2095,0,2095,0,0,0,0,0,0,0,2095,0,0,0,0,0,0,0,0,0,0,0,0,0,0,0,
url_tenant_endpoint,qa_whic | GET /v1/:tenant/stack-instances/:id/webshield/public-ips,2077,2077,0,0,0,0,0,0,2077,0,56,2021,0,0,0,0,0,40,16,0,0,0,0,0,0,0,0,
url_tenant_endpoint,sandbox_oneandone | POST /v1/:tenant/stack-instances/:id/stretchspaces/:id/accounts,2043,0,2043,0,0,0,0,0,0,2043,2043,0,0,0,0,0,0,0,0,2043,0,0,0,0,0,0,0,
url_tenant_endpoint,sandbox_oneandone | POST /v1/:tenant/stack-instances/:id/webspaces/:id/accounts,2041,0,2041,0,2041,0,0,0,0,0,2041,0,0,0,0,0,0,1,0,2040,0,0,0,0,0,0,0,
url_tenant_endpoint,base_fasthosts | GET /v1/:tenant/stack-instances/:id/webspaces/:id/domains/:id,1946,1946,0,1946,0,0,0,0,0,0,1018,928,0,0,0,0,0,0,0,1017,0,0,0,0,0,1,0,
url_tenant_endpoint,sandbox_piensa | POST /v1/:tenant/stack-instances/:id/stretchspaces/:id/accounts,1908,0,1908,0,0,0,0,0,0,1908,1900,0,0,8,0,0,0,0,0,1900,0,0,0,0,0,0,0,
url_tenant_endpoint,trial_strato | GET /v1/:tenant/stack-instances/:id/databases/:id,1805,1805,0,0,0,0,0,0,1805,0,0,1805,0,0,0,0,0,0,0,0,0,0,0,0,0,0,0,
url_tenant_endpoint,base_webde | GET /v1/:tenant/eventing/notifications,1778,1778,0,0,0,1778,0,0,0,0,0,1778,0,0,0,0,0,0,0,0,0,0,0,0,0,0,0,
url_tenant_endpoint,OneAndOne | POST /v1/:tenant/stack-instances/:id/databases/:id/locks,1769,0,1769,0,0,0,0,0,0,1769,0,6,0,1763,0,0,0,0,0,0,0,0,0,0,0,0,0,
url_tenant_endpoint,base_worldforyou | GET /v1/:tenant/stack-instances/:id/databases/:id/accounts,1765,1765,0,0,0,0,0,0,1765,0,336,0,0,0,0,1429,0,7,0,305,0,0,0,24,0,0,0,
url_tenant_endpoint,qa_whic | GET /v1/:tenant/stack-instances/:id/databases/:id/accounts/:id,1748,1748,0,0,0,0,0,0,1748,0,192,1556,0,0,0,0,32,40,80,40,0,0,0,0,0,0,0,
url_tenant_endpoint,OneAndOne | DELETE /v1/:tenant/stack-instances/:id/redirects/:id,1715,0,1715,0,0,0,0,0,0,1715,1,0,0,1714,0,0,0,0,0,0,0,0,0,0,0,0,0,"{""408"": 1}"
url_tenant_endpoint,qa_whic | POST /v1/:tenant/stack-instances/:id/databases/:id/accounts,1663,0,1663,0,0,0,0,0,0,1663,628,0,0,1035,0,0,459,40,24,105,0,0,0,0,0,0,0,
url_tenant_endpoint,dnd_qa_whic | GET /v1/:tenant/stack-instances/:id/databases/:id,1651,1651,0,0,0,0,0,0,1651,0,0,1651,0,0,0,0,0,0,0,0,0,0,0,0,0,0,0,
url_tenant_endpoint,trial_strato | POST /v1/:tenant/stack-instances/:id/stretchspaces/:id/accounts,1619,0,1619,0,0,0,0,0,0,1619,304,0,0,1315,0,0,159,0,0,133,0,0,2,0,0,10,0,
url_tenant_endpoint,OneAndOne | PUT /v1/:tenant/stack-instances/:id/webspaces/:id/domains/:id,1616,0,1616,0,1616,0,0,0,0,0,22,662,0,932,0,0,0,0,0,0,0,0,2,0,0,20,0,
url_tenant_endpoint,dnd_qa_whic | GET /v1/:tenant/stack-instances/:id/databases/:id/accounts/:id,1595,1595,0,0,0,0,0,0,1595,0,0,1595,0,0,0,0,0,0,0,0,0,0,0,0,0,0,0,
url_tenant_endpoint,base_strato | POST /v1/:tenant/stack-instances/:id/webshield/mappings,1567,0,1567,0,0,0,0,0,0,1567,0,0,0,1567,0,0,0,0,0,0,0,0,0,0,0,0,0,
url_tenant_endpoint,dnd_qa_whic | PUT /v1/:tenant/stack-instances/:id/databases/:id/accounts/:id,1560,0,1560,0,0,0,0,0,0,1560,0,0,0,1560,0,0,0,0,0,0,0,0,0,0,0,0,0,
url_tenant_endpoint,qa_whic | POST /v1/:tenant/stack-instances/:id/webspaces/:id/locks,1532,0,1532,0,1532,0,0,0,0,0,146,126,0,1260,0,0,82,40,24,0,0,0,0,0,0,0,0,
url_tenant_endpoint,base_webde | POST /v1/:tenant/stack-instances/:id/webspaces/:id/accounts,1495,0,1495,0,1495,0,0,0,0,0,25,0,0,1470,0,0,0,0,0,0,0,0,1,0,0,24,0,
url_tenant_endpoint,sandbox_wordpress_whic | POST /v1/:tenant/stack-instances/:id/webspaces/:id/accounts,1495,0,1495,0,1495,0,0,0,0,0,1495,0,0,0,0,0,0,0,0,1495,0,0,0,0,0,0,0,
url_tenant_endpoint,qa_whic | GET /v1/:tenant/stack-instances/:id/webshield/cdn-ips,1493,1493,0,0,0,0,0,0,1493,0,56,1437,0,0,0,0,0,40,16,0,0,0,0,0,0,0,0,
url_tenant_endpoint,base_homepl | GET /v1/:tenant/stack-instances/:id/stretchspaces/:id,1455,1455,0,0,0,0,0,0,1455,0,0,1455,0,0,0,0,0,0,0,0,0,0,0,0,0,0,0,
url_tenant_endpoint,dnd_qa_whic | POST /v1/:tenant/stack-instances,1449,0,1449,0,0,0,0,0,0,1449,0,0,1449,0,0,0,0,0,0,0,0,0,0,0,0,0,0,
url_tenant_endpoint,dnd_qa_whic | DELETE /v1/:tenant/stack-instances/:id,1424,0,1424,0,0,0,0,0,0,1424,0,0,0,0,1424,0,0,0,0,0,0,0,0,0,0,0,0,
url_tenant_endpoint,OneAndOne | DELETE /v1/:tenant/stack-instances/:id/webspaces/:id,1392,0,1392,0,1392,0,0,0,0,0,50,0,0,1342,0,0,0,0,0,23,0,0,4,0,1,22,0,
url_tenant_endpoint,OneAndOne | DELETE /v1/:tenant/stack-instances/:id/databases/:id,1390,0,1390,0,0,0,0,0,0,1390,15,0,0,1375,0,0,0,0,0,15,0,0,0,0,0,0,0,
url_tenant_endpoint,ionos_sfs | GET /v1/:tenant/stack-instances/:id/webshield/cdn-ips,1387,1387,0,0,0,0,0,0,1387,0,0,1387,0,0,0,0,0,0,0,0,0,0,0,0,0,0,0,
url_tenant_endpoint,base_piensa | GET /v1/:tenant/stack-instances/:id/databases/:id,1358,1358,0,0,0,0,0,0,1358,0,0,1358,0,0,0,0,0,0,0,0,0,0,0,0,0,0,0,
url_tenant_endpoint,gitspace_oneandone | GET /v1/:tenant/eventing/notifications,1345,1345,0,0,0,1345,0,0,0,0,71,1274,0,0,0,0,0,71,0,0,0,0,0,0,0,0,0,
url_tenant_endpoint,base_strato | GET /v1/:tenant/stack-instances/:id/webspaces/:id,1301,1301,0,1301,0,0,0,0,0,0,2,1299,0,0,0,0,0,0,0,2,0,0,0,0,0,0,0,
url_tenant_endpoint,trial_strato | GET /v1/:tenant/stack-instances/:id/stretchspaces/:id,1256,1256,0,0,0,0,0,0,1256,0,1,1255,0,0,0,0,0,1,0,0,0,0,0,0,0,0,0,
url_tenant_endpoint,base_worldforyou | POST /v1/:tenant/stack-instances/:id/stretchspaces/:id/accounts,1241,0,1241,0,0,0,0,0,0,1241,180,0,0,1061,0,0,0,165,0,0,0,0,5,0,0,10,0,
url_tenant_endpoint,base_strato | DELETE /v1/:tenant/stack-instances/:id/webshield/mappings/:id,1239,0,1239,0,0,0,0,0,0,1239,0,0,0,1239,0,0,0,0,0,0,0,0,0,0,0,0,0,
url_tenant_endpoint,OneAndOne | POST /v1/:tenant/stack-instances/:id/redirects,1230,0,1230,0,0,0,0,0,0,1230,0,0,0,1230,0,0,0,0,0,0,0,0,0,0,0,0,0,
url_tenant_endpoint,base_gmxde | GET /v1/:tenant/eventing/notifications,1216,1216,0,0,0,1216,0,0,0,0,0,1216,0,0,0,0,0,0,0,0,0,0,0,0,0,0,0,
url_tenant_endpoint,ionos_sfs | POST /v1/:tenant/stack-instances,1206,0,1206,0,0,0,0,0,0,1206,0,0,1206,0,0,0,0,0,0,0,0,0,0,0,0,0,0,
url_tenant_endpoint,mws8_oneandone | DELETE /v1/:tenant/stack-instances/:id/webspaces/:id/domains/:id,1171,0,1171,0,1171,0,0,0,0,0,226,0,0,945,0,0,0,0,0,179,0,0,1,0,1,45,0,
url_tenant_endpoint,trial_strato | GET /v1/:tenant/stack-instances/:id/stretchspaces/:id/accounts/:id,1128,1128,0,0,0,0,0,0,1128,0,0,1128,0,0,0,0,0,0,0,0,0,0,0,0,0,0,0,
url_tenant_endpoint,mgmt | GET /v1/:tenant/redirect-farm,1118,1118,0,0,0,0,0,0,1118,0,80,1038,0,0,0,0,0,80,0,0,0,0,0,0,0,0,0,
url_tenant_endpoint,base_strato | POST /v1/:tenant/stack-instances/:id/stretchspaces/:id/locks,1115,0,1115,0,0,0,0,0,0,1115,0,16,0,1099,0,0,0,0,0,0,0,0,0,0,0,0,0,
url_tenant_endpoint,base_fasthosts | DELETE /v1/:tenant/stack-instances/:id/stretchspaces/:id/domains/:id,1107,0,1107,0,0,0,0,0,0,1107,16,0,0,1091,0,0,0,0,0,16,0,0,0,0,0,0,0,
url_tenant_endpoint,base_homepl | POST /v1/:tenant/stack-instances/:id/stretchspaces/:id/accounts,1085,0,1085,0,0,0,0,0,0,1085,25,0,0,1060,0,0,0,0,0,16,0,0,6,0,0,3,0,
url_tenant_endpoint,OneAndOne | POST /v1/:tenant/stack-instances/:id/databases/:id/accounts,1081,0,1081,0,0,0,0,0,0,1081,0,0,0,1081,0,0,0,0,0,0,0,0,0,0,0,0,0,
url_tenant_endpoint,ionos_sfs | DELETE /v1/:tenant/stack-instances/:id/webshield/mappings/:id,1046,0,1046,0,0,0,0,0,0,1046,0,0,0,1046,0,0,0,0,0,0,0,0,0,0,0,0,0,
url_tenant_endpoint,qa_whic | GET /v1/:tenant/stack-instances/:id/webspaces/:id/accounts,1035,1035,0,1035,0,0,0,0,0,0,56,0,0,0,0,979,0,40,16,0,0,0,0,0,0,0,0,
url_tenant_endpoint,UDAG | GET /v1/:tenant/stack-instances/:id/webshield/mappings/:id,1016,1016,0,0,0,0,0,0,1016,0,95,921,0,0,0,0,0,0,0,95,0,0,0,0,0,0,0,
url_tenant_endpoint,base_fasthosts | DELETE /v1/:tenant/stack-instances/:id/redirects/:id,1009,0,1009,0,0,0,0,0,0,1009,0,0,0,1009,0,0,0,0,0,0,0,0,0,0,0,0,0,
url_tenant_endpoint,base_fasthosts | GET /v1/:tenant/stack-instances/:id/databases/:id/accounts,994,994,0,0,0,0,0,0,994,0,0,0,0,0,0,994,0,0,0,0,0,0,0,0,0,0,0,
url_tenant_endpoint,sandbox_udag | POST /v1/:tenant/stack-instances/:id/stretchspaces/:id/accounts,986,0,986,0,0,0,0,0,0,986,977,0,0,9,0,0,0,0,0,977,0,0,0,0,0,0,0,
url_tenant_endpoint,base_strato | GET /v1/:tenant/stack-instances/:id/webshield/mappings,973,973,0,0,0,0,0,0,973,0,0,973,0,0,0,0,0,0,0,0,0,0,0,0,0,0,0,
url_tenant_endpoint,gitspace_oneandone | PUT /v1/:tenant/stack-instances/:id/webspaces/:id,967,0,967,0,967,0,0,0,0,0,30,0,0,937,0,0,0,25,0,0,0,0,0,0,0,5,0,
url_tenant_endpoint,sandbox_qa_whic | GET /v1/:tenant/stack-instances/:id/webspaces/:id,967,967,0,967,0,0,0,0,0,0,104,863,0,0,0,0,0,40,16,48,0,0,0,0,0,0,0,
url_tenant_endpoint,OneAndOne | DELETE /v1/:tenant/stack-instances/:id/webspaces/:id/locks/:id,953,0,953,0,953,0,0,0,0,0,601,0,0,352,0,0,0,0,0,544,0,0,0,0,0,57,0,
url_tenant_endpoint,OneAndOne | DELETE /v1/:tenant/stack-instances/:id/stretchspaces/:id/accounts/:id,949,0,949,0,0,0,0,0,0,949,22,0,0,927,0,0,0,0,0,18,0,0,0,0,0,4,0,
url_tenant_endpoint,OneAndOne | PUT /v1/:tenant/stack-instances/:id/databases/:id,947,0,947,0,0,0,0,0,0,947,0,0,0,947,0,0,0,0,0,0,0,0,0,0,0,0,0,
url_tenant_endpoint,base_fasthosts | POST /v1/:tenant/stack-instances/:id/redirects,922,0,922,0,0,0,0,0,0,922,0,0,0,922,0,0,0,0,0,0,0,0,0,0,0,0,0,
url_tenant_endpoint,base_arsys | GET /v1/:tenant/stack-instances/:id/databases/:id,903,903,0,0,0,0,0,0,903,0,0,903,0,0,0,0,0,0,0,0,0,0,0,0,0,0,0,
url_tenant_endpoint,sandbox_qa_whic | POST /v1/:tenant/stack-instances/:id/webspaces,899,0,899,0,899,0,0,0,0,0,178,0,0,721,0,0,98,40,24,16,0,0,0,0,0,0,0,
url_tenant_endpoint,qa_whic | PUT /v1/:tenant/stack-instances/:id/stretchspaces/:id/accounts/:id,874,0,874,0,0,0,0,0,0,874,215,8,0,651,0,0,152,0,0,63,0,0,0,0,0,0,0,
url_tenant_endpoint,base_strato | DELETE /v1/:tenant/stack-instances/:id/stretchspaces/:id,873,0,873,0,0,0,0,0,0,873,13,0,0,860,0,0,0,0,0,8,0,0,0,0,0,5,0,
url_tenant_endpoint,qa_whic | POST /v1/:tenant/stack-instances/:id/stretchspaces/:id/accounts,848,0,848,0,0,0,0,0,0,848,315,0,0,533,0,0,315,0,0,0,0,0,0,0,0,0,0,
url_tenant_endpoint,UDAG | GET /v1/:tenant/stack-instances/:id/webspaces/:id/accounts/:id,835,835,0,835,0,0,0,0,0,0,4,831,0,0,0,0,0,0,0,4,0,0,0,0,0,0,0,
url_tenant_endpoint,sandbox_piensa | PUT /v1/:tenant/eventing/notifications/history/pointer/:id,759,0,759,0,0,0,759,0,0,0,0,0,0,0,759,0,0,0,0,0,0,0,0,0,0,0,0,
url_tenant_endpoint,qa_whic | POST /v1/:tenant/stack-instances/:id/webspaces/:id/accounts,754,0,754,0,754,0,0,0,0,0,282,0,0,472,0,0,218,40,24,0,0,0,0,0,0,0,0,
url_tenant_endpoint,base_fasthosts | GET /v1/:tenant/stack-instances/:id/webspaces/:id/accounts/:id,747,747,0,747,0,0,0,0,0,0,21,726,0,0,0,0,0,0,0,21,0,0,0,0,0,0,0,
url_tenant_endpoint,qa_whic | PUT /v1/:tenant/stack-instances/:id/webshield/mappings,730,0,730,0,0,0,0,0,0,730,168,0,0,562,0,0,80,40,24,0,0,0,24,0,0,0,0,
url_tenant_endpoint,OneAndOne | DELETE /v1/:tenant/stack-instances/:id/stretchspaces/:id/locks/:id,728,0,728,0,0,0,0,0,0,728,300,0,0,428,0,0,0,0,0,299,0,0,0,0,0,1,0,
url_tenant_endpoint,qa_whic | GET /v1/:tenant/stack-instances/:id/webspaces/:id/accounts/:id,722,722,0,722,0,0,0,0,0,0,120,602,0,0,0,0,16,40,48,16,0,0,0,0,0,0,0,
url_tenant_endpoint,qa_whic | POST /v1/:tenant/stack-instances/:id/stretchspaces/:id/locks,721,0,721,0,0,0,0,0,0,721,52,60,0,609,0,0,52,0,0,0,0,0,0,0,0,0,0,
url_tenant_endpoint,qa_whic | PUT /v1/:tenant/stack-instances/:id/databases/:id/accounts/:id,712,0,712,0,0,0,0,0,0,712,229,0,0,483,0,0,60,40,24,105,0,0,0,0,0,0,0,
url_tenant_endpoint,dnd_qa_whic | GET /v1/:tenant/stack-instances/:id/webspaces/:id,699,699,0,699,0,0,0,0,0,0,0,699,0,0,0,0,0,0,0,0,0,0,0,0,0,0,0,
url_tenant_endpoint,base_webde | GET /v1/:tenant/stack-instances/:id/databases,686,686,0,0,0,0,0,0,686,0,4,0,0,0,0,682,0,0,0,0,0,4,0,0,0,0,0,
url_tenant_endpoint,base_strato | POST /v1/:tenant/stack-instances/:id/webspaces,672,0,672,0,672,0,0,0,0,0,13,0,0,659,0,0,0,0,0,0,0,0,0,0,1,12,0,
url_tenant_endpoint,base_webde | GET /v1/:tenant/stack-instances/:id/webspaces/:id/domains/:id,672,672,0,672,0,0,0,0,0,0,67,605,0,0,0,0,0,0,0,67,0,0,0,0,0,0,0,
url_tenant_endpoint,UDAG | POST /v1/:tenant/stack-instances/:id/webspaces/:id/domains,671,0,671,0,671,0,0,0,0,0,1,0,0,670,0,0,0,0,0,0,1,0,0,0,0,0,0,
url_tenant_endpoint,qa_whic | DELETE /v1/:tenant/stack-instances/:id/webshield/mappings/:id/certificate,671,0,671,0,0,0,0,0,0,671,64,0,0,607,0,0,0,40,24,0,0,0,0,0,0,0,0,
url_tenant_endpoint,base_gmxde | POST /v1/:tenant/stack-instances/:id/webspaces/:id/accounts,669,0,669,0,669,0,0,0,0,0,35,0,0,634,0,0,0,0,0,23,0,0,0,0,0,12,0,
url_tenant_endpoint,qa_whic | GET /v1/:tenant/stack-instances/:id/redirects/:id,666,666,0,0,0,0,0,0,666,0,290,376,0,0,0,0,48,40,16,186,0,0,0,0,0,0,0,
url_tenant_endpoint,UDAG | GET /v1/:tenant/stack-instances/:id/databases/:id/accounts/:id,652,652,0,0,0,0,0,0,652,0,4,648,0,0,0,0,0,0,0,4,0,0,0,0,0,0,0,
url_tenant_endpoint,base_strato | POST /v1/:tenant/stack-instances/:id/webspaces/:id/accounts,650,0,650,0,650,0,0,0,0,0,0,0,0,650,0,0,0,0,0,0,0,0,0,0,0,0,0,
url_tenant_endpoint,base_worldforyou | PUT /v1/:tenant/stack-instances/:id/stretchspaces/:id,644,0,644,0,0,0,0,0,0,644,0,0,0,644,0,0,0,0,0,0,0,0,0,0,0,0,0,
url_tenant_endpoint,base_worldforyou | PUT /v1/:tenant/stack-instances/:id/webshield/mappings/:id/certificate,634,0,634,0,0,0,0,0,0,634,186,0,0,448,0,0,0,186,0,0,0,0,0,0,0,0,0,
url_tenant_endpoint,qa_whic | PUT /v1/:tenant/stack-instances/:id/webspaces/:id/accounts/:id,629,0,629,0,629,0,0,0,0,0,230,21,0,378,0,0,40,40,24,126,0,0,0,0,0,0,0,
url_tenant_endpoint,gitspace_oneandone | GET /v1/:tenant/stack-instances/:id/webspaces/:id,625,625,0,625,0,0,0,0,0,0,9,616,0,0,0,0,0,7,0,0,0,0,0,0,0,2,0,
url_tenant_endpoint,qa_whic | DELETE /v1/:tenant/stack-instances/:id/databases/:id/accounts/:id,625,0,625,0,0,0,0,0,0,625,72,0,0,553,0,0,0,40,24,8,0,0,0,0,0,0,0,
url_tenant_endpoint,sandbox_qa_whic | GET /v1/:tenant/stack-instances/:id,623,623,0,0,0,0,0,0,623,0,306,317,0,0,0,0,0,70,16,220,0,0,0,0,0,0,0,
url_tenant_endpoint,base_strato | POST /v1/:tenant/stack-instances/:id/databases/:id/accounts,617,0,617,0,0,0,0,0,0,617,0,0,0,617,0,0,0,0,0,0,0,0,0,0,0,0,0,
url_tenant_endpoint,base_strato | GET /v1/:tenant/stack-instances/:id/webshield/public-ips,605,605,0,0,0,0,0,0,605,0,0,605,0,0,0,0,0,0,0,0,0,0,0,0,0,0,0,
url_tenant_endpoint,UDAG | GET /v1/:tenant/stack-instances/:id/stretchspaces/:id/domains/:id,592,592,0,0,0,0,0,0,592,0,188,404,0,0,0,0,0,0,0,188,0,0,0,0,0,0,0,
url_tenant_endpoint,base_ionoscloud | PUT /v1/:tenant/verify-domain/:id,592,0,592,0,0,0,0,0,0,592,0,592,0,0,0,0,0,0,0,0,0,0,0,0,0,0,0,
url_tenant_endpoint,OneAndOne | DELETE /v1/:tenant/stack-instances/:id/stretchspaces/:id,588,0,588,0,0,0,0,0,0,588,33,0,0,555,0,0,0,0,0,32,0,0,0,0,0,1,0,
url_tenant_endpoint,base_piensa | GET /v1/:tenant/stack-instances/:id/webshield/public-ips,582,582,0,0,0,0,0,0,582,0,0,582,0,0,0,0,0,0,0,0,0,0,0,0,0,0,0,
url_tenant_endpoint,UDAG | PUT /v1/:tenant/stack-instances/:id/webspaces/:id/domains/:id,577,0,577,0,577,0,0,0,0,0,6,0,0,571,0,0,0,0,0,0,0,0,0,0,0,6,0,
url_tenant_endpoint,base_arsys | GET /v1/:tenant/stack-instances/:id/webshield/public-ips,568,568,0,0,0,0,0,0,568,0,0,568,0,0,0,0,0,0,0,0,0,0,0,0,0,0,0,
url_tenant_endpoint,qa_whic | GET /v1/:tenant/stack-instances/:id/stretchspaces/:id/accounts/:id,565,565,0,0,0,0,0,0,565,0,0,565,0,0,0,0,0,0,0,0,0,0,0,0,0,0,0,
url_tenant_endpoint,base_fasthosts | DELETE /v1/:tenant/stack-instances/:id/webspaces/:id/domains/:id,562,0,562,0,562,0,0,0,0,0,20,0,0,542,0,0,0,0,0,15,0,0,1,0,0,4,0,
url_tenant_endpoint,base_worldforyou | POST /v1/:tenant/stack-instances/:id/databases,562,0,562,0,0,0,0,0,0,562,281,0,0,281,0,0,0,281,0,0,0,0,0,0,0,0,0,
url_tenant_endpoint,sandbox_piensa | POST /v1/:tenant/stack-instances/:id/webspaces/:id/accounts,562,0,562,0,562,0,0,0,0,0,562,0,0,0,0,0,0,0,0,562,0,0,0,0,0,0,0,
url_tenant_endpoint,sandbox_qa_whic | POST /v1/:tenant/stack-instances/:id/stretchspaces,560,0,560,0,0,0,0,0,0,560,228,0,0,332,0,0,228,0,0,0,0,0,0,0,0,0,0,
url_tenant_endpoint,mws8_oneandone | DELETE /v1/:tenant/stack-instances/:id,527,0,527,0,0,0,0,0,0,527,1,0,0,0,526,0,0,0,0,1,0,0,0,0,0,0,0,
url_tenant_endpoint,sandbox_gmxde | POST /v1/:tenant/stack-instances/:id/webspaces/:id/accounts,524,0,524,0,524,0,0,0,0,0,524,0,0,0,0,0,0,0,0,524,0,0,0,0,0,0,0,
url_tenant_endpoint,qa_whic | DELETE /v1/:tenant/stack-instances/:id/databases/:id,516,0,516,0,0,0,0,0,0,516,70,0,0,446,0,0,0,0,0,70,0,0,0,0,0,0,0,
url_tenant_endpoint,gitspace_oneandone | PUT /v1/:tenant/stack-instances/:id/webshield/mappings/:id/:id/:id,507,0,507,0,0,0,0,0,0,507,13,0,0,0,494,0,0,13,0,0,0,0,0,0,0,0,0,
url_tenant_endpoint,base_webde | PUT /v1/:tenant/stack-instances/:id/webshield/mappings/:id/:id/:id,506,0,506,0,0,0,0,0,0,506,2,0,0,0,504,0,0,0,0,2,0,0,0,0,0,0,0,
url_tenant_endpoint,OneAndOne | GET /v1/:tenant/stack-instances/:id/databases/:id/accounts/:id,481,481,0,0,0,0,0,0,481,0,0,481,0,0,0,0,0,0,0,0,0,0,0,0,0,0,0,
url_tenant_endpoint,qa_whic | DELETE /v1/:tenant/stack-instances/:id/webspaces/:id,481,0,481,0,481,0,0,0,0,0,5,0,0,476,0,0,0,0,0,5,0,0,0,0,0,0,0,
url_tenant_endpoint,base_gmxde | GET /v1/:tenant/stack-instances/:id/databases,476,476,0,0,0,0,0,0,476,0,0,0,0,0,0,476,0,0,0,0,0,0,0,0,0,0,0,
url_tenant_endpoint,UDAG | DELETE /v1/:tenant/stack-instances/:id/webspaces/:id/domains/:id,464,0,464,0,464,0,0,0,0,0,12,0,0,452,0,0,0,0,0,1,0,0,0,0,0,11,0,
url_tenant_endpoint,sandbox_webde | POST /v1/:tenant/stack-instances/:id/webspaces/:id/accounts,463,0,463,0,463,0,0,0,0,0,463,0,0,0,0,0,0,0,0,463,0,0,0,0,0,0,0,
url_tenant_endpoint,base_webde | PUT /v1/:tenant/stack-instances/:id/webspaces/:id/accounts/:id,462,0,462,0,462,0,0,0,0,0,35,0,0,427,0,0,0,0,0,0,0,0,1,0,2,32,0,
url_tenant_endpoint,qa_whic | GET /v1/:tenant/stack-instances,460,460,0,0,0,0,0,0,460,0,188,0,0,0,0,272,79,40,16,0,0,53,0,0,0,0,0,
url_tenant_endpoint,base_fasthosts | GET /v1/:tenant/stack-instances/:id/stretchspaces/:id/accounts/:id,458,458,0,0,0,0,0,0,458,0,0,458,0,0,0,0,0,0,0,0,0,0,0,0,0,0,0,
url_tenant_endpoint,base_fasthosts | POST /v1/:tenant/stack-instances/:id/webspaces/:id/domains,458,0,458,0,458,0,0,0,0,0,26,13,0,419,0,0,0,0,0,0,24,0,0,0,0,2,0,
url_tenant_endpoint,base_webde | PUT /v1/:tenant/stack-instances/:id/webspaces/:id,457,0,457,0,457,0,0,0,0,0,0,0,0,457,0,0,0,0,0,0,0,0,0,0,0,0,0,
url_tenant_endpoint,sandbox_udag | POST /v1/:tenant/stack-instances/:id/webspaces/:id/accounts,457,0,457,0,457,0,0,0,0,0,457,0,0,0,0,0,0,0,0,457,0,0,0,0,0,0,0,
url_tenant_endpoint,gitspace_oneandone | POST /v1/:tenant/stack-instances/:id/webspaces,456,0,456,0,456,0,0,0,0,0,44,0,0,412,0,0,0,23,0,0,0,0,0,0,1,20,0,
url_tenant_endpoint,qa_whic | POST /v1/:tenant/stack-instances/:id/stretchspaces/:id/accounts/import,443,0,443,0,0,0,0,0,0,443,197,0,0,246,0,0,140,0,0,0,57,0,0,0,0,0,0,
url_tenant_endpoint,dnd_qa_whic | GET /v1/:tenant/stack-instances/:id/stretchspaces/:id,441,441,0,0,0,0,0,0,441,0,0,441,0,0,0,0,0,0,0,0,0,0,0,0,0,0,0,
url_tenant_endpoint,UDAG | GET /v1/:tenant/stack-instances/:id/webspaces/:id,435,435,0,435,0,0,0,0,0,0,59,376,0,0,0,0,0,0,0,59,0,0,0,0,0,0,0,
url_tenant_endpoint,dnd_qa_whic | POST /v1/:tenant/stack-instances/:id/webspaces,434,0,434,0,434,0,0,0,0,0,0,0,0,434,0,0,0,0,0,0,0,0,0,0,0,0,0,
url_tenant_endpoint,base_webde | PUT /v1/:tenant/stack-instances/:id/webspaces/:id/domains/:id,433,0,433,0,433,0,0,0,0,0,0,37,0,396,0,0,0,0,0,0,0,0,0,0,0,0,0,
url_tenant_endpoint,base_webde | POST /v1/:tenant/stack-instances/:id/webspaces/:id/domains,429,0,429,0,429,0,0,0,0,0,10,1,0,418,0,0,0,0,0,0,10,0,0,0,0,0,0,
url_tenant_endpoint,sandbox_fasthosts | POST /v1/:tenant/stack-instances/:id/stretchspaces/:id/accounts,425,0,425,0,0,0,0,0,0,425,425,0,0,0,0,0,0,0,0,425,0,0,0,0,0,0,0,
url_tenant_endpoint,mws8_oneandone | POST /v1/:tenant/stack-instances/:id/webspaces/:id/locks,418,0,418,0,418,0,0,0,0,0,0,144,0,274,0,0,0,0,0,0,0,0,0,0,0,0,0,
url_tenant_endpoint,base_webde | DELETE /v1/:tenant/stack-instances/:id/webspaces/:id/domains/:id,415,0,415,0,415,0,0,0,0,0,4,0,0,411,0,0,0,0,0,4,0,0,0,0,0,0,0,
url_tenant_endpoint,base_worldforyou | PUT /v1/:tenant/stack-instances/:id/stretchspaces/:id/accounts/:id,414,0,414,0,0,0,0,0,0,414,0,0,0,414,0,0,0,0,0,0,0,0,0,0,0,0,0,
url_tenant_endpoint,mws8_oneandone | DELETE /v1/:tenant/stack-instances/:id/webspaces/:id/locks/:id,413,0,413,0,413,0,0,0,0,0,182,0,0,231,0,0,0,0,0,169,0,0,1,0,0,12,0,
url_tenant_endpoint,qa_whic | GET /v1/:tenant/stack-instances/:id/stretchspaces/:id/accounts,408,408,0,0,0,0,0,0,408,0,0,0,0,0,0,408,0,0,0,0,0,0,0,0,0,0,0,
url_tenant_endpoint,base_gmxde | GET /v1/:tenant/stack-instances/:id/webspaces/:id/domains/:id,403,403,0,403,0,0,0,0,0,0,2,401,0,0,0,0,0,0,0,2,0,0,0,0,0,0,0,
url_tenant_endpoint,qa_whic | GET /v1/:tenant/stack-instances/:id/webspaces/:id/domains/:id,394,394,0,394,0,0,0,0,0,0,136,258,0,0,0,0,16,40,48,32,0,0,0,0,0,0,0,
url_tenant_endpoint,dnd_qa_whic | PUT /v1/:tenant/stack-instances/:id/databases/:id,390,0,390,0,0,0,0,0,0,390,0,0,0,390,0,0,0,0,0,0,0,0,0,0,0,0,0,
url_tenant_endpoint,qa_whic | PATCH /v1/:tenant/stack-instances/:id/webshield/mappings,390,0,390,0,0,0,0,0,0,390,178,0,0,212,0,0,106,40,24,0,0,0,8,0,0,0,0,
url_tenant_endpoint,base_homepl | GET /v1/:tenant/stack-instances/:id/databases/:id,386,386,0,0,0,0,0,0,386,0,0,386,0,0,0,0,0,0,0,0,0,0,0,0,0,0,0,
url_tenant_endpoint,base_homepl | POST /v1/:tenant/stack-instances/:id/stretchspaces/:id/domains,384,0,384,0,0,0,0,0,0,384,0,2,0,382,0,0,0,0,0,0,0,0,0,0,0,0,0,
url_tenant_endpoint,base_webde | GET /v1/:tenant/stack-instances/:id/databases/:id,377,377,0,0,0,0,0,0,377,0,0,377,0,0,0,0,0,0,0,0,0,0,0,0,0,0,0,
url_tenant_endpoint,qa_whic | DELETE /v1/:tenant/stack-instances/:id/webspaces/:id/locks/:id,366,0,366,0,366,0,0,0,0,0,72,0,0,294,0,0,0,40,24,8,0,0,0,0,0,0,0,
url_tenant_endpoint,base_fasthosts | GET /v1/:tenant/stack-instances/:id/webshield/mappings,365,365,0,0,0,0,0,0,365,0,0,365,0,0,0,0,0,0,0,0,0,0,0,0,0,0,0,
url_tenant_endpoint,base_strato | DELETE /v1/:tenant/stack-instances/:id,360,0,360,0,0,0,0,0,0,360,0,0,0,0,360,0,0,0,0,0,0,0,0,0,0,0,0,
url_tenant_endpoint,sandbox_arsys | POST /v1/:tenant/stack-instances/:id/stretchspaces/:id/accounts,360,0,360,0,0,0,0,0,0,360,360,0,0,0,0,0,0,0,0,360,0,0,0,0,0,0,0,
url_tenant_endpoint,qa_whic | DELETE /v1/:tenant/stack-instances/:id/stretchspaces/:id/accounts/:id,359,0,359,0,0,0,0,0,0,359,0,0,0,359,0,0,0,0,0,0,0,0,0,0,0,0,0,
url_tenant_endpoint,qa_whic | PUT /v1/:tenant/stack-instances/:id/redirects/:id,358,0,358,0,0,0,0,0,0,358,116,0,0,242,0,0,52,40,24,0,0,0,0,0,0,0,0,
url_tenant_endpoint,sandbox_qa_whic | GET /v1/:tenant/stack-instances/:id/databases/:id,356,356,0,0,0,0,0,0,356,0,152,204,0,0,0,0,0,40,16,96,0,0,0,0,0,0,0,
url_tenant_endpoint,base_fasthosts | POST /v1/:tenant/stack-instances,346,0,346,0,0,0,0,0,0,346,1,0,345,0,0,0,0,1,0,0,0,0,0,0,0,0,0,
url_tenant_endpoint,base_webde | GET /v1/:tenant/stack-instances/:id/webspaces/:id/accounts/:id,343,343,0,343,0,0,0,0,0,0,17,326,0,0,0,0,0,0,0,0,0,0,0,0,0,17,0,
url_tenant_endpoint,qa_whic | GET /v1/:tenant/stack-instances/:id/webshield/mappings,334,334,0,0,0,0,0,0,334,0,104,230,0,0,0,0,16,40,48,0,0,0,0,0,0,0,0,
url_tenant_endpoint,base_strato | DELETE /v1/:tenant/stack-instances/:id/stretchspaces/:id/accounts/:id,330,0,330,0,0,0,0,0,0,330,2,0,0,328,0,0,0,0,0,0,0,0,0,0,0,2,0,
url_tenant_endpoint,qa_whic | POST /v1/:tenant/stack-instances/:id/webspaces/:id/domains,329,0,329,0,329,0,0,0,0,0,126,21,0,182,0,0,55,40,24,0,7,0,0,0,0,0,0,
url_tenant_endpoint,UDAG | PUT /v1/:tenant/stack-instances/:id/webspaces/:id/accounts/:id,327,0,327,0,327,0,0,0,0,0,2,0,0,325,0,0,0,0,0,0,0,0,0,0,0,2,0,
url_tenant_endpoint,base_fasthosts | POST /v1/:tenant/stack-instances/:id/databases/:id/locks,322,0,322,0,0,0,0,0,0,322,0,181,0,141,0,0,0,0,0,0,0,0,0,0,0,0,0,
url_tenant_endpoint,base_fasthosts | PUT /v1/:tenant/stack-instances/:id/stretchspaces/:id,322,0,322,0,0,0,0,0,0,322,0,15,0,307,0,0,0,0,0,0,0,0,0,0,0,0,0,
url_tenant_endpoint,base_webde | POST /v1/:tenant/stack-instances/:id/redirects,310,0,310,0,0,0,0,0,0,310,10,0,0,300,0,0,0,0,0,0,10,0,0,0,0,0,0,
url_tenant_endpoint,sandbox_qa_whic | GET /v1/:tenant/stack-instances/:id/stretchspaces/:id,304,304,0,0,0,0,0,0,304,0,0,304,0,0,0,0,0,0,0,0,0,0,0,0,0,0,0,
url_tenant_endpoint,dnd_qa_whic | PUT /v1/:tenant/stack-instances/:id/stretchspaces/:id,301,0,301,0,0,0,0,0,0,301,0,0,0,301,0,0,0,0,0,0,0,0,0,0,0,0,0,
url_tenant_endpoint,sandbox_webde | POST /v1/:tenant/stack-instances/:id/stretchspaces/:id/accounts,300,0,300,0,0,0,0,0,0,300,300,0,0,0,0,0,0,0,0,300,0,0,0,0,0,0,0,
url_tenant_endpoint,strato_sfs | PATCH /v1/:tenant/stack-instances/:id/webshield/mappings,298,0,298,0,0,0,0,0,0,298,0,0,0,298,0,0,0,0,0,0,0,0,0,0,0,0,0,
url_tenant_endpoint,base_worldforyou | DELETE /v1/:tenant/stack-instances/:id/databases/:id,294,0,294,0,0,0,0,0,0,294,147,0,0,147,0,0,0,147,0,0,0,0,0,0,0,0,0,
url_tenant_endpoint,base_fasthosts | PUT /v1/:tenant/stack-instances/:id/webspaces/:id,291,0,291,0,291,0,0,0,0,0,7,23,0,261,0,0,0,0,0,0,0,0,0,0,0,7,0,
url_tenant_endpoint,UDAG | PUT /v1/:tenant/stack-instances/:id/stretchspaces/:id,288,0,288,0,0,0,0,0,0,288,0,0,0,288,0,0,0,0,0,0,0,0,0,0,0,0,0,
url_tenant_endpoint,base_worldforyou | GET /v1/:tenant/stack-instances/:id/databases/:id/accounts/:id,287,287,0,0,0,0,0,0,287,0,3,284,0,0,0,0,0,3,0,0,0,0,0,0,0,0,0,
url_tenant_endpoint,UDAG | GET /v1/:tenant/stack-instances/:id,284,284,0,0,0,0,0,0,284,0,59,225,0,0,0,0,0,0,0,59,0,0,0,0,0,0,0,
url_tenant_endpoint,base_gmxde | PUT /v1/:tenant/stack-instances/:id/webspaces/:id,282,0,282,0,282,0,0,0,0,0,0,0,0,282,0,0,0,0,0,0,0,0,0,0,0,0,0,
url_tenant_endpoint,base_homepl | DELETE /v1/:tenant/stack-instances/:id/stretchspaces/:id/domains/:id,281,0,281,0,0,0,0,0,0,281,3,0,0,278,0,0,0,0,0,3,0,0,0,0,0,0,0,
url_tenant_endpoint,qa_whic | DELETE /v1/:tenant/stack-instances/:id/webspaces/:id/domains/:id,281,0,281,0,281,0,0,0,0,0,80,0,0,201,0,0,0,40,24,16,0,0,0,0,0,0,0,
url_tenant_endpoint,stack-instances | GET /v1/:tenant/:id,275,275,0,0,0,0,0,0,275,0,275,0,0,0,0,0,0,0,0,275,0,0,0,0,0,0,0,
url_tenant_endpoint,qa_whic | POST /v1/:tenant/stack-instances/:id/stretchspaces/import,272,0,272,0,0,0,0,0,0,272,192,0,0,80,0,0,120,40,32,0,0,0,0,0,0,0,0,
url_tenant_endpoint,sandbox_qa_whic | GET /v1/:tenant/eventing/notifications/history,272,272,0,0,0,272,0,0,0,0,40,232,0,0,0,0,0,40,0,0,0,0,0,0,0,0,0,
url_tenant_endpoint,sandbox_qa_whic | POST /v1/:tenant/stack-instances/:id/databases,267,0,267,0,0,0,0,0,0,267,100,0,0,167,0,0,30,40,30,0,0,0,0,0,0,0,0,
url_tenant_endpoint,base_gmxde | PUT /v1/:tenant/stack-instances/:id/webspaces/:id/accounts/:id,266,0,266,0,266,0,0,0,0,0,0,0,0,266,0,0,0,0,0,0,0,0,0,0,0,0,0,
url_tenant_endpoint,qa_whic | DELETE /v1/:tenant/stack-instances/:id/webspaces/:id/accounts/:id,261,0,261,0,261,0,0,0,0,0,72,0,0,189,0,0,0,40,24,8,0,0,0,0,0,0,0,
url_tenant_endpoint,base_homepl | GET /v1/:tenant/stack-instances/:id/stretchspaces/:id/domains/:id,258,258,0,0,0,0,0,0,258,0,0,258,0,0,0,0,0,0,0,0,0,0,0,0,0,0,0,
url_tenant_endpoint,base_gmxde | PUT /v1/:tenant/stack-instances/:id/webspaces/:id/domains/:id,254,0,254,0,254,0,0,0,0,0,0,16,0,238,0,0,0,0,0,0,0,0,0,0,0,0,0,
url_tenant_endpoint,sandbox_qa_whic | GET /v1/:tenant/stack-instances/:id/redirects/:id,251,251,0,0,0,0,0,0,251,0,208,43,0,0,0,0,0,40,16,152,0,0,0,0,0,0,0,
url_tenant_endpoint,qa_whic | GET /v1/:tenant/stack-instances/:id/webshield/mappings/:id/certificate,249,249,0,0,0,0,0,0,249,0,170,79,0,0,0,0,0,40,16,114,0,0,0,0,0,0,0,
url_tenant_endpoint,base_gmxde | DELETE /v1/:tenant/stack-instances/:id/webspaces/:id/domains/:id,248,0,248,0,248,0,0,0,0,0,2,0,0,246,0,0,0,0,0,2,0,0,0,0,0,0,0,
url_tenant_endpoint,sandbox_worldforyou | GET /v1/:tenant/stack-instances/:id/stretchspaces/:id,248,248,0,0,0,0,0,0,248,0,144,104,0,0,0,0,0,76,0,68,0,0,0,0,0,0,0,
url_tenant_endpoint,qa_whic | POST /v1/:tenant/stack-instances/:id/webshield/:id,247,0,247,0,0,0,0,0,0,247,111,0,0,136,0,0,8,40,24,0,13,0,26,0,0,0,0,
url_tenant_endpoint,base_fasthosts | POST /v1/:tenant/stack-instances/:id/databases/:id/accounts,245,0,245,0,0,0,0,0,0,245,0,0,0,245,0,0,0,0,0,0,0,0,0,0,0,0,0,
url_tenant_endpoint,base_fasthosts | DELETE /v1/:tenant/stack-instances/:id,243,0,243,0,0,0,0,0,0,243,0,0,0,0,243,0,0,0,0,0,0,0,0,0,0,0,0,
url_tenant_endpoint,qa_whic | GET /v1/:tenant/stack-instances/:id/webspaces/:id/locks,240,240,0,240,0,0,0,0,0,0,56,184,0,0,0,0,0,40,16,0,0,0,0,0,0,0,0,
url_tenant_endpoint,ionos_sfs | DELETE /v1/:tenant/stack-instances/:id,236,0,236,0,0,0,0,0,0,236,0,0,0,0,236,0,0,0,0,0,0,0,0,0,0,0,0,
url_tenant_endpoint,UDAG | POST /v1/:tenant/stack-instances,235,0,235,0,0,0,0,0,0,235,2,0,233,0,0,0,0,2,0,0,0,0,0,0,0,0,0,
url_tenant_endpoint,base_gmxde | POST /v1/:tenant/stack-instances/:id/webspaces/:id/domains,235,0,235,0,235,0,0,0,0,0,1,0,0,234,0,0,0,0,0,0,1,0,0,0,0,0,0,
url_tenant_endpoint,qa_whic | GET /v1/:tenant/stack-instances/:id/webspaces,234,234,0,234,0,0,0,0,0,0,121,0,0,0,0,113,65,40,16,0,0,0,0,0,0,0,0,
url_tenant_endpoint,UDAG | GET /v1/:tenant/stack-instances/:id/webshield/public-ips,233,233,0,0,0,0,0,0,233,0,0,233,0,0,0,0,0,0,0,0,0,0,0,0,0,0,0,
url_tenant_endpoint,sandbox_gmxde | POST /v1/:tenant/stack-instances/:id/stretchspaces/:id/accounts,232,0,232,0,0,0,0,0,0,232,232,0,0,0,0,0,0,0,0,232,0,0,0,0,0,0,0,
url_tenant_endpoint,dnd_qa_whic | POST /v1/:tenant/stack-instances/:id/databases/:id/accounts,230,0,230,0,0,0,0,0,0,230,0,0,0,230,0,0,0,0,0,0,0,0,0,0,0,0,0,
url_tenant_endpoint,base_fasthosts | GET /v1/:tenant/stack-instances/:id/webshield/public-ips,228,228,0,0,0,0,0,0,228,0,0,228,0,0,0,0,0,0,0,0,0,0,0,0,0,0,0,
url_tenant_endpoint,base_fasthosts | POST /v1/:tenant/stack-instances/:id/databases,228,0,228,0,0,0,0,0,0,228,0,0,0,228,0,0,0,0,0,0,0,0,0,0,0,0,0,
url_tenant_endpoint,qa_whic | POST /v1/:tenant/stack-instances/:id/web-analytics-profiles,226,0,226,0,0,0,0,0,0,226,48,0,178,0,0,0,32,0,0,0,16,0,0,0,0,0,0,
url_tenant_endpoint,base_piensa | GET /v1/:tenant/stack-instances/:id/webspaces/:id/accounts/:id,225,225,0,225,0,0,0,0,0,0,0,225,0,0,0,0,0,0,0,0,0,0,0,0,0,0,0,
url_tenant_endpoint,base_arsys | POST /v1/:tenant/stack-instances/:id/stretchspaces/:id/domains,222,0,222,0,0,0,0,0,0,222,0,11,0,211,0,0,0,0,0,0,0,0,0,0,0,0,0,
url_tenant_endpoint,qa_whic | PUT /v1/:tenant/stack-instances/:id/webspaces/:id/domains/:id,222,0,222,0,222,0,0,0,0,0,104,21,0,97,0,0,40,40,24,0,0,0,0,0,0,0,0,
url_tenant_endpoint,base_arsys | GET /v1/:tenant/stack-instances/:id/stretchspaces/:id/domains/:id,220,220,0,0,0,0,0,0,220,0,0,220,0,0,0,0,0,0,0,0,0,0,0,0,0,0,0,
url_tenant_endpoint,base_piensa | GET /v1/:tenant/stack-instances/:id/stretchspaces/:id/domains/:id,220,220,0,0,0,0,0,0,220,0,0,220,0,0,0,0,0,0,0,0,0,0,0,0,0,0,0,
url_tenant_endpoint,strato_sfs | POST /v1/:tenant/stack-instances,214,0,214,0,0,0,0,0,0,214,0,0,214,0,0,0,0,0,0,0,0,0,0,0,0,0,0,
url_tenant_endpoint,sandbox_qa_whic | POST /v1/:tenant/stack-instances/:id/stretchspaces/import,210,0,210,0,0,0,0,0,0,210,138,0,0,72,0,0,56,40,42,0,0,0,0,0,0,0,0,
url_tenant_endpoint,sandbox_qa_whic | GET /v1/:tenant/stack-instances/:id/databases/:id/accounts/:id,203,203,0,0,0,0,0,0,203,0,168,35,0,0,0,0,0,40,16,112,0,0,0,0,0,0,0,
url_tenant_endpoint,gitspace_oneandone | GET /v1/:tenant/stack-instances/:id/webshield/public-ips,202,202,0,0,0,0,0,0,202,0,6,196,0,0,0,0,0,6,0,0,0,0,0,0,0,0,0,
url_tenant_endpoint,base_gmxde | PUT /v1/:tenant/stack-instances/:id/webshield/mappings/:id/:id/:id,200,0,200,0,0,0,0,0,0,200,5,0,0,0,195,0,0,0,0,5,0,0,0,0,0,0,0,
url_tenant_endpoint,base_fasthosts | POST /v1/:tenant/stack-instances/:id/stretchspaces,196,0,196,0,0,0,0,0,0,196,1,0,0,195,0,0,0,0,0,0,0,0,0,0,0,1,0,
url_tenant_endpoint,dnd_qa_whic | DELETE /v1/:tenant/stack-instances/:id/databases/:id/accounts/:id,195,0,195,0,0,0,0,0,0,195,0,0,0,195,0,0,0,0,0,0,0,0,0,0,0,0,0,
url_tenant_endpoint,base_piensa | POST /v1/:tenant/stack-instances/:id/stretchspaces/:id/domains,194,0,194,0,0,0,0,0,0,194,0,6,0,188,0,0,0,0,0,0,0,0,0,0,0,0,0,
url_tenant_endpoint,qa_whic | POST /v1/:tenant/stack-instances/:id/databases/:id/locks,194,0,194,0,0,0,0,0,0,194,124,0,0,70,0,0,60,40,24,0,0,0,0,0,0,0,0,
url_tenant_endpoint,qa_whic | GET /v1/:tenant/stack-instances/:id/databases,179,179,0,0,0,0,0,0,179,0,163,0,0,0,0,16,65,40,16,7,0,35,0,0,0,0,0,
url_tenant_endpoint,qa_whic | POST /v1/:tenant/stack-instances/:id/stretchspaces/:id/domains,177,0,177,0,0,0,0,0,0,177,49,8,0,120,0,0,40,0,0,0,8,0,0,0,0,1,0,
url_tenant_endpoint,qa_whic | GET /v1/:tenant/stack-instances/:id/web-analytics-profiles/:id,175,175,0,0,0,0,0,0,175,0,42,133,0,0,0,0,0,0,0,42,0,0,0,0,0,0,0,
url_tenant_endpoint,sandbox_qa_whic | POST /v1/:tenant/stack-instances/:id/redirects,175,0,175,0,0,0,0,0,0,175,64,0,0,111,0,0,0,40,24,0,0,0,0,0,0,0,0,
url_tenant_endpoint,sandbox_qa_whic | POST /v1/:tenant/stack-instances/:id/webshield/mappings,174,0,174,0,0,0,0,0,0,174,94,0,0,80,0,0,30,40,24,0,0,0,0,0,0,0,0,
url_tenant_endpoint,base_gmxde | POST /v1/:tenant/stack-instances/:id/redirects,170,0,170,0,0,0,0,0,0,170,0,0,0,170,0,0,0,0,0,0,0,0,0,0,0,0,0,
url_tenant_endpoint,UDAG | PUT /v1/:tenant/stack-instances/:id/databases/:id,168,0,168,0,0,0,0,0,0,168,0,0,0,168,0,0,0,0,0,0,0,0,0,0,0,0,0,
url_tenant_endpoint,base_gmxde | GET /v1/:tenant/stack-instances/:id/webspaces/:id/accounts/:id,168,168,0,168,0,0,0,0,0,0,0,168,0,0,0,0,0,0,0,0,0,0,0,0,0,0,0,
url_tenant_endpoint,qa_whic | GET /v1/:tenant/stack-instances/:id/redirects,168,168,0,0,0,0,0,0,168,0,56,0,0,0,0,112,0,40,16,0,0,0,0,0,0,0,0,
url_tenant_endpoint,UDAG | POST /v1/:tenant/stack-instances/:id/webspaces,166,0,166,0,166,0,0,0,0,0,0,0,0,166,0,0,0,0,0,0,0,0,0,0,0,0,0,
url_tenant_endpoint,base_gmxde | GET /v1/:tenant/stack-instances/:id/databases/:id,166,166,0,0,0,0,0,0,166,0,0,166,0,0,0,0,0,0,0,0,0,0,0,0,0,0,0,
url_tenant_endpoint,base_homepl | POST /v1/:tenant/stack-instances/:id/databases/:id/accounts,165,0,165,0,0,0,0,0,0,165,0,0,0,165,0,0,0,0,0,0,0,0,0,0,0,0,0,
url_tenant_endpoint,sandbox_fasthosts | POST /v1/:tenant/stack-instances/:id/webspaces/:id/accounts,165,0,165,0,165,0,0,0,0,0,165,0,0,0,0,0,0,0,0,165,0,0,0,0,0,0,0,
url_tenant_endpoint,dnd_qa_whic | POST /v1/:tenant/stack-instances/:id/stretchspaces,162,0,162,0,0,0,0,0,0,162,0,0,0,162,0,0,0,0,0,0,0,0,0,0,0,0,0,
url_tenant_endpoint,UDAG | DELETE /v1/:tenant/stack-instances/:id/stretchspaces/:id/domains/:id,160,0,160,0,0,0,0,0,0,160,7,0,0,153,0,0,0,0,0,7,0,0,0,0,0,0,0,
url_tenant_endpoint,qa_whic | PUT /v1/:tenant/eventing/notifications/history/pointer/:id,160,0,160,0,0,0,160,0,0,0,56,0,0,0,104,0,16,40,0,0,0,0,0,0,0,0,0,
url_tenant_endpoint,sandbox_qa_whic | GET /v1/:tenant/stack-instances/:id/webshield/mappings,160,160,0,0,0,0,0,0,160,0,144,16,0,0,0,0,0,40,16,88,0,0,0,0,0,0,0,
url_tenant_endpoint,sandbox_qa_whic | PUT /v1/:tenant/stack-instances/:id/stretchspaces/:id,160,0,160,0,0,0,0,0,0,160,124,0,0,36,0,0,124,0,0,0,0,0,0,0,0,0,0,
url_tenant_endpoint,Domains | GET /v1/:tenant/stack-instances/:id/redirects/:id,157,157,0,0,0,0,0,0,157,0,56,101,0,0,0,0,0,0,0,56,0,0,0,0,0,0,0,
url_tenant_endpoint,WhicQAdnd | DELETE /v1/:tenant/eventing/notifications/:id,154,0,154,0,0,0,154,0,0,0,0,0,0,0,154,0,0,0,0,0,0,0,0,0,0,0,0,
url_tenant_endpoint,WhicQAdnd | GET /v1/:tenant/eventing/notifications,154,154,0,0,0,154,0,0,0,0,0,154,0,0,0,0,0,0,0,0,0,0,0,0,0,0,0,
url_tenant_endpoint,qa_whic | PUT /v1/:tenant/stack-instances/:id,154,0,154,0,0,0,0,0,0,154,64,90,0,0,0,0,0,40,24,0,0,0,0,0,0,0,0,
url_tenant_endpoint,sandbox_udag | DELETE /v1/:tenant/eventing/notifications/:id,154,0,154,0,0,0,154,0,0,0,0,0,0,0,154,0,0,0,0,0,0,0,0,0,0,0,0,
url_tenant_endpoint,base_homepl | PUT /v1/:tenant/stack-instances/:id/stretchspaces/:id,152,0,152,0,0,0,0,0,0,152,0,0,0,152,0,0,0,0,0,0,0,0,0,0,0,0,0,
url_tenant_endpoint,UDAG | POST /v1/:tenant/stack-instances/:id/databases,149,0,149,0,0,0,0,0,0,149,0,0,0,149,0,0,0,0,0,0,0,0,0,0,0,0,0,
url_tenant_endpoint,Domains | GET /v1/:tenant/stack-instances/:id/webshield/mappings/:id,147,147,0,0,0,0,0,0,147,0,36,111,0,0,0,0,0,0,0,36,0,0,0,0,0,0,0,
url_tenant_endpoint,qa_whic | DELETE /v1/:tenant/stack-instances/:id/stretchspaces/:id/locks/:id,147,0,147,0,0,0,0,0,0,147,0,0,0,147,0,0,0,0,0,0,0,0,0,0,0,0,0,
url_tenant_endpoint,base_arsys | DELETE /v1/:tenant/stack-instances/:id/stretchspaces/:id/domains/:id,144,0,144,0,0,0,0,0,0,144,21,0,0,123,0,0,0,0,0,21,0,0,0,0,0,0,0,
url_tenant_endpoint,sandbox_qa_whic | DELETE /v1/:tenant/stack-instances/:id/webshield/mappings/:id,144,0,144,0,0,0,0,0,0,144,64,0,0,80,0,0,0,40,24,0,0,0,0,0,0,0,0,
url_tenant_endpoint,qa_whic | PUT /v1/:tenant/verify-domain/:id,142,0,142,0,0,0,0,0,0,142,107,35,0,0,0,0,0,40,24,43,0,0,0,0,0,0,0,
url_tenant_endpoint,sandbox_udag | PUT /v1/:tenant/eventing/notifications/history/pointer/:id,142,0,142,0,0,0,142,0,0,0,0,0,0,0,142,0,0,0,0,0,0,0,0,0,0,0,0,
url_tenant_endpoint,dnd_qa_whic | PUT /v1/:tenant/stack-instances/:id/webspaces/:id,140,0,140,0,140,0,0,0,0,0,0,140,0,0,0,0,0,0,0,0,0,0,0,0,0,0,0,
url_tenant_endpoint,qa_whic | DELETE /v1/:tenant/stack-instances/:id/webshield/mappings/:id,140,0,140,0,0,0,0,0,0,140,80,0,0,60,0,0,0,40,24,0,0,0,16,0,0,0,0,
url_tenant_endpoint,UDAG | PUT /v1/:tenant/stack-instances/:id/stretchspaces/:id/domains/:id,138,0,138,0,0,0,0,0,0,138,2,6,0,130,0,0,0,0,0,0,2,0,0,0,0,0,0,
url_tenant_endpoint,sandbox_qa_whic | PUT /v1/:tenant/stack-instances/:id/webspaces/:id,134,0,134,0,134,0,0,0,0,0,116,0,0,18,0,0,52,40,24,0,0,0,0,0,0,0,0,
url_tenant_endpoint,qa_whic | DELETE /v1/:tenant/stack-instances/:id/stretchspaces/:id,132,0,132,0,0,0,0,0,0,132,0,0,0,132,0,0,0,0,0,0,0,0,0,0,0,0,0,
url_tenant_endpoint,sandbox_qa_whic | GET /v1/:tenant/stack-instances/:id/webspaces/:id/accounts/:id,132,132,0,132,0,0,0,0,0,0,120,12,0,0,0,0,0,40,16,64,0,0,0,0,0,0,0,
url_tenant_endpoint,OneAndOne | POST /v1/:tenant/stack-instances/:id/webshield/mappings,129,0,129,0,0,0,0,0,0,129,3,0,0,126,0,0,0,0,0,0,0,0,3,0,0,0,0,
url_tenant_endpoint,qa_whic | GET /v1/:tenant/stack-instances/:id/stretchspaces/:id/domains/:id,126,126,0,0,0,0,0,0,126,0,0,126,0,0,0,0,0,0,0,0,0,0,0,0,0,0,0,
url_tenant_endpoint,base_piensa | PUT /v1/:tenant/stack-instances/:id/stretchspaces/:id,125,0,125,0,0,0,0,0,0,125,0,0,0,125,0,0,0,0,0,0,0,0,0,0,0,0,0,
url_tenant_endpoint,base_homepl | GET /v1/:tenant/stack-instances/:id/webshield/mappings/:id,124,124,0,0,0,0,0,0,124,0,0,124,0,0,0,0,0,0,0,0,0,0,0,0,0,0,0,
url_tenant_endpoint,qa_whic | DELETE /v1/:tenant/stack-instances/:id/webshield/:id/:id,124,0,124,0,0,0,0,0,0,124,90,0,0,34,0,0,0,40,24,0,26,0,0,0,0,0,0,
url_tenant_endpoint,qa_whic | GET /v1/:tenant/stack-instances/:id/webshield/:id,124,124,0,0,0,0,0,0,124,0,56,68,0,0,0,0,0,40,16,0,0,0,0,0,0,0,0,
url_tenant_endpoint,base_fasthosts | PUT /v1/:tenant/stack-instances/:id/databases/:id,121,0,121,0,0,0,0,0,0,121,0,0,0,121,0,0,0,0,0,0,0,0,0,0,0,0,0,
url_tenant_endpoint,sandbox_qa_whic | GET /v1/:tenant/stack-instances/:id/webspaces/:id/domains,120,120,0,120,0,0,0,0,0,0,104,0,0,0,0,16,0,40,16,48,0,0,0,0,0,0,0,
url_tenant_endpoint,qa_whic | PUT /v1/:tenant/stack-instances/:id/webshield/mappings/:id/:id/:id,119,0,119,0,0,0,0,0,0,119,64,0,0,0,55,0,0,40,24,0,0,0,0,0,0,0,0,
url_tenant_endpoint,sandbox_qa_whic | POST /v1/:tenant/stack-instances/:id/databases/:id/accounts,119,0,119,0,0,0,0,0,0,119,78,0,0,41,0,0,14,40,24,0,0,0,0,0,0,0,0,
url_tenant_endpoint,base_homepl | POST /v1/:tenant/stack-instances/:id/redirects,118,0,118,0,0,0,0,0,0,118,0,0,0,118,0,0,0,0,0,0,0,0,0,0,0,0,0,
url_tenant_endpoint,UDAG | POST /v1/:tenant/stack-instances/:id/stretchspaces/:id/domains,117,0,117,0,0,0,0,0,0,117,0,0,0,117,0,0,0,0,0,0,0,0,0,0,0,0,0,
url_tenant_endpoint,base_worldforyou | POST /v1/:tenant/stack-instances/:id/stretchspaces/:id/domains,116,0,116,0,0,0,0,0,0,116,1,0,0,115,0,0,0,0,0,0,0,0,0,0,0,1,0,
url_tenant_endpoint,UDAG | DELETE /v1/:tenant/stack-instances/:id,112,0,112,0,0,0,0,0,0,112,0,0,0,0,112,0,0,0,0,0,0,0,0,0,0,0,0,
url_tenant_endpoint,UDAG | PUT /v1/:tenant/stack-instances/:id/databases/:id/accounts/:id,112,0,112,0,0,0,0,0,0,112,0,0,0,112,0,0,0,0,0,0,0,0,0,0,0,0,0,
url_tenant_endpoint,qa_whic | DELETE /v1/:tenant/stack-instances/:id/redirects/:id,111,0,111,0,0,0,0,0,0,111,64,0,0,47,0,0,0,40,24,0,0,0,0,0,0,0,0,
url_tenant_endpoint,base_arsys | PUT /v1/:tenant/stack-instances/:id/stretchspaces/:id,109,0,109,0,0,0,0,0,0,109,0,1,0,108,0,0,0,0,0,0,0,0,0,0,0,0,0,
url_tenant_endpoint,base_fasthosts | GET /v1/:tenant/stack-instances/:id/databases/:id/locks,108,108,0,0,0,0,0,0,108,0,0,0,0,0,0,108,0,0,0,0,0,0,0,0,0,0,0,
url_tenant_endpoint,qa_whic | DELETE /v1/:tenant/stack-instances/:id/databases/:id/locks/:id,107,0,107,0,0,0,0,0,0,107,72,0,0,35,0,0,0,40,24,8,0,0,0,0,0,0,0,
url_tenant_endpoint,sandbox_qa_whic | PUT /v1/:tenant/verify-domain/:id,107,0,107,0,0,0,0,0,0,107,107,0,0,0,0,0,0,40,24,43,0,0,0,0,0,0,0,
url_tenant_endpoint,base_fasthosts | POST /v1/:tenant/stack-instances/:id/webspaces/:id/locks,106,0,106,0,106,0,0,0,0,0,46,4,0,56,0,0,0,0,0,0,0,0,2,0,0,44,0,
url_tenant_endpoint,base_webde | DELETE /v1/:tenant/stack-instances/:id,106,0,106,0,0,0,0,0,0,106,2,0,0,0,104,0,0,0,0,2,0,0,0,0,0,0,0,
url_tenant_endpoint,sandbox_qa_whic | GET /v1/:tenant/stack-instances/:id/webshield/mappings/:id,106,106,0,0,0,0,0,0,106,0,64,42,0,0,0,0,0,40,16,8,0,0,0,0,0,0,0,
url_tenant_endpoint,qa_whic | GET /v1/:tenant/stack-instances/:id/stretchspaces,105,105,0,0,0,0,0,0,105,0,65,0,0,0,0,40,65,0,0,0,0,0,0,0,0,0,0,
url_tenant_endpoint,qa_whic | PUT /v1/:tenant/stack-instances/:id/stretchspaces/:id/domains/:id,103,0,103,0,0,0,0,0,0,103,32,8,0,63,0,0,32,0,0,0,0,0,0,0,0,0,0,
url_tenant_endpoint,base_piensa | DELETE /v1/:tenant/stack-instances/:id/stretchspaces/:id/domains/:id,102,0,102,0,0,0,0,0,0,102,21,0,0,81,0,0,0,0,0,21,0,0,0,0,0,0,0,
url_tenant_endpoint,WhicQAdnd | PUT /v1/:tenant/stack-instances/:id/webspaces/:id,98,0,98,0,98,0,0,0,0,0,0,0,0,98,0,0,0,0,0,0,0,0,0,0,0,0,0,
url_tenant_endpoint,qa_whic | GET /v1/:tenant/stack-instances/:id/webshield/:id/:id,98,98,0,0,0,0,0,0,98,0,85,13,0,0,0,0,0,40,16,29,0,0,0,0,0,0,0,
url_tenant_endpoint,sandbox_qa_whic | GET /v1/:tenant/stack-instances,98,98,0,0,0,0,0,0,98,0,64,0,0,0,0,34,0,40,16,0,0,8,0,0,0,0,0,
url_tenant_endpoint,base_arsys | GET /v1/:tenant/stack-instances/:id/stretchspaces/:id/accounts/:id,97,97,0,0,0,0,0,0,97,0,0,97,0,0,0,0,0,0,0,0,0,0,0,0,0,0,0,
url_tenant_endpoint,gitspace_oneandone | POST /v1/:tenant/stack-instances/:id/webspaces/:id/locks,96,0,96,0,96,0,0,0,0,0,9,13,0,74,0,0,0,9,0,0,0,0,0,0,0,0,0,
url_tenant_endpoint,sandbox_qa_whic | POST /v1/:tenant/stack-instances/:id/webspaces/:id/accounts,96,0,96,0,96,0,0,0,0,0,78,0,0,18,0,0,14,40,24,0,0,0,0,0,0,0,0,
url_tenant_endpoint,base_worldforyou | DELETE /v1/:tenant/stack-instances/:id/stretchspaces/:id/accounts/:id,95,0,95,0,0,0,0,0,0,95,93,0,0,2,0,0,0,9,0,84,0,0,0,0,0,0,0,
url_tenant_endpoint,WhicQAdnd | POST /v1/:tenant/stack-instances,94,0,94,0,0,0,0,0,0,94,16,0,78,0,0,0,8,0,8,0,0,0,0,0,0,0,0,
url_tenant_endpoint,base_piensa | POST /v1/:tenant/stack-instances,93,0,93,0,0,0,0,0,0,93,0,0,93,0,0,0,0,0,0,0,0,0,0,0,0,0,0,
url_tenant_endpoint,base_piensa | POST /v1/:tenant/stack-instances/:id/databases,93,0,93,0,0,0,0,0,0,93,0,0,0,93,0,0,0,0,0,0,0,0,0,0,0,0,0,
url_tenant_endpoint,base_piensa | POST /v1/:tenant/stack-instances/:id/stretchspaces,93,0,93,0,0,0,0,0,0,93,0,0,0,93,0,0,0,0,0,0,0,0,0,0,0,0,0,
url_tenant_endpoint,gitspace_oneandone | POST /v1/:tenant/stack-instances/:id/webspaces/:id/domains,92,0,92,0,92,0,0,0,0,0,0,0,0,92,0,0,0,0,0,0,0,0,0,0,0,0,0,
url_tenant_endpoint,qa_whic | DELETE /v1/:tenant/stack-instances/:id/stretchspaces/:id/domains/:id,92,0,92,0,0,0,0,0,0,92,0,0,0,92,0,0,0,0,0,0,0,0,0,0,0,0,0,
url_tenant_endpoint,sandbox_worldforyou | GET /v1/:tenant/stack-instances/:id/databases/:id,92,92,0,0,0,0,0,0,92,0,75,17,0,0,0,0,0,8,0,67,0,0,0,0,0,0,0,
url_tenant_endpoint,sandbox_worldforyou | PUT /v1/:tenant/eventing/notifications/history/pointer/:id,91,0,91,0,0,0,91,0,0,0,0,0,0,0,91,0,0,0,0,0,0,0,0,0,0,0,0,
url_tenant_endpoint,base_fasthosts | DELETE /v1/:tenant/stack-instances/:id/databases/:id/locks/:id,90,0,90,0,0,0,0,0,0,90,3,0,0,87,0,0,0,0,0,3,0,0,0,0,0,0,0,
url_tenant_endpoint,strato_sfs | GET /v1/:tenant/stack-instances/:id/webshield/cdn-ips,90,90,0,0,0,0,0,0,90,0,0,90,0,0,0,0,0,0,0,0,0,0,0,0,0,0,0,
url_tenant_endpoint,UDAG | DELETE /v1/:tenant/stack-instances/:id/databases/:id,89,0,89,0,0,0,0,0,0,89,0,0,0,89,0,0,0,0,0,0,0,0,0,0,0,0,0,
url_tenant_endpoint,base_homepl | GET /v1/:tenant/stack-instances/:id/databases/:id/accounts/:id,88,88,0,0,0,0,0,0,88,0,0,88,0,0,0,0,0,0,0,0,0,0,0,0,0,0,0,
url_tenant_endpoint,qa_whic | GET /v1/:tenant/stack-instances/:id/webspaces/:id/domains,88,88,0,88,0,0,0,0,0,0,72,0,0,0,0,16,0,40,16,16,0,0,0,0,0,0,0,
url_tenant_endpoint,sandbox_qa_whic | GET /v1/:tenant/stack-instances/:id/databases,88,88,0,0,0,0,0,0,88,0,72,0,0,0,0,16,0,40,16,16,0,0,0,0,0,0,0,
url_tenant_endpoint,sandbox_qa_whic | GET /v1/:tenant/stack-instances/:id/redirects,88,88,0,0,0,0,0,0,88,0,72,0,0,0,0,16,0,40,16,16,0,0,0,0,0,0,0,
url_tenant_endpoint,sandbox_qa_whic | GET /v1/:tenant/stack-instances/:id/webspaces,88,88,0,88,0,0,0,0,0,0,72,0,0,0,0,16,0,40,16,16,0,0,0,0,0,0,0,
url_tenant_endpoint,UDAG | GET /v1/:tenant/stack-instances/:id/databases,86,86,0,0,0,0,0,0,86,0,3,0,0,0,0,83,0,1,0,2,0,0,0,0,0,0,0,
url_tenant_endpoint,qa_whic | GET /v1/:tenant/stack-instances/:id/stretchspaces/:id/locks,84,84,0,0,0,0,0,0,84,0,0,84,0,0,0,0,0,0,0,0,0,0,0,0,0,0,0,
url_tenant_endpoint,sandbox_qa_whic | POST /v1/:tenant/stack-instances/:id/webspaces/:id/domains,84,0,84,0,84,0,0,0,0,0,78,0,0,6,0,0,14,40,24,0,0,0,0,0,0,0,0,
url_tenant_endpoint,base_fasthosts | POST /v1/:tenant/stack-instances/:id/stretchspaces/:id/locks,83,0,83,0,0,0,0,0,0,83,0,1,0,82,0,0,0,0,0,0,0,0,0,0,0,0,0,
url_tenant_endpoint,base_worldforyou | GET /v1/:tenant/stack-instances/:id/stretchspaces/:id/domains/:id,83,83,0,0,0,0,0,0,83,0,33,50,0,0,0,0,0,27,0,6,0,0,0,0,0,0,0,
url_tenant_endpoint,base_worldforyou | DELETE /v1/:tenant/stack-instances/:id/stretchspaces/:id/domains/:id,82,0,82,0,0,0,0,0,0,82,21,0,0,61,0,0,0,21,0,0,0,0,0,0,0,0,0,
url_tenant_endpoint,gitspace_oneandone | POST /v1/:tenant/stack-instances,82,0,82,0,0,0,0,0,0,82,11,0,71,0,0,0,0,11,0,0,0,0,0,0,0,0,0,
url_tenant_endpoint,sandbox_arsys | POST /v1/:tenant/stack-instances/:id/webspaces/:id/accounts,82,0,82,0,82,0,0,0,0,0,82,0,0,0,0,0,0,0,0,82,0,0,0,0,0,0,0,
url_tenant_endpoint,base_homepl | GET /v1/:tenant/stack-instances/:id/stretchspaces/:id/domains,80,80,0,0,0,0,0,0,80,0,0,0,0,0,0,80,0,0,0,0,0,0,0,0,0,0,0,
url_tenant_endpoint,qa_whic | GET /v1/:tenant/stack-instances/:id/web-analytics-profiles,80,80,0,0,0,0,0,0,80,0,16,64,0,0,0,0,0,0,0,16,0,0,0,0,0,0,0,
url_tenant_endpoint,UDAG | POST /v1/:tenant/stack-instances/:id/databases/:id/accounts,78,0,78,0,0,0,0,0,0,78,0,0,0,78,0,0,0,0,0,0,0,0,0,0,0,0,0,
url_tenant_endpoint,dnd_qa_whic | PUT /v1/:tenant/stack-instances/:id/webspaces/:id/accounts/:id,77,0,77,0,77,0,0,0,0,0,0,7,0,70,0,0,0,0,0,0,0,0,0,0,0,0,0,
url_tenant_endpoint,base_homepl | GET /v1/:tenant/stack-instances/:id/webshield/public-ips,75,75,0,0,0,0,0,0,75,0,0,75,0,0,0,0,0,0,0,0,0,0,0,0,0,0,0,
url_tenant_endpoint,base_homepl | POST /v1/:tenant/stack-instances,75,0,75,0,0,0,0,0,0,75,0,0,75,0,0,0,0,0,0,0,0,0,0,0,0,0,0,
url_tenant_endpoint,base_homepl | POST /v1/:tenant/stack-instances/:id/databases,75,0,75,0,0,0,0,0,0,75,0,0,0,75,0,0,0,0,0,0,0,0,0,0,0,0,0,
url_tenant_endpoint,base_homepl | POST /v1/:tenant/stack-instances/:id/stretchspaces,75,0,75,0,0,0,0,0,0,75,0,0,0,75,0,0,0,0,0,0,0,0,0,0,0,0,0,
url_tenant_endpoint,base_arsys | POST /v1/:tenant/stack-instances,74,0,74,0,0,0,0,0,0,74,0,0,74,0,0,0,0,0,0,0,0,0,0,0,0,0,0,
url_tenant_endpoint,base_arsys | POST /v1/:tenant/stack-instances/:id/databases,74,0,74,0,0,0,0,0,0,74,0,0,0,74,0,0,0,0,0,0,0,0,0,0,0,0,0,
url_tenant_endpoint,base_arsys | POST /v1/:tenant/stack-instances/:id/stretchspaces,74,0,74,0,0,0,0,0,0,74,0,0,0,74,0,0,0,0,0,0,0,0,0,0,0,0,0,
url_tenant_endpoint,base_piensa | POST /v1/:tenant/stack-instances/:id/databases/:id/accounts,74,0,74,0,0,0,0,0,0,74,0,0,0,74,0,0,0,0,0,0,0,0,0,0,0,0,0,
url_tenant_endpoint,qa_whic | GET /v1/:tenant/stack-instances/:id/databases/:id/locks,72,72,0,0,0,0,0,0,72,0,56,0,0,0,0,16,0,40,16,0,0,0,0,0,0,0,0,
url_tenant_endpoint,qa_whic | GET /v1/:tenant/stack-instances/:id/databases/:id/locks/:id,72,72,0,0,0,0,0,0,72,0,72,0,0,0,0,0,0,40,16,16,0,0,0,0,0,0,0,
url_tenant_endpoint,qa_whic | GET /v1/:tenant/stack-instances/:id/webspaces/:id/locks/:id,72,72,0,72,0,0,0,0,0,0,72,0,0,0,0,0,0,40,16,16,0,0,0,0,0,0,0,
url_tenant_endpoint,sandbox_qa_whic | DELETE /v1/:tenant/stack-instances/:id/databases/:id/accounts/:id,72,0,72,0,0,0,0,0,0,72,72,0,0,0,0,0,0,40,24,8,0,0,0,0,0,0,0,
url_tenant_endpoint,sandbox_qa_whic | DELETE /v1/:tenant/stack-instances/:id/databases/:id/locks/:id,72,0,72,0,0,0,0,0,0,72,72,0,0,0,0,0,0,40,24,8,0,0,0,0,0,0,0,
url_tenant_endpoint,sandbox_qa_whic | DELETE /v1/:tenant/stack-instances/:id/redirects/:id,72,0,72,0,0,0,0,0,0,72,64,0,0,8,0,0,0,40,24,0,0,0,0,0,0,0,0,
url_tenant_endpoint,sandbox_qa_whic | DELETE /v1/:tenant/stack-instances/:id/webshield/:id/:id,72,0,72,0,0,0,0,0,0,72,64,0,0,8,0,0,0,40,24,0,0,0,0,0,0,0,0,
url_tenant_endpoint,sandbox_qa_whic | DELETE /v1/:tenant/stack-instances/:id/webshield/mappings/:id/certificate,72,0,72,0,0,0,0,0,0,72,64,0,0,8,0,0,0,40,24,0,0,0,0,0,0,0,0,
url_tenant_endpoint,sandbox_qa_whic | DELETE /v1/:tenant/stack-instances/:id/webspaces/:id/accounts/:id,72,0,72,0,72,0,0,0,0,0,72,0,0,0,0,0,0,40,24,8,0,0,0,0,0,0,0,
url_tenant_endpoint,sandbox_qa_whic | DELETE /v1/:tenant/stack-instances/:id/webspaces/:id/domains/:id,72,0,72,0,72,0,0,0,0,0,72,0,0,0,0,0,0,40,24,8,0,0,0,0,0,0,0,
url_tenant_endpoint,sandbox_qa_whic | DELETE /v1/:tenant/stack-instances/:id/webspaces/:id/locks/:id,72,0,72,0,72,0,0,0,0,0,72,0,0,0,0,0,0,40,24,8,0,0,0,0,0,0,0,
url_tenant_endpoint,sandbox_qa_whic | GET /v1/:tenant/stack-instances/:id/databases/:id/accounts,72,72,0,0,0,0,0,0,72,0,56,0,0,0,0,16,0,40,16,0,0,0,0,0,0,0,0,
url_tenant_endpoint,sandbox_qa_whic | GET /v1/:tenant/stack-instances/:id/databases/:id/locks,72,72,0,0,0,0,0,0,72,0,56,0,0,0,0,16,0,40,16,0,0,0,0,0,0,0,0,
url_tenant_endpoint,sandbox_qa_whic | GET /v1/:tenant/stack-instances/:id/databases/:id/locks/:id,72,72,0,0,0,0,0,0,72,0,72,0,0,0,0,0,0,40,16,16,0,0,0,0,0,0,0,
url_tenant_endpoint,sandbox_qa_whic | GET /v1/:tenant/stack-instances/:id/webshield/:id,72,72,0,0,0,0,0,0,72,0,56,16,0,0,0,0,0,40,16,0,0,0,0,0,0,0,0,
url_tenant_endpoint,sandbox_qa_whic | GET /v1/:tenant/stack-instances/:id/webshield/:id/:id,72,72,0,0,0,0,0,0,72,0,72,0,0,0,0,0,0,40,16,16,0,0,0,0,0,0,0,
url_tenant_endpoint,sandbox_qa_whic | GET /v1/:tenant/stack-instances/:id/webshield/cdn-ips,72,72,0,0,0,0,0,0,72,0,56,16,0,0,0,0,0,40,16,0,0,0,0,0,0,0,0,
url_tenant_endpoint,sandbox_qa_whic | GET /v1/:tenant/stack-instances/:id/webshield/mappings/:id/certificate,72,72,0,0,0,0,0,0,72,0,72,0,0,0,0,0,0,40,16,16,0,0,0,0,0,0,0,
url_tenant_endpoint,sandbox_qa_whic | GET /v1/:tenant/stack-instances/:id/webshield/public-ips,72,72,0,0,0,0,0,0,72,0,56,16,0,0,0,0,0,40,16,0,0,0,0,0,0,0,0,
url_tenant_endpoint,sandbox_qa_whic | GET /v1/:tenant/stack-instances/:id/webspaces/:id/accounts,72,72,0,72,0,0,0,0,0,0,56,0,0,0,0,16,0,40,16,0,0,0,0,0,0,0,0,
url_tenant_endpoint,sandbox_qa_whic | GET /v1/:tenant/stack-instances/:id/webspaces/:id/domains/:id,72,72,0,72,0,0,0,0,0,0,72,0,0,0,0,0,0,40,16,16,0,0,0,0,0,0,0,
url_tenant_endpoint,sandbox_qa_whic | GET /v1/:tenant/stack-instances/:id/webspaces/:id/locks,72,72,0,72,0,0,0,0,0,0,56,16,0,0,0,0,0,40,16,0,0,0,0,0,0,0,0,
url_tenant_endpoint,sandbox_qa_whic | GET /v1/:tenant/stack-instances/:id/webspaces/:id/locks/:id,72,72,0,72,0,0,0,0,0,0,72,0,0,0,0,0,0,40,16,16,0,0,0,0,0,0,0,
url_tenant_endpoint,sandbox_qa_whic | PATCH /v1/:tenant/stack-instances/:id/webshield/mappings,72,0,72,0,0,0,0,0,0,72,64,0,0,8,0,0,0,40,24,0,0,0,0,0,0,0,0,
url_tenant_endpoint,sandbox_qa_whic | POST /v1/:tenant/stack-instances/:id/databases/:id/locks,72,0,72,0,0,0,0,0,0,72,72,0,0,0,0,0,8,40,24,0,0,0,0,0,0,0,0,
url_tenant_endpoint,sandbox_qa_whic | POST /v1/:tenant/stack-instances/:id/webshield/:id,72,0,72,0,0,0,0,0,0,72,72,0,0,0,0,0,8,40,24,0,0,0,0,0,0,0,0,
url_tenant_endpoint,sandbox_qa_whic | POST /v1/:tenant/stack-instances/:id/webspaces/:id/locks,72,0,72,0,72,0,0,0,0,0,72,0,0,0,0,0,8,40,24,0,0,0,0,0,0,0,0,
url_tenant_endpoint,sandbox_qa_whic | PUT /v1/:tenant/stack-instances/:id,72,0,72,0,0,0,0,0,0,72,64,8,0,0,0,0,0,40,24,0,0,0,0,0,0,0,0,
url_tenant_endpoint,sandbox_qa_whic | PUT /v1/:tenant/stack-instances/:id/databases/:id,72,0,72,0,0,0,0,0,0,72,72,0,0,0,0,0,8,40,24,0,0,0,0,0,0,0,0,
url_tenant_endpoint,sandbox_qa_whic | PUT /v1/:tenant/stack-instances/:id/databases/:id/accounts/:id,72,0,72,0,0,0,0,0,0,72,72,0,0,0,0,0,8,40,24,0,0,0,0,0,0,0,0,
url_tenant_endpoint,sandbox_qa_whic | PUT /v1/:tenant/stack-instances/:id/redirects/:id,72,0,72,0,0,0,0,0,0,72,64,0,0,8,0,0,0,40,24,0,0,0,0,0,0,0,0,
url_tenant_endpoint,sandbox_qa_whic | PUT /v1/:tenant/stack-instances/:id/webshield/mappings,72,0,72,0,0,0,0,0,0,72,64,0,0,8,0,0,0,40,24,0,0,0,0,0,0,0,0,
url_tenant_endpoint,sandbox_qa_whic | PUT /v1/:tenant/stack-instances/:id/webshield/mappings/:id/:id/:id,72,0,72,0,0,0,0,0,0,72,64,0,0,0,8,0,0,40,24,0,0,0,0,0,0,0,0,
url_tenant_endpoint,sandbox_qa_whic | PUT /v1/:tenant/stack-instances/:id/webshield/mappings/:id/certificate,72,0,72,0,0,0,0,0,0,72,72,0,0,0,0,0,8,40,24,0,0,0,0,0,0,0,0,
url_tenant_endpoint,sandbox_qa_whic | PUT /v1/:tenant/stack-instances/:id/webspaces/:id/accounts/:id,72,0,72,0,72,0,0,0,0,0,72,0,0,0,0,0,8,40,24,0,0,0,0,0,0,0,0,
url_tenant_endpoint,sandbox_qa_whic | PUT /v1/:tenant/stack-instances/:id/webspaces/:id/domains/:id,72,0,72,0,72,0,0,0,0,0,72,0,0,0,0,0,8,40,24,0,0,0,0,0,0,0,0,
url_tenant_endpoint,UDAG | PUT /v1/:tenant/stack-instances/:id/webspaces/:id,71,0,71,0,71,0,0,0,0,0,0,0,0,71,0,0,0,0,0,0,0,0,0,0,0,0,0,
url_tenant_endpoint,base_homepl | DELETE /v1/:tenant/stack-instances/:id/redirects/:id,70,0,70,0,0,0,0,0,0,70,0,0,0,70,0,0,0,0,0,0,0,0,0,0,0,0,0,
url_tenant_endpoint,base_piensa | GET /v1/:tenant/stack-instances/:id/databases/:id/accounts,69,69,0,0,0,0,0,0,69,0,0,0,0,0,0,69,0,0,0,0,0,0,0,0,0,0,0,
url_tenant_endpoint,qa_whic | PUT /v1/:tenant/stack-instances/:id/web-analytics-profiles/:id,68,0,68,0,0,0,0,0,0,68,16,52,0,0,0,0,0,0,0,16,0,0,0,0,0,0,0,
url_tenant_endpoint,UDAG | POST /v1/:tenant/stack-instances/:id/stretchspaces,67,0,67,0,0,0,0,0,0,67,0,0,0,67,0,0,0,0,0,0,0,0,0,0,0,0,0,
url_tenant_endpoint,UDAG | POST /v1/:tenant/stack-instances/:id/redirects,66,0,66,0,0,0,0,0,0,66,0,0,0,66,0,0,0,0,0,0,0,0,0,0,0,0,0,
url_tenant_endpoint,base_fasthosts | GET /v1/:tenant/stack-instances/:id/stretchspaces/:id/locks,66,66,0,0,0,0,0,0,66,0,2,64,0,0,0,0,2,0,0,0,0,0,0,0,0,0,0,
url_tenant_endpoint,sandbox_homepl | POST /v1/:tenant/stack-instances/:id/stretchspaces/:id/accounts,63,0,63,0,0,0,0,0,0,63,63,0,0,0,0,0,0,0,0,63,0,0,0,0,0,0,0,
url_tenant_endpoint,UDAG | DELETE /v1/:tenant/stack-instances/:id/redirects/:id,60,0,60,0,0,0,0,0,0,60,0,0,0,60,0,0,0,0,0,0,0,0,0,0,0,0,0,
url_tenant_endpoint,gitspace_oneandone | DELETE /v1/:tenant/stack-instances/:id/webspaces/:id,60,0,60,0,60,0,0,0,0,0,2,0,0,58,0,0,0,2,0,0,0,0,0,0,0,0,0,
url_tenant_endpoint,gitspace_oneandone | DELETE /v1/:tenant/stack-instances/:id/webspaces/:id/domains/:id,60,0,60,0,60,0,0,0,0,0,5,0,0,55,0,0,0,1,0,4,0,0,0,0,0,0,0,
url_tenant_endpoint,UDAG | DELETE /v1/:tenant/stack-instances/:id/webspaces/:id,59,0,59,0,59,0,0,0,0,0,0,0,0,59,0,0,0,0,0,0,0,0,0,0,0,0,0,
url_tenant_endpoint,gitspace_oneandone | DELETE /v1/:tenant/stack-instances/:id,59,0,59,0,0,0,0,0,0,59,8,0,0,0,51,0,0,8,0,0,0,0,0,0,0,0,0,
url_tenant_endpoint,Domains | GET /v1/:tenant/stack-instances/:id,58,58,0,0,0,0,0,0,58,0,0,58,0,0,0,0,0,0,0,0,0,0,0,0,0,0,0,
url_tenant_endpoint,base_piensa | GET /v1/:tenant/stack-instances/:id/stretchspaces/:id/accounts/:id,58,58,0,0,0,0,0,0,58,0,0,58,0,0,0,0,0,0,0,0,0,0,0,0,0,0,0,
url_tenant_endpoint,base_fasthosts | GET /v1/:tenant/stack-instances/:id/webspaces/:id/locks,57,57,0,57,0,0,0,0,0,0,13,44,0,0,0,0,6,0,0,0,0,0,0,0,0,7,0,
url_tenant_endpoint,WhicQAdnd | GET /v1/:tenant/stack-instances/:id/webspaces/:id,56,56,0,56,0,0,0,0,0,0,0,56,0,0,0,0,0,0,0,0,0,0,0,0,0,0,0,
url_tenant_endpoint,dnd_qa_whic | GET /v1/:tenant/stack-instances/:id/webspaces/:id/accounts/:id,56,56,0,56,0,0,0,0,0,0,0,56,0,0,0,0,0,0,0,0,0,0,0,0,0,0,0,
url_tenant_endpoint,dnd_qa_whic | POST /v1/:tenant/stack-instances/:id/databases,56,0,56,0,0,0,0,0,0,56,0,0,0,56,0,0,0,0,0,0,0,0,0,0,0,0,0,
url_tenant_endpoint,sandbox_qa_whic | PUT /v1/:tenant/eventing/notifications/history/pointer/:id,56,0,56,0,0,0,56,0,0,0,56,0,0,0,0,0,16,40,0,0,0,0,0,0,0,0,0,
url_tenant_endpoint,qa_whic | DELETE /v1/:tenant/stack-instances/:id/web-analytics-profiles/:id,55,0,55,0,0,0,0,0,0,55,29,0,0,0,26,0,0,0,0,16,13,0,0,0,0,0,0,
url_tenant_endpoint,base_fasthosts | DELETE /v1/:tenant/stack-instances/:id/webspaces/:id/locks/:id,54,0,54,0,54,0,0,0,0,0,1,0,0,53,0,0,0,0,0,1,0,0,0,0,0,0,0,
url_tenant_endpoint,base_arsys | GET /v1/:tenant/stack-instances/:id/databases/:id/accounts,53,53,0,0,0,0,0,0,53,0,0,0,0,0,0,53,0,0,0,0,0,0,0,0,0,0,0,
url_tenant_endpoint,base_arsys | POST /v1/:tenant/stack-instances/:id/databases/:id/accounts,53,0,53,0,0,0,0,0,0,53,0,0,0,53,0,0,0,0,0,0,0,0,0,0,0,0,0,
url_tenant_endpoint,base_gmxde | DELETE /v1/:tenant/stack-instances/:id,52,0,52,0,0,0,0,0,0,52,0,0,0,0,52,0,0,0,0,0,0,0,0,0,0,0,0,
url_tenant_endpoint,qa_whic | PUT /v1/:tenant/stack-instances/:id/webshield/mappings/:id/:id,52,0,52,0,0,0,0,0,0,52,0,0,0,52,0,0,0,0,0,0,0,0,0,0,0,0,0,
url_tenant_endpoint,OneAndOne | GET /v1/:tenant/stack-instances/:id/webshield/mappings/:id,50,50,0,0,0,0,0,0,50,0,14,36,0,0,0,0,0,0,0,14,0,0,0,0,0,0,0,
url_tenant_endpoint,base_arsys | DELETE /v1/:tenant/stack-instances/:id,50,0,50,0,0,0,0,0,0,50,0,0,0,0,50,0,0,0,0,0,0,0,0,0,0,0,0,
url_tenant_endpoint,base_piensa | DELETE /v1/:tenant/stack-instances/:id,49,0,49,0,0,0,0,0,0,49,0,0,0,0,49,0,0,0,0,0,0,0,0,0,0,0,0,
url_tenant_endpoint,base_fasthosts | GET /v1/:tenant/stack-instances/:id/databases/:id/accounts/:id,48,48,0,0,0,0,0,0,48,0,0,48,0,0,0,0,0,0,0,0,0,0,0,0,0,0,0,
url_tenant_endpoint,trial_sfs | POST /v1/:tenant/stack-instances,45,0,45,0,0,0,0,0,0,45,0,0,45,0,0,0,0,0,0,0,0,0,0,0,0,0,0,
url_tenant_endpoint,base_arsys | DELETE /v1/:tenant/stack-instances/:id/redirects/:id,44,0,44,0,0,0,0,0,0,44,0,0,0,44,0,0,0,0,0,0,0,0,0,0,0,0,0,
url_tenant_endpoint,base_arsys | POST /v1/:tenant/stack-instances/:id/redirects,44,0,44,0,0,0,0,0,0,44,0,0,0,44,0,0,0,0,0,0,0,0,0,0,0,0,0,
url_tenant_endpoint,base_webde | GET /v1/:tenant/stack-instances/:id/webshield/mappings/:id,44,44,0,0,0,0,0,0,44,0,2,42,0,0,0,0,0,0,0,2,0,0,0,0,0,0,0,
url_tenant_endpoint,sandbox_homepl | PUT /v1/:tenant/eventing/notifications/history/pointer/:id,44,0,44,0,0,0,44,0,0,0,0,0,0,0,44,0,0,0,0,0,0,0,0,0,0,0,0,
url_tenant_endpoint,dnd_qa_whic | GET /v1/:tenant/stack-instances/:id/stretchspaces/:id/accounts/:id,42,42,0,0,0,0,0,0,42,0,0,42,0,0,0,0,0,0,0,0,0,0,0,0,0,0,0,
url_tenant_endpoint,dnd_qa_whic | PUT /v1/:tenant/stack-instances/:id/stretchspaces/:id/accounts/:id,42,0,42,0,0,0,0,0,0,42,0,0,0,42,0,0,0,0,0,0,0,0,0,0,0,0,0,
url_tenant_endpoint,base_arsys | DELETE /v1/:tenant/stack-instances/:id/stretchspaces/:id/locks/:id,40,0,40,0,0,0,0,0,0,40,35,0,0,5,0,0,0,0,0,35,0,0,0,0,0,0,0,
url_tenant_endpoint,base_gmxde | DELETE /v1/:tenant/stack-instances/:id/redirects/:id,40,0,40,0,0,0,0,0,0,40,0,0,0,40,0,0,0,0,0,0,0,0,0,0,0,0,0,
url_tenant_endpoint,base_piensa | DELETE /v1/:tenant/stack-instances/:id/redirects/:id,39,0,39,0,0,0,0,0,0,39,0,0,0,39,0,0,0,0,0,0,0,0,0,0,0,0,0,
url_tenant_endpoint,base_webde | GET /v1/:tenant/stack-instances/:id/webshield/public-ips,39,39,0,0,0,0,0,0,39,0,0,39,0,0,0,0,0,0,0,0,0,0,0,0,0,0,0,
url_tenant_endpoint,qa_whic | GET /v1/:tenant/stack-instances/:id/webshield/mappings/:id/:id,39,39,0,0,0,0,0,0,39,0,26,13,0,0,0,0,0,0,0,26,0,0,0,0,0,0,0,
url_tenant_endpoint,base_arsys | PUT /v1/:tenant/stack-instances/:id/stretchspaces/:id/domains/:id,38,0,38,0,0,0,0,0,0,38,0,26,0,12,0,0,0,0,0,0,0,0,0,0,0,0,0,
url_tenant_endpoint,base_gmxde | PUT /v1/:tenant/stack-instances/:id/databases/:id/accounts/:id,38,0,38,0,0,0,0,0,0,38,0,0,0,38,0,0,0,0,0,0,0,0,0,0,0,0,0,
url_tenant_endpoint,base_piensa | DELETE /v1/:tenant/stack-instances/:id/webspaces/:id/domains/:id,38,0,38,0,38,0,0,0,0,0,1,0,0,37,0,0,0,0,0,1,0,0,0,0,0,0,0,
url_tenant_endpoint,base_webde | GET /v1/:tenant/stack-instances/:id/redirects/:id,38,38,0,0,0,0,0,0,38,0,2,36,0,0,0,0,0,0,0,2,0,0,0,0,0,0,0,
url_tenant_endpoint,base_webde | POST /v1/:tenant/stack-instances,38,0,38,0,0,0,0,0,0,38,0,0,38,0,0,0,0,0,0,0,0,0,0,0,0,0,0,
url_tenant_endpoint,base_webde | POST /v1/:tenant/stack-instances/:id/webspaces,38,0,38,0,38,0,0,0,0,0,1,0,0,37,0,0,0,0,0,0,1,0,0,0,0,0,0,
url_tenant_endpoint,base_piensa | PUT /v1/:tenant/stack-instances/:id/stretchspaces/:id/domains/:id,37,0,37,0,0,0,0,0,0,37,0,15,0,22,0,0,0,0,0,0,0,0,0,0,0,0,0,
url_tenant_endpoint,base_webde | POST /v1/:tenant/stack-instances/:id/databases,37,0,37,0,0,0,0,0,0,37,0,0,0,37,0,0,0,0,0,0,0,0,0,0,0,0,0,
url_tenant_endpoint,base_piensa | POST /v1/:tenant/stack-instances/:id/redirects,36,0,36,0,0,0,0,0,0,36,0,0,0,36,0,0,0,0,0,0,0,0,0,0,0,0,0,
url_tenant_endpoint,base_webde | PUT /v1/:tenant/stack-instances/:id/databases/:id/accounts/:id,36,0,36,0,0,0,0,0,0,36,0,0,0,36,0,0,0,0,0,0,0,0,0,0,0,0,0,
url_tenant_endpoint,sandbox_mws8_oneandone | GET /v1/:tenant/stack-instances/:id/webspaces/:id,36,36,0,36,0,0,0,0,0,0,0,36,0,0,0,0,0,0,0,0,0,0,0,0,0,0,0,
url_tenant_endpoint,sandbox_mws8_oneandone | GET /v1/:tenant/stack-instances/:id/webspaces/:id/accounts/:id,36,36,0,36,0,0,0,0,0,0,0,36,0,0,0,0,0,0,0,0,0,0,0,0,0,0,0,
url_tenant_endpoint,sandbox_mws8_oneandone | POST /v1/:tenant/stack-instances/:id/webspaces/:id/accounts,36,0,36,0,36,0,0,0,0,0,0,0,0,36,0,0,0,0,0,0,0,0,0,0,0,0,0,
url_tenant_endpoint,trial_sfs | GET /v1/:tenant/stack-instances/:id/webshield/cdn-ips,36,36,0,0,0,0,0,0,36,0,0,36,0,0,0,0,0,0,0,0,0,0,0,0,0,0,0,
url_tenant_endpoint,trial_sfs | PATCH /v1/:tenant/stack-instances/:id/webshield/mappings,36,0,36,0,0,0,0,0,0,36,0,0,0,36,0,0,0,0,0,0,0,0,0,0,0,0,0,
url_tenant_endpoint,OneAndOne | GET /v1/:tenant/stack-instances/:id,35,35,0,0,0,0,0,0,35,0,0,35,0,0,0,0,0,0,0,0,0,0,0,0,0,0,0,
url_tenant_endpoint,base_fasthosts | DELETE /v1/:tenant/stack-instances/:id/stretchspaces/:id/locks/:id,35,0,35,0,0,0,0,0,0,35,0,0,0,35,0,0,0,0,0,0,0,0,0,0,0,0,0,
url_tenant_endpoint,dnd_qa_whic | POST /v1/:tenant/stack-instances/:id/webshield/mappings,35,0,35,0,0,0,0,0,0,35,0,0,0,35,0,0,0,0,0,0,0,0,0,0,0,0,0,
url_tenant_endpoint,strato_sfs | DELETE /v1/:tenant/stack-instances/:id/webshield/mappings/:id,35,0,35,0,0,0,0,0,0,35,0,0,0,35,0,0,0,0,0,0,0,0,0,0,0,0,0,
url_tenant_endpoint,EShopOneAndOne | PUT /v1/:tenant/stack-instances/:id/webshield/mappings,34,0,34,0,0,0,0,0,0,34,0,0,0,34,0,0,0,0,0,0,0,0,0,0,0,0,0,
url_tenant_endpoint,OneAndOne | GET /v1/:tenant/stack-instances/:id/stretchspaces,34,34,0,0,0,0,0,0,34,0,0,0,0,0,0,34,0,0,0,0,0,0,0,0,0,0,0,
url_tenant_endpoint,base_gmxde | GET /v1/:tenant/stack-instances/:id/webshield/public-ips,34,34,0,0,0,0,0,0,34,0,0,34,0,0,0,0,0,0,0,0,0,0,0,0,0,0,0,
url_tenant_endpoint,base_gmxde | POST /v1/:tenant/stack-instances,34,0,34,0,0,0,0,0,0,34,0,0,34,0,0,0,0,0,0,0,0,0,0,0,0,0,0,
url_tenant_endpoint,base_gmxde | POST /v1/:tenant/stack-instances/:id/databases,34,0,34,0,0,0,0,0,0,34,0,0,0,34,0,0,0,0,0,0,0,0,0,0,0,0,0,
url_tenant_endpoint,base_gmxde | POST /v1/:tenant/stack-instances/:id/webspaces,34,0,34,0,34,0,0,0,0,0,0,0,0,34,0,0,0,0,0,0,0,0,0,0,0,0,0,
url_tenant_endpoint,base_piensa | PUT /v1/:tenant/stack-instances/:id/webspaces/:id/domains/:id,34,0,34,0,34,0,0,0,0,0,0,4,0,30,0,0,0,0,0,0,0,0,0,0,0,0,0,
url_tenant_endpoint,dnd_qa_whic | PUT /v1/:tenant/stack-instances/:id/webshield/mappings/:id/certificate,34,0,34,0,0,0,0,0,0,34,0,0,0,34,0,0,0,0,0,0,0,0,0,0,0,0,0,
url_tenant_endpoint,sandbox_fasthosts | PUT /v1/:tenant/eventing/notifications/history/pointer/:id,34,0,34,0,0,0,34,0,0,0,0,0,0,0,34,0,0,0,0,0,0,0,0,0,0,0,0,
url_tenant_endpoint,base_fasthosts | POST /v1/:tenant/stack-instances/:id/webspaces,33,0,33,0,33,0,0,0,0,0,0,0,0,33,0,0,0,0,0,0,0,0,0,0,0,0,0,
url_tenant_endpoint,base_arsys | GET /v1/:tenant/stack-instances/:id/stretchspaces/:id/domains,32,32,0,0,0,0,0,0,32,0,0,0,0,0,0,32,0,0,0,0,0,0,0,0,0,0,0,
url_tenant_endpoint,base_webde | DELETE /v1/:tenant/stack-instances/:id/redirects/:id,32,0,32,0,0,0,0,0,0,32,0,0,0,32,0,0,0,0,0,0,0,0,0,0,0,0,0,
url_tenant_endpoint,sandbox_qa_whic | GET /v1/:tenant/stack-instances/:id/stretchspaces,32,32,0,0,0,0,0,0,32,0,0,0,0,0,0,32,0,0,0,0,0,0,0,0,0,0,0,
url_tenant_endpoint,OneAndOne | DELETE /v1/:tenant/stack-instances/:id/databases/:id/locks/:id,30,0,30,0,0,0,0,0,0,30,27,0,0,3,0,0,0,0,0,27,0,0,0,0,0,0,0,
url_tenant_endpoint,base_webde | PUT /v1/:tenant/stack-instances/:id/redirects/:id,30,0,30,0,0,0,0,0,0,30,0,0,0,30,0,0,0,0,0,0,0,0,0,0,0,0,0,
url_tenant_endpoint,sandbox_shl_to | GET /v1/:tenant/eventing/notifications/history,30,30,0,0,0,30,0,0,0,0,0,30,0,0,0,0,0,0,0,0,0,0,0,0,0,0,0,
url_tenant_endpoint,base_piensa | GET /v1/:tenant/stack-instances/:id/stretchspaces/:id/domains,28,28,0,0,0,0,0,0,28,0,0,0,0,0,0,28,0,0,0,0,0,0,0,0,0,0,0,
url_tenant_endpoint,base_webde | GET /v1/:tenant/stack-instances/:id/webshield/mappings,28,28,0,0,0,0,0,0,28,0,4,24,0,0,0,0,0,2,0,2,0,0,0,0,0,0,0,
url_tenant_endpoint,dnd_qa_whic | DELETE /v1/:tenant/stack-instances/:id/webspaces/:id/accounts/:id,28,0,28,0,28,0,0,0,0,0,0,0,0,28,0,0,0,0,0,0,0,0,0,0,0,0,0,
url_tenant_endpoint,dnd_qa_whic | POST /v1/:tenant/stack-instances/:id/webspaces/:id/accounts,28,0,28,0,28,0,0,0,0,0,0,0,0,28,0,0,0,0,0,0,0,0,0,0,0,0,0,
url_tenant_endpoint,OneAndOne | GET /v1/:tenant/eventing/notifications,27,27,0,0,0,27,0,0,0,0,3,24,0,0,0,0,0,2,1,0,0,0,0,0,0,0,0,
url_tenant_endpoint,base_piensa | GET /v1/:tenant/stack-instances/:id/webspaces/:id/domains/:id,27,27,0,27,0,0,0,0,0,0,0,27,0,0,0,0,0,0,0,0,0,0,0,0,0,0,0,
url_tenant_endpoint,base_worldforyou | GET /v1/:tenant/stack-instances/:id/redirects/:id,27,27,0,0,0,0,0,0,27,0,21,6,0,0,0,0,0,0,0,21,0,0,0,0,0,0,0,
url_tenant_endpoint,qa_whic | GET /v1/:tenant/stack-instances/:id/webspaces/:id/:id,27,27,0,27,0,0,0,0,0,0,0,27,0,0,0,0,0,0,0,0,0,0,0,0,0,0,0,
url_tenant_endpoint,base_homepl | DELETE /v1/:tenant/stack-instances/:id/stretchspaces/:id/accounts/:id,26,0,26,0,0,0,0,0,0,26,0,0,0,26,0,0,0,0,0,0,0,0,0,0,0,0,0,
url_tenant_endpoint,base_piensa | PUT /v1/:tenant/stack-instances/:id/webspaces/:id,26,0,26,0,26,0,0,0,0,0,0,0,0,26,0,0,0,0,0,0,0,0,0,0,0,0,0,
url_tenant_endpoint,sandbox_mws8_oneandone | DELETE /v1/:tenant/stack-instances/:id/webspaces/:id/domains/:id,25,0,25,0,25,0,0,0,0,0,11,0,0,14,0,0,0,0,0,11,0,0,0,0,0,0,0,
url_tenant_endpoint,base_worldforyou | DELETE /v1/:tenant/stack-instances/:id/webshield/mappings/:id/certificate,24,0,24,0,0,0,0,0,0,24,1,0,0,23,0,0,0,1,0,0,0,0,0,0,0,0,0,
url_tenant_endpoint,dnd_qa_whic | POST /v1/:tenant/stack-instances/:id/redirects,24,0,24,0,0,0,0,0,0,24,0,0,0,24,0,0,0,0,0,0,0,0,0,0,0,0,0,
url_tenant_endpoint,base_homepl | DELETE /v1/:tenant/stack-instances/:id,23,0,23,0,0,0,0,0,0,23,0,0,0,0,23,0,0,0,0,0,0,0,0,0,0,0,0,
url_tenant_endpoint,EShopOneAndOne | DELETE /v1/:tenant/stack-instances/:id,22,0,22,0,0,0,0,0,0,22,0,0,0,0,22,0,0,0,0,0,0,0,0,0,0,0,0,
url_tenant_endpoint,OneAndOne | PUT /v1/:tenant/stack-instances/:id/databases/:id/accounts/:id,22,0,22,0,0,0,0,0,0,22,0,0,0,22,0,0,0,0,0,0,0,0,0,0,0,0,0,
url_tenant_endpoint,WhicQAdnd | DELETE /v1/:tenant/stack-instances/:id,22,0,22,0,0,0,0,0,0,22,0,0,0,0,22,0,0,0,0,0,0,0,0,0,0,0,0,
url_tenant_endpoint,base_strato | GET /v1/:tenant/stack-instances/:id/databases,22,22,0,0,0,0,0,0,22,0,0,0,0,0,0,22,0,0,0,0,0,0,0,0,0,0,0,
url_tenant_endpoint,base_webde | POST /v1/:tenant/stack-instances/:id/webshield/mappings,22,0,22,0,0,0,0,0,0,22,22,0,0,0,0,0,0,0,0,0,0,0,22,0,0,0,0,
url_tenant_endpoint,WhicQAdnd | POST /v1/:tenant/stack-instances/:id/webspaces,21,0,21,0,21,0,0,0,0,0,14,0,0,7,0,0,14,0,0,0,0,0,0,0,0,0,0,
url_tenant_endpoint,base_gmxde | GET /v1/:tenant/stack-instances/:id/webshield/mappings/:id,21,21,0,0,0,0,0,0,21,0,0,21,0,0,0,0,0,0,0,0,0,0,0,0,0,0,0,
url_tenant_endpoint,base_worldforyou | POST /v1/:tenant/stack-instances/:id/redirects,21,0,21,0,0,0,0,0,0,21,0,0,0,21,0,0,0,0,0,0,0,0,0,0,0,0,0,
url_tenant_endpoint,dnd_qa_whic | DELETE /v1/:tenant/stack-instances/:id/stretchspaces/:id/accounts/:id,21,0,21,0,0,0,0,0,0,21,0,0,0,21,0,0,0,0,0,0,0,0,0,0,0,0,0,
url_tenant_endpoint,dnd_qa_whic | DELETE /v1/:tenant/stack-instances/:id/stretchspaces/:id/domains/:id,21,0,21,0,0,0,0,0,0,21,0,0,0,21,0,0,0,0,0,0,0,0,0,0,0,0,0,
url_tenant_endpoint,dnd_qa_whic | POST /v1/:tenant/stack-instances/:id/stretchspaces/:id/accounts,21,0,21,0,0,0,0,0,0,21,0,0,0,21,0,0,0,0,0,0,0,0,0,0,0,0,0,
url_tenant_endpoint,dnd_qa_whic | POST /v1/:tenant/stack-instances/:id/stretchspaces/:id/domains,21,0,21,0,0,0,0,0,0,21,0,0,0,21,0,0,0,0,0,0,0,0,0,0,0,0,0,
url_tenant_endpoint,base_webde | POST /v1/:tenant/stack-instances/:id/databases/:id/accounts,20,0,20,0,0,0,0,0,0,20,0,0,0,20,0,0,0,0,0,0,0,0,0,0,0,0,0,
url_tenant_endpoint,gitspace_oneandone | GET /v1/:tenant/stack-instances/:id/webspaces/:id/accounts/:id,19,19,0,19,0,0,0,0,0,0,4,15,0,0,0,0,0,4,0,0,0,0,0,0,0,0,0,
url_tenant_endpoint,sandbox_piensa | DELETE /v1/:tenant/stack-instances/:id,19,0,19,0,0,0,0,0,0,19,0,0,0,0,19,0,0,0,0,0,0,0,0,0,0,0,0,
url_tenant_endpoint,base_fasthosts | GET /v1/:tenant/stack-instances/:id/webspaces/:id/domains,18,18,0,18,0,0,0,0,0,0,0,0,0,0,0,18,0,0,0,0,0,0,0,0,0,0,0,
url_tenant_endpoint,base_fasthosts | PUT /v1/:tenant/stack-instances/:id/databases/:id/accounts/:id,18,0,18,0,0,0,0,0,0,18,0,0,0,18,0,0,0,0,0,0,0,0,0,0,0,0,0,
url_tenant_endpoint,gitspace_oneandone | GET /v1/:tenant/stack-instances/:id/databases/:id,18,18,0,0,0,0,0,0,18,0,0,18,0,0,0,0,0,0,0,0,0,0,0,0,0,0,0,
url_tenant_endpoint,gitspace_oneandone | POST /v1/:tenant/stack-instances/:id/databases,18,0,18,0,0,0,0,0,0,18,0,0,0,18,0,0,0,0,0,0,0,0,0,0,0,0,0,
url_tenant_endpoint,gitspace_oneandone | POST /v1/:tenant/stack-instances/:id/webspaces/:id/accounts,18,0,18,0,18,0,0,0,0,0,3,0,0,15,0,0,0,3,0,0,0,0,0,0,0,0,0,
url_tenant_endpoint,base_ionoscloud | DELETE /v1/:tenant/stack-instances/:id,17,0,17,0,0,0,0,0,0,17,0,0,0,0,17,0,0,0,0,0,0,0,0,0,0,0,0,
url_tenant_endpoint,base_ionoscloud | DELETE /v1/:tenant/stack-instances/:id/webshield/mappings/:id,17,0,17,0,0,0,0,0,0,17,0,0,0,17,0,0,0,0,0,0,0,0,0,0,0,0,0,
url_tenant_endpoint,base_piensa | PUT /v1/:tenant/stack-instances/:id/databases/:id/accounts/:id,17,0,17,0,0,0,0,0,0,17,0,0,0,17,0,0,0,0,0,0,0,0,0,0,0,0,0,
url_tenant_endpoint,sandbox_mws8_oneandone | GET /v1/:tenant/stack-instances/:id/webshield/public-ips,17,17,0,0,0,0,0,0,17,0,0,17,0,0,0,0,0,0,0,0,0,0,0,0,0,0,0,
url_tenant_endpoint,sandbox_mws8_oneandone | POST /v1/:tenant/stack-instances/:id/webspaces/:id/domains,17,0,17,0,17,0,0,0,0,0,0,3,0,14,0,0,0,0,0,0,0,0,0,0,0,0,0,
url_tenant_endpoint,trial_strato | GET /v1/:tenant/stack-instances/:id/webshield/mappings/:id,17,17,0,0,0,0,0,0,17,0,0,17,0,0,0,0,0,0,0,0,0,0,0,0,0,0,0,
url_tenant_endpoint,UDAG | GET /v1/:tenant/stack-instances/:id/stretchspaces/:id/accounts/:id,16,16,0,0,0,0,0,0,16,0,0,16,0,0,0,0,0,0,0,0,0,0,0,0,0,0,0,
url_tenant_endpoint,base_piensa | POST /v1/:tenant/stack-instances/:id/webspaces/:id/domains,16,0,16,0,16,0,0,0,0,0,0,0,0,16,0,0,0,0,0,0,0,0,0,0,0,0,0,
url_tenant_endpoint,base_piensa | PUT /v1/:tenant/stack-instances/:id/webspaces/:id/accounts/:id,16,0,16,0,16,0,0,0,0,0,0,0,0,16,0,0,0,0,0,0,0,0,0,0,0,0,0,
url_tenant_endpoint,sandbox_qa_whic | PUT /v1/:tenant/stack-instances/:id/webspaces,16,0,16,0,16,0,0,0,0,0,16,0,0,0,0,0,0,0,0,0,0,0,0,0,0,0,0,"{""405"": 16}"
url_tenant_endpoint,sandbox_worldforyou | GET /v1/:tenant/stack-instances/:id/webshield/public-ips,16,16,0,0,0,0,0,0,16,0,0,16,0,0,0,0,0,0,0,0,0,0,0,0,0,0,0,
url_tenant_endpoint,trial_strato | GET /v1/:tenant/stack-instances/:id,16,16,0,0,0,0,0,0,16,0,0,16,0,0,0,0,0,0,0,0,0,0,0,0,0,0,0,
url_tenant_endpoint,base_ionoscloud | POST /v1/:tenant/stack-instances,15,0,15,0,0,0,0,0,0,15,0,0,15,0,0,0,0,0,0,0,0,0,0,0,0,0,0,
url_tenant_endpoint,base_ionoscloud | POST /v1/:tenant/stack-instances/:id/webshield/mappings,15,0,15,0,0,0,0,0,0,15,0,0,0,15,0,0,0,0,0,0,0,0,0,0,0,0,0,
url_tenant_endpoint,base_ionoscloud | PUT /v1/:tenant/stack-instances/:id/webshield/mappings,15,0,15,0,0,0,0,0,0,15,0,0,0,15,0,0,0,0,0,0,0,0,0,0,0,0,0,
url_tenant_endpoint,base_webde | GET /v1/:tenant/stack-instances/:id/redirects,15,15,0,0,0,0,0,0,15,0,1,0,0,0,0,14,0,0,0,1,0,0,0,0,0,0,0,
url_tenant_endpoint,sandbox_gitspace_oneandone | DELETE /v1/:tenant/stack-instances/:id,15,0,15,0,0,0,0,0,0,15,0,0,0,0,15,0,0,0,0,0,0,0,0,0,0,0,0,
url_tenant_endpoint,trial_sfs | DELETE /v1/:tenant/stack-instances/:id/webshield/mappings/:id,15,0,15,0,0,0,0,0,0,15,0,0,0,15,0,0,0,0,0,0,0,0,0,0,0,0,0,
url_tenant_endpoint,WhicQAdnd | GET /v1/:tenant/stack-instances/:id/webspaces/:id/accounts/:id,14,14,0,14,0,0,0,0,0,0,0,14,0,0,0,0,0,0,0,0,0,0,0,0,0,0,0,
url_tenant_endpoint,WhicQAdnd | PUT /v1/:tenant/stack-instances/:id/webspaces/:id/accounts/:id,14,0,14,0,14,0,0,0,0,0,0,0,0,14,0,0,0,0,0,0,0,0,0,0,0,0,0,
url_tenant_endpoint,base_fasthosts | DELETE /v1/:tenant/stack-instances/:id/webshield/mappings/:id,14,0,14,0,0,0,0,0,0,14,14,0,0,0,0,0,0,0,0,0,0,0,14,0,0,0,0,
url_tenant_endpoint,base_gmxde | GET /v1/:tenant/stack-instances/:id/redirects/:id,14,14,0,0,0,0,0,0,14,0,0,14,0,0,0,0,0,0,0,0,0,0,0,0,0,0,0,
url_tenant_endpoint,sandbox_worldforyou | DELETE /v1/:tenant/stack-instances/:id,14,0,14,0,0,0,0,0,0,14,0,0,0,0,14,0,0,0,0,0,0,0,0,0,0,0,0,
url_tenant_endpoint,autodeploy_mon_whic | GET /v1/:tenant/stack-instances,13,13,0,0,0,0,0,0,13,0,0,0,0,0,0,13,0,0,0,0,0,0,0,0,0,0,0,
url_tenant_endpoint,base_arsys | POST /v1/:tenant/stack-instances/:id/stretchspaces/:id/locks,13,0,13,0,0,0,0,0,0,13,0,0,0,13,0,0,0,0,0,0,0,0,0,0,0,0,0,
url_tenant_endpoint,base_gmxde | POST /v1/:tenant/stack-instances/:id/databases/:id/accounts,13,0,13,0,0,0,0,0,0,13,0,0,0,13,0,0,0,0,0,0,0,0,0,0,0,0,0,
url_tenant_endpoint,qa_whic | DELETE /v1/:tenant/stack-instances/:id/webshield/mappings/:id/:id,13,0,13,0,0,0,0,0,0,13,0,0,0,13,0,0,0,0,0,0,0,0,0,0,0,0,0,
url_tenant_endpoint,sandbox_mws8_oneandone | DELETE /v1/:tenant/stack-instances/:id,13,0,13,0,0,0,0,0,0,13,0,0,0,0,13,0,0,0,0,0,0,0,0,0,0,0,0,
url_tenant_endpoint,sandbox_worldforyou | GET /v1/:tenant/stack-instances/:id/stretchspaces,13,13,0,0,0,0,0,0,13,0,0,0,0,0,0,13,0,0,0,0,0,0,0,0,0,0,0,
url_tenant_endpoint,sandbox_worldforyou | GET /v1/:tenant/stack-instances/:id/stretchspaces/:id/domains,13,13,0,0,0,0,0,0,13,0,0,0,0,0,0,13,0,0,0,0,0,0,0,0,0,0,0,
url_tenant_endpoint,sandbox_worldforyou | POST /v1/:tenant/stack-instances,13,0,13,0,0,0,0,0,0,13,2,0,11,0,0,0,0,2,0,0,0,0,0,0,0,0,0,
url_tenant_endpoint,trial_strato | GET /v1/:tenant/stack-instances/:id/webshield/mappings/:id/certificate,13,13,0,0,0,0,0,0,13,0,6,7,0,0,0,0,0,0,0,6,0,0,0,0,0,0,0,
url_tenant_endpoint,EShopOneAndOne | GET /v1/:tenant/stack-instances/:id/webshield/public-ips,12,12,0,0,0,0,0,0,12,0,0,12,0,0,0,0,0,0,0,0,0,0,0,0,0,0,0,
url_tenant_endpoint,OneAndOne | DELETE /v1/:tenant/stack-instances/:id/databases/:id/accounts/:id,12,0,12,0,0,0,0,0,0,12,0,0,0,12,0,0,0,0,0,0,0,0,0,0,0,0,0,
url_tenant_endpoint,base_arsys | PUT /v1/:tenant/stack-instances/:id/stretchspaces/:id/accounts/:id,12,0,12,0,0,0,0,0,0,12,0,0,0,12,0,0,0,0,0,0,0,0,0,0,0,0,0,
url_tenant_endpoint,base_fasthosts | GET /v1/:tenant/stack-instances/:id/webspaces,12,12,0,12,0,0,0,0,0,0,0,0,0,0,0,12,0,0,0,0,0,0,0,0,0,0,0,
url_tenant_endpoint,base_gmxde | GET /v1/:tenant/stack-instances/:id/webshield/mappings,12,12,0,0,0,0,0,0,12,0,0,12,0,0,0,0,0,0,0,0,0,0,0,0,0,0,0,
url_tenant_endpoint,sandbox_qa_whic | GET /v1/:tenant/stack-instances/:id/stretchspaces/:id/accounts/:id,12,12,0,0,0,0,0,0,12,0,0,12,0,0,0,0,0,0,0,0,0,0,0,0,0,0,0,
url_tenant_endpoint,sandbox_qa_whic | POST /v1/:tenant/stack-instances/:id/stretchspaces/:id/accounts,12,0,12,0,0,0,0,0,0,12,0,0,0,12,0,0,0,0,0,0,0,0,0,0,0,0,0,
url_tenant_endpoint,base_webde | GET /v1/:tenant/stack-instances/:id/webspaces,11,11,0,11,0,0,0,0,0,0,5,0,0,0,0,6,0,0,2,3,0,0,0,0,0,0,0,
url_tenant_endpoint,sandbox_mws8_oneandone | POST /v1/:tenant/stack-instances,11,0,11,0,0,0,0,0,0,11,0,0,11,0,0,0,0,0,0,0,0,0,0,0,0,0,0,
url_tenant_endpoint,sandbox_mws8_oneandone | POST /v1/:tenant/stack-instances/:id/webspaces,11,0,11,0,11,0,0,0,0,0,0,0,0,11,0,0,0,0,0,0,0,0,0,0,0,0,0,
url_tenant_endpoint,sandbox_worldforyou | POST /v1/:tenant/stack-instances/:id/stretchspaces,11,0,11,0,0,0,0,0,0,11,2,0,0,9,0,0,0,0,0,0,2,0,0,0,0,0,0,
url_tenant_endpoint,trial_strato | GET /v1/:tenant/stack-instances,11,11,0,0,0,0,0,0,11,0,6,0,0,0,0,5,0,0,0,0,0,6,0,0,0,0,0,
url_tenant_endpoint,gitspace_oneandone | POST /v1/:tenant/stack-instances/:id/databases/:id/locks,10,0,10,0,0,0,0,0,0,10,0,0,0,10,0,0,0,0,0,0,0,0,0,0,0,0,0,
url_tenant_endpoint,sandbox_worldforyou | PUT /v1/:tenant/stack-instances/:id/stretchspaces/:id,10,0,10,0,0,0,0,0,0,10,0,0,0,10,0,0,0,0,0,0,0,0,0,0,0,0,0,
url_tenant_endpoint,trial_strato | PUT /v1/:tenant/stack-instances/:id/webshield/mappings/:id/:id/:id,10,0,10,0,0,0,0,0,0,10,0,0,0,0,10,0,0,0,0,0,0,0,0,0,0,0,0,
url_tenant_endpoint,base_gmxde | POST /v1/:tenant/stack-instances/:id/stretchspaces/:id/accounts,9,0,9,0,0,0,0,0,0,9,9,0,0,0,0,0,0,0,0,9,0,0,0,0,0,0,0,
url_tenant_endpoint,sandbox_worldforyou | GET /v1/:tenant/stack-instances/:id/stretchspaces/:id/domains/:id,9,9,0,0,0,0,0,0,9,0,3,6,0,0,0,0,0,3,0,0,0,0,0,0,0,0,0,
url_tenant_endpoint,trial_sfs | DELETE /v1/:tenant/stack-instances/:id,9,0,9,0,0,0,0,0,0,9,0,0,0,0,9,0,0,0,0,0,0,0,0,0,0,0,0,
url_tenant_endpoint,trial_strato | POST /v1/:tenant/stack-instances/:id/redirects,9,0,9,0,0,0,0,0,0,9,0,0,0,9,0,0,0,0,0,0,0,0,0,0,0,0,0,
url_tenant_endpoint,OneAndOne | GET /v1/:tenant/stack-instances/:id/webshield/mappings,8,8,0,0,0,0,0,0,8,0,4,4,0,0,0,0,0,0,0,4,0,0,0,0,0,0,0,
url_tenant_endpoint,QA_WHIC | POST /v1/:tenant/stack-instances/:id/webspaces/:id/accounts,8,0,8,0,8,0,0,0,0,0,8,0,0,0,0,0,0,0,0,8,0,0,0,0,0,0,0,
url_tenant_endpoint,WhicQAdnd | GET /v1/:tenant/stack-instances/:id,8,8,0,0,0,0,0,0,8,0,0,8,0,0,0,0,0,0,0,0,0,0,0,0,0,0,0,
url_tenant_endpoint,WhicQAdnd | PUT /v1/:tenant/stack-instances/:id,8,0,8,0,0,0,0,0,0,8,8,0,0,0,0,0,8,0,0,0,0,0,0,0,0,0,0,
url_tenant_endpoint,base_homepl | POST /v1/:tenant/stack-instances/:id/webspaces/:id/accounts,8,0,8,0,8,0,0,0,0,0,8,0,0,0,0,0,0,0,0,8,0,0,0,0,0,0,0,
url_tenant_endpoint,base_piensa | POST /v1/:tenant/stack-instances/:id/stretchspaces/:id/locks,8,0,8,0,0,0,0,0,0,8,0,0,0,8,0,0,0,0,0,0,0,0,0,0,0,0,0,
url_tenant_endpoint,dnd_qa_whic | POST /v1/:tenant/stack-instances/:id/stretchspaces/import,8,0,8,0,0,0,0,0,0,8,8,0,0,0,0,0,0,8,0,0,0,0,0,0,0,0,0,
url_tenant_endpoint,qa_whic | DELETE /v1/:tenant/stack-instances/:id/webshield/mappings,8,0,8,0,0,0,0,0,0,8,8,0,0,0,0,0,0,0,0,0,0,0,0,0,0,0,0,"{""405"": 8}"
url_tenant_endpoint,WhicQAdnd | DELETE /v1/:tenant/stack-instances/:id/webspaces/:id/accounts/:id,7,0,7,0,7,0,0,0,0,0,0,0,0,7,0,0,0,0,0,0,0,0,0,0,0,0,0,
url_tenant_endpoint,WhicQAdnd | DELETE /v1/:tenant/stack-instances/:id/webspaces/:id/domains/:id,7,0,7,0,7,0,0,0,0,0,0,0,0,7,0,0,0,0,0,0,0,0,0,0,0,0,0,
url_tenant_endpoint,WhicQAdnd | POST /v1/:tenant/stack-instances/:id/webspaces/:id/accounts,7,0,7,0,7,0,0,0,0,0,0,0,0,7,0,0,0,0,0,0,0,0,0,0,0,0,0,
url_tenant_endpoint,WhicQAdnd | POST /v1/:tenant/stack-instances/:id/webspaces/:id/domains,7,0,7,0,7,0,0,0,0,0,0,0,0,7,0,0,0,0,0,0,0,0,0,0,0,0,0,
url_tenant_endpoint,base_fasthosts | GET /v1/:tenant/stack-instances/:id/databases,7,7,0,0,0,0,0,0,7,0,0,0,0,0,0,7,0,0,0,0,0,0,0,0,0,0,0,
url_tenant_endpoint,base_piensa | GET /v1/:tenant/stack-instances/:id/databases/:id/accounts/:id,7,7,0,0,0,0,0,0,7,0,0,7,0,0,0,0,0,0,0,0,0,0,0,0,0,0,0,
url_tenant_endpoint,base_piensa | PUT /v1/:tenant/stack-instances/:id/stretchspaces/:id/accounts/:id,7,0,7,0,0,0,0,0,0,7,0,0,0,7,0,0,0,0,0,0,0,0,0,0,0,0,0,
url_tenant_endpoint,sandbox_piensa | GET /v1/:tenant/stack-instances/:id/stretchspaces/:id,7,7,0,0,0,0,0,0,7,0,0,7,0,0,0,0,0,0,0,0,0,0,0,0,0,0,0,
url_tenant_endpoint,sandbox_shl_to | DELETE /v1/:tenant/stack-instances/:id,7,0,7,0,0,0,0,0,0,7,0,0,0,0,7,0,0,0,0,0,0,0,0,0,0,0,0,
url_tenant_endpoint,sandbox_shl_to | GET /v1/:tenant/stack-instances/:id/databases/:id,7,7,0,0,0,0,0,0,7,0,0,7,0,0,0,0,0,0,0,0,0,0,0,0,0,0,0,
url_tenant_endpoint,sandbox_shl_to | GET /v1/:tenant/stack-instances/:id/stretchspaces/:id,7,7,0,0,0,0,0,0,7,0,0,7,0,0,0,0,0,0,0,0,0,0,0,0,0,0,0,
url_tenant_endpoint,sandbox_shl_to | POST /v1/:tenant/stack-instances,7,0,7,0,0,0,0,0,0,7,0,0,7,0,0,0,0,0,0,0,0,0,0,0,0,0,0,
url_tenant_endpoint,sandbox_shl_to | POST /v1/:tenant/stack-instances/:id/databases,7,0,7,0,0,0,0,0,0,7,0,0,0,7,0,0,0,0,0,0,0,0,0,0,0,0,0,
url_tenant_endpoint,sandbox_shl_to | POST /v1/:tenant/stack-instances/:id/stretchspaces,7,0,7,0,0,0,0,0,0,7,0,0,0,7,0,0,0,0,0,0,0,0,0,0,0,0,0,
url_tenant_endpoint,sandbox_worldforyou | GET /v1/:tenant/stack-instances,7,7,0,0,0,0,0,0,7,0,0,0,0,0,0,7,0,0,0,0,0,0,0,0,0,0,0,
url_tenant_endpoint,base_worldforyou | DELETE /v1/:tenant/stack-instances/:id/redirects/:id,6,0,6,0,0,0,0,0,0,6,0,0,0,6,0,0,0,0,0,0,0,0,0,0,0,0,0,
url_tenant_endpoint,sandbox_piensa | GET /v1/:tenant/stack-instances/:id/webshield/public-ips,6,6,0,0,0,0,0,0,6,0,0,6,0,0,0,0,0,0,0,0,0,0,0,0,0,0,0,
url_tenant_endpoint,sandbox_worldforyou | GET /v1/:tenant/stack-instances/:id/stretchspaces/:id/accounts/:id,6,6,0,0,0,0,0,0,6,0,0,6,0,0,0,0,0,0,0,0,0,0,0,0,0,0,0,
url_tenant_endpoint,sandbox_worldforyou | POST /v1/:tenant/stack-instances/:id/databases,6,0,6,0,0,0,0,0,0,6,3,0,0,3,0,0,0,3,0,0,0,0,0,0,0,0,0,
url_tenant_endpoint,trial_sfs | POST /v1/:tenant/stack-instances/:id/databases,6,0,6,0,0,0,0,0,0,6,0,0,0,6,0,0,0,0,0,0,0,0,0,0,0,0,0,
url_tenant_endpoint,base_fasthosts | PUT /v1/:tenant/stack-instances/:id/webspaces/:id/accounts/:id,5,0,5,0,5,0,0,0,0,0,0,0,0,5,0,0,0,0,0,0,0,0,0,0,0,0,0,
url_tenant_endpoint,OneAndOne | GET /v1/:tenant/stack-instances/:id/databases/:id/locks,4,4,0,0,0,0,0,0,4,0,0,0,0,0,0,4,0,0,0,0,0,0,0,0,0,0,0,
url_tenant_endpoint,OneAndOne | GET /v1/:tenant/stack-instances/:id/stretchspaces/:id/locks,4,4,0,0,0,0,0,0,4,0,0,4,0,0,0,0,0,0,0,0,0,0,0,0,0,0,0,
url_tenant_endpoint,UDAG | DELETE /v1/:tenant/stack-instances/:id/databases/:id/accounts/:id,4,0,4,0,0,0,0,0,0,4,0,0,0,4,0,0,0,0,0,0,0,0,0,0,0,0,0,
url_tenant_endpoint,UDAG | DELETE /v1/:tenant/stack-instances/:id/webspaces/:id/accounts/:id,4,0,4,0,4,0,0,0,0,0,0,0,0,4,0,0,0,0,0,0,0,0,0,0,0,0,0,
url_tenant_endpoint,UDAG | POST /v1/:tenant/stack-instances/:id/webspaces/:id/accounts,4,0,4,0,4,0,0,0,0,0,0,0,0,4,0,0,0,0,0,0,0,0,0,0,0,0,0,
url_tenant_endpoint,base_fasthosts | GET /v1/:tenant/stack-instances/:id/stretchspaces/:id/domains,4,4,0,0,0,0,0,0,4,0,0,0,0,0,0,4,0,0,0,0,0,0,0,0,0,0,0,
url_tenant_endpoint,base_gmxde | GET /v1/:tenant/stack-instances/:id/webspaces,4,4,0,4,0,0,0,0,0,0,1,0,0,0,0,3,0,1,0,0,0,0,0,0,0,0,0,
url_tenant_endpoint,base_homepl | GET /v1/:tenant/stack-instances/:id/stretchspaces/:id/accounts/:id,4,4,0,0,0,0,0,0,4,0,0,4,0,0,0,0,0,0,0,0,0,0,0,0,0,0,0,
url_tenant_endpoint,base_homepl | PUT /v1/:tenant/stack-instances/:id/stretchspaces/:id/domains/:id,4,0,4,0,0,0,0,0,0,4,0,0,0,4,0,0,0,0,0,0,0,0,0,0,0,0,0,
url_tenant_endpoint,base_piensa | DELETE /v1/:tenant/stack-instances/:id/webspaces/:id/accounts/:id,4,0,4,0,4,0,0,0,0,0,0,0,0,4,0,0,0,0,0,0,0,0,0,0,0,0,0,
url_tenant_endpoint,base_piensa | POST /v1/:tenant/stack-instances/:id/webspaces/:id/locks,4,0,4,0,4,0,0,0,0,0,0,0,0,4,0,0,0,0,0,0,0,0,0,0,0,0,0,
url_tenant_endpoint,gitspace_oneandone | DELETE /v1/:tenant/stack-instances/:id/webspaces/:id/locks/:id,4,0,4,0,4,0,0,0,0,0,0,0,0,4,0,0,0,0,0,0,0,0,0,0,0,0,0,
url_tenant_endpoint,mgmt | GET /v1/:tenant/resource/:id,4,4,0,0,0,0,0,0,4,0,4,0,0,0,0,0,0,1,0,3,0,0,0,0,0,0,0,
url_tenant_endpoint,sandbox_gitspace_oneandone | GET /v1/:tenant/eventing/notifications,4,4,0,0,0,4,0,0,0,0,0,4,0,0,0,0,0,0,0,0,0,0,0,0,0,0,0,
url_tenant_endpoint,sandbox_worldforyou | DELETE /v1/:tenant/stack-instances/:id/databases/:id,4,0,4,0,0,0,0,0,0,4,2,0,0,2,0,0,0,2,0,0,0,0,0,0,0,0,0,
url_tenant_endpoint,sandbox_worldforyou | PUT /v1/:tenant/stack-instances/:id/stretchspaces/:id/domains/:id,4,0,4,0,0,0,0,0,0,4,0,0,0,4,0,0,0,0,0,0,0,0,0,0,0,0,0,
url_tenant_endpoint,trial_strato | DELETE /v1/:tenant/stack-instances/:id/webshield/mappings/:id/certificate,4,0,4,0,0,0,0,0,0,4,0,0,0,4,0,0,0,0,0,0,0,0,0,0,0,0,0,
url_tenant_endpoint,trial_strato | GET /v1/:tenant/stack-instances/:id/stretchspaces/:id/domains/:id,4,4,0,0,0,0,0,0,4,0,0,4,0,0,0,0,0,0,0,0,0,0,0,0,0,0,0,
url_tenant_endpoint,trial_strato | POST /v1/:tenant/stack-instances/:id/databases,4,0,4,0,0,0,0,0,0,4,0,0,0,4,0,0,0,0,0,0,0,0,0,0,0,0,0,
url_tenant_endpoint,trial_strato | POST /v1/:tenant/stack-instances/:id/stretchspaces/:id/domains,4,0,4,0,0,0,0,0,0,4,0,0,0,4,0,0,0,0,0,0,0,0,0,0,0,0,0,
url_tenant_endpoint,trial_strato | PUT /v1/:tenant/stack-instances/:id/stretchspaces/:id,4,0,4,0,0,0,0,0,0,4,0,0,0,4,0,0,0,0,0,0,0,0,0,0,0,0,0,
url_tenant_endpoint,trial_strato | PUT /v1/:tenant/stack-instances/:id/webshield/mappings/:id/certificate,4,0,4,0,0,0,0,0,0,4,1,0,0,3,0,0,0,0,0,0,1,0,0,0,0,0,0,
url_tenant_endpoint,OneAndOne | GET /v1/:tenant/stack-instances/:id/webshield/mappings/:id/certificate,3,3,0,0,0,0,0,0,3,0,0,3,0,0,0,0,0,0,0,0,0,0,0,0,0,0,0,
url_tenant_endpoint,base_gmxde | GET /v1/:tenant/stack-instances/:id/redirects,3,3,0,0,0,0,0,0,3,0,0,0,0,0,0,3,0,0,0,0,0,0,0,0,0,0,0,
url_tenant_endpoint,base_gmxde | GET /v1/:tenant/stack-instances/:id/webspaces/:id/domains,3,3,0,3,0,0,0,0,0,0,0,0,0,0,0,3,0,0,0,0,0,0,0,0,0,0,0,
url_tenant_endpoint,base_gmxde | POST /v1/:tenant/stack-instances/:id/webshield/mappings,3,0,3,0,0,0,0,0,0,3,3,0,0,0,0,0,0,0,0,0,0,0,3,0,0,0,0,
url_tenant_endpoint,base_webde | GET /v1/:tenant/stack-instances/:id/webspaces/:id/domains,3,3,0,3,0,0,0,0,0,0,0,0,0,0,0,3,0,0,0,0,0,0,0,0,0,0,0,
url_tenant_endpoint,base_worldforyou | PUT /v1/:tenant/stack-instances/:id/databases/:id/accounts/:id,3,0,3,0,0,0,0,0,0,3,0,0,0,3,0,0,0,0,0,0,0,0,0,0,0,0,0,
url_tenant_endpoint,gitspace_oneandone | DELETE /v1/:tenant/stack-instances/:id/databases/:id,3,0,3,0,0,0,0,0,0,3,0,0,0,3,0,0,0,0,0,0,0,0,0,0,0,0,0,
url_tenant_endpoint,mgmt | GET /v1/:tenant/lookup/:id,3,3,0,0,0,0,0,0,3,0,3,0,0,0,0,0,0,0,0,3,0,0,0,0,0,0,0,
url_tenant_endpoint,sandbox_homepl | DELETE /v1/:tenant/stack-instances/:id/stretchspaces/:id/domains/:id,3,0,3,0,0,0,0,0,0,3,0,0,0,3,0,0,0,0,0,0,0,0,0,0,0,0,0,
url_tenant_endpoint,sandbox_worldforyou | GET /v1/:tenant/stack-instances/:id/databases/:id/accounts/:id,3,3,0,0,0,0,0,0,3,0,0,3,0,0,0,0,0,0,0,0,0,0,0,0,0,0,0,
url_tenant_endpoint,trial_strato | DELETE /v1/:tenant/stack-instances/:id/redirects/:id,3,0,3,0,0,0,0,0,0,3,0,0,0,3,0,0,0,0,0,0,0,0,0,0,0,0,0,
url_tenant_endpoint,trial_strato | DELETE /v1/:tenant/stack-instances/:id/stretchspaces/:id/domains/:id,3,0,3,0,0,0,0,0,0,3,0,0,0,3,0,0,0,0,0,0,0,0,0,0,0,0,0,
url_tenant_endpoint,trial_strato | POST /v1/:tenant/stack-instances,3,0,3,0,0,0,0,0,0,3,0,0,3,0,0,0,0,0,0,0,0,0,0,0,0,0,0,
url_tenant_endpoint,trial_strato | POST /v1/:tenant/stack-instances/:id/stretchspaces,3,0,3,0,0,0,0,0,0,3,0,0,0,3,0,0,0,0,0,0,0,0,0,0,0,0,0,
url_tenant_endpoint,trial_strato | PUT /v1/:tenant/stack-instances/:id/databases/:id/accounts/:id,3,0,3,0,0,0,0,0,0,3,0,0,0,3,0,0,0,0,0,0,0,0,0,0,0,0,0,
url_tenant_endpoint,OneAndOne | GET /v1/:tenant/stack-instances/:id/webshield/mappings/:id/:id,2,2,0,0,0,0,0,0,2,0,2,0,0,0,0,0,0,0,0,2,0,0,0,0,0,0,0,
url_tenant_endpoint,base_arsys | PUT /v1/:tenant/stack-instances/:id/databases/:id/accounts/:id,2,0,2,0,0,0,0,0,0,2,0,0,0,2,0,0,0,0,0,0,0,0,0,0,0,0,0,
url_tenant_endpoint,base_fasthosts | GET /v1/:tenant/stack-instances/:id/stretchspaces,2,2,0,0,0,0,0,0,2,0,0,0,0,0,0,2,0,0,0,0,0,0,0,0,0,0,0,
url_tenant_endpoint,base_fasthosts | PUT /v1/:tenant/stack-instances/:id/stretchspaces/:id/accounts/:id,2,0,2,0,0,0,0,0,0,2,0,0,0,2,0,0,0,0,0,0,0,0,0,0,0,0,0,
url_tenant_endpoint,base_gmxde | PUT /v1/:tenant/stack-instances/:id/redirects/:id,2,0,2,0,0,0,0,0,0,2,0,0,0,2,0,0,0,0,0,0,0,0,0,0,0,0,0,
url_tenant_endpoint,base_homepl | DELETE /v1/:tenant/stack-instances/:id/databases/:id/accounts/:id,2,0,2,0,0,0,0,0,0,2,0,0,0,2,0,0,0,0,0,0,0,0,0,0,0,0,0,
url_tenant_endpoint,base_piensa | PUT /v1/:tenant/stack-instances/:id/databases/:id,2,0,2,0,0,0,0,0,0,2,0,0,0,2,0,0,0,0,0,0,0,0,0,0,0,0,0,
url_tenant_endpoint,base_webde | DELETE /v1/:tenant/stack-instances/:id/webshield/mappings/:id,2,0,2,0,0,0,0,0,0,2,2,0,0,0,0,0,0,0,0,0,0,0,2,0,0,0,0,
url_tenant_endpoint,base_worldforyou | GET /v1/:tenant/stack-instances/:id,2,2,0,0,0,0,0,0,2,0,2,0,0,0,0,0,0,0,0,2,0,0,0,0,0,0,0,
url_tenant_endpoint,base_worldforyou | POST /v1/:tenant/stack-instances/:id/stretchspaces/:id/locks,2,0,2,0,0,0,0,0,0,2,1,0,0,1,0,0,0,1,0,0,0,0,0,0,0,0,0,
url_tenant_endpoint,mgmt | GET /v1/:tenant/resource,2,2,0,0,0,0,0,0,2,0,2,0,0,0,0,0,0,1,0,1,0,0,0,0,0,0,0,
url_tenant_endpoint,sandbox_gitspace_oneandone | GET /v1/:tenant/stack-instances/:id/databases/:id,2,2,0,0,0,0,0,0,2,0,0,2,0,0,0,0,0,0,0,0,0,0,0,0,0,0,0,
url_tenant_endpoint,sandbox_gitspace_oneandone | GET /v1/:tenant/stack-instances/:id/stretchspaces/:id,2,2,0,0,0,0,0,0,2,0,0,2,0,0,0,0,0,0,0,0,0,0,0,0,0,0,0,
url_tenant_endpoint,sandbox_gitspace_oneandone | POST /v1/:tenant/stack-instances,2,0,2,0,0,0,0,0,0,2,0,0,2,0,0,0,0,0,0,0,0,0,0,0,0,0,0,
url_tenant_endpoint,sandbox_gitspace_oneandone | POST /v1/:tenant/stack-instances/:id/databases,2,0,2,0,0,0,0,0,0,2,0,0,0,2,0,0,0,0,0,0,0,0,0,0,0,0,0,
url_tenant_endpoint,sandbox_gitspace_oneandone | POST /v1/:tenant/stack-instances/:id/stretchspaces,2,0,2,0,0,0,0,0,0,2,0,0,0,2,0,0,0,0,0,0,0,0,0,0,0,0,0,
url_tenant_endpoint,sandbox_gitspace_oneandone | PUT /v1/:tenant/stack-instances/:id/stretchspaces/:id,2,0,2,0,0,0,0,0,0,2,0,0,0,2,0,0,0,0,0,0,0,0,0,0,0,0,0,
url_tenant_endpoint,sandbox_homepl | DELETE /v1/:tenant/stack-instances/:id,2,0,2,0,0,0,0,0,0,2,0,0,0,0,2,0,0,0,0,0,0,0,0,0,0,0,0,
url_tenant_endpoint,sandbox_piensa | DELETE /v1/:tenant/stack-instances/:id/stretchspaces/:id/domains/:id,2,0,2,0,0,0,0,0,0,2,0,0,0,2,0,0,0,0,0,0,0,0,0,0,0,0,0,
url_tenant_endpoint,sandbox_worldforyou | GET /v1/:tenant/stack-instances/:id,2,2,0,0,0,0,0,0,2,0,0,2,0,0,0,0,0,0,0,0,0,0,0,0,0,0,0,
url_tenant_endpoint,sandbox_worldforyou | POST /v1/:tenant/stack-instances/:id/stretchspaces/:id/accounts,2,0,2,0,0,0,0,0,0,2,0,0,0,2,0,0,0,0,0,0,0,0,0,0,0,0,0,
url_tenant_endpoint,sandbox_worldforyou | PUT /v1/:tenant/stack-instances/:id/stretchspaces/:id/accounts/:id,2,0,2,0,0,0,0,0,0,2,0,0,0,2,0,0,0,0,0,0,0,0,0,0,0,0,0,
url_tenant_endpoint,trial_sfs | GET /v1/:tenant/stack-instances/:id/databases/:id,2,2,0,0,0,0,0,0,2,0,0,2,0,0,0,0,0,0,0,0,0,0,0,0,0,0,0,
url_tenant_endpoint,trial_strato | GET /v1/:tenant/stack-instances/:id/stretchspaces,2,2,0,0,0,0,0,0,2,0,0,0,0,0,0,2,0,0,0,0,0,0,0,0,0,0,0,
url_tenant_endpoint,%7B%7Bwaas_tenant%7D%7D | GET /v1/:tenant/stack-instances/:id/stretchspaces/:id/accounts,1,1,0,0,0,0,0,0,1,0,1,0,0,0,0,0,1,0,0,0,0,0,0,0,0,0,0,
url_tenant_endpoint,(no tenant in URL) | GET /:id/:id/:id,1,1,0,0,0,0,0,0,1,0,1,0,0,0,0,0,0,1,0,0,0,0,0,0,0,0,0,
url_tenant_endpoint,OneAndOne | GET /v1/:tenant/stack-instances/:id/stretchspaces/:id/:id,1,1,0,0,0,0,0,0,1,0,1,0,0,0,0,0,0,0,0,1,0,0,0,0,0,0,0,
url_tenant_endpoint,OneAndOne | GET /v1/:tenant/stack-instances/:id/webshield/:id,1,1,0,0,0,0,0,0,1,0,0,1,0,0,0,0,0,0,0,0,0,0,0,0,0,0,0,
url_tenant_endpoint,OneAndOne | GET /v1/:tenant/stack-instances/:id/webshield/cdn-ips,1,1,0,0,0,0,0,0,1,0,0,1,0,0,0,0,0,0,0,0,0,0,0,0,0,0,0,
url_tenant_endpoint,OneAndOne | PATCH /v1/:tenant/stack-instances/:id/webshield/mappings,1,0,1,0,0,0,0,0,0,1,0,0,0,1,0,0,0,0,0,0,0,0,0,0,0,0,0,
url_tenant_endpoint,base_arsys | DELETE /v1/:tenant/stack-instances/:id/stretchspaces/:id/accounts/:id,1,0,1,0,0,0,0,0,0,1,0,0,0,1,0,0,0,0,0,0,0,0,0,0,0,0,0,
url_tenant_endpoint,base_arsys | PUT /v1/:tenant/stack-instances/:id/databases/:id,1,0,1,0,0,0,0,0,0,1,0,0,0,1,0,0,0,0,0,0,0,0,0,0,0,0,0,
url_tenant_endpoint,base_fasthosts | PUT /v1/:tenant/stack-instances/:id/webspaces/:id/domains/:id,1,0,1,0,1,0,0,0,0,0,0,0,0,1,0,0,0,0,0,0,0,0,0,0,0,0,0,
url_tenant_endpoint,base_piensa | DELETE /v1/:tenant/stack-instances/:id/stretchspaces/:id/accounts/:id,1,0,1,0,0,0,0,0,0,1,0,0,0,1,0,0,0,0,0,0,0,0,0,0,0,0,0,
url_tenant_endpoint,base_piensa | DELETE /v1/:tenant/stack-instances/:id/stretchspaces/:id/locks/:id,1,0,1,0,0,0,0,0,0,1,0,0,0,1,0,0,0,0,0,0,0,0,0,0,0,0,0,
url_tenant_endpoint,base_piensa | GET /v1/:tenant/stack-instances/:id/databases,1,1,0,0,0,0,0,0,1,0,0,0,0,0,0,1,0,0,0,0,0,0,0,0,0,0,0,
url_tenant_endpoint,base_webde | DELETE /v1/:tenant/stack-instances/:id/databases/:id/locks/:id,1,0,1,0,0,0,0,0,0,1,0,0,0,1,0,0,0,0,0,0,0,0,0,0,0,0,0,
url_tenant_endpoint,base_webde | DELETE /v1/:tenant/stack-instances/:id/webspaces/:id/locks/:id,1,0,1,0,1,0,0,0,0,0,0,0,0,1,0,0,0,0,0,0,0,0,0,0,0,0,0,
url_tenant_endpoint,base_webde | POST /v1/:tenant/stack-instances/:id/databases/:id/locks,1,0,1,0,0,0,0,0,0,1,0,0,0,1,0,0,0,0,0,0,0,0,0,0,0,0,0,
url_tenant_endpoint,base_webde | POST /v1/:tenant/stack-instances/:id/webspaces/:id/locks,1,0,1,0,1,0,0,0,0,0,0,0,0,1,0,0,0,0,0,0,0,0,0,0,0,0,0,
url_tenant_endpoint,gitspace_oneandone | PUT /v1/:tenant/stack-instances/:id/webspaces/:id/domains/:id,1,0,1,0,1,0,0,0,0,0,0,0,0,1,0,0,0,0,0,0,0,0,0,0,0,0,0,
url_tenant_endpoint,mgmt | GET /v1/:tenant/lookup/resource,1,1,0,0,0,0,0,0,1,0,1,0,0,0,0,0,0,0,0,1,0,0,0,0,0,0,0,
url_tenant_endpoint,sandbox_fasthosts | DELETE /v1/:tenant/stack-instances/:id,1,0,1,0,0,0,0,0,0,1,0,0,0,0,1,0,0,0,0,0,0,0,0,0,0,0,0,
url_tenant_endpoint,sandbox_homepl | GET /v1/:tenant/stack-instances/:id/stretchspaces/:id/domains,1,1,0,0,0,0,0,0,1,0,0,0,0,0,0,1,0,0,0,0,0,0,0,0,0,0,0,
url_tenant_endpoint,trial_strato | GET /v1/:tenant/stack-instances/:id/stretchspaces/:id/accounts,1,1,0,0,0,0,0,0,1,0,0,0,0,0,0,1,0,0,0,0,0,0,0,0,0,0,0,
url_tenant_endpoint,trial_strato | GET /v1/:tenant/stack-instances/:id/webshield/public-ips,1,1,0,0,0,0,0,0,1,0,0,1,0,0,0,0,0,0,0,0,0,0,0,0,0,0,0,
url_tenant_endpoint,trial_strato | POST /v1/:tenant/stack-instances/:id/databases/:id/accounts,1,0,1,0,0,0,0,0,0,1,0,0,0,1,0,0,0,0,0,0,0,0,0,0,0,0,0,
url_tenant_endpoint,trial_strato | POST /v1/:tenant/stack-instances/:id/webspaces/:id/accounts,1,0,1,0,1,0,0,0,0,0,1,0,0,0,0,0,0,0,0,1,0,0,0,0,0,0,0,
url_tenant_endpoint,trial_strato | PUT /v1/:tenant/stack-instances/:id/databases/:id,1,0,1,0,0,0,0,0,0,1,0,0,0,1,0,0,0,0,0,0,0,0,0,0,0,0,0,
auth_identity_endpoint,base_worldforyou/photnw4ywaasprod | GET /v1/:tenant/stack-instances/:id/webshield/mappings,3718191,3718191,0,0,0,0,0,0,3718191,0,2,3718189,0,0,0,0,0,0,0,0,0,0,0,1,0,0,0,"{""408"": 1}"
auth_identity_endpoint,base_worldforyou/photnw4ywaasprod | GET /v1/:tenant/stack-instances/:id/webshield/mappings/:id/certificate,750214,750214,0,0,0,0,0,0,750214,0,33,750181,0,0,0,0,0,0,0,33,0,0,0,0,0,0,0,
auth_identity_endpoint,OneAndOne/pwhpsswaasprod | GET /v1/:tenant/stack-instances/:id/webspaces/:id/domains,660165,660165,0,660165,0,0,0,0,0,0,193125,0,0,0,0,467040,0,0,0,190714,0,0,0,0,0,2411,0,
auth_identity_endpoint,OneAndOne/pwhpsswaasprod | GET /v1/:tenant/stack-instances/:id/stretchspaces/:id/domains,474400,474400,0,0,0,0,0,0,474400,0,25906,0,0,0,0,448494,0,0,0,25842,0,0,0,0,0,64,0,
auth_identity_endpoint,OneAndOne/phosmwpionosprdbap | POST /v1/:tenant/stack-instances/:id/webspaces/:id/accounts,459761,0,459761,0,459761,0,0,0,0,0,13358,0,0,446403,0,0,0,0,0,1169,0,0,255,0,0,11934,0,
auth_identity_endpoint,base_ionoscloud/pstncdnwafwaasprod | GET /v1/:tenant/stack-instances/:id,427351,427351,0,0,0,0,0,0,427351,0,0,427351,0,0,0,0,0,0,0,0,0,0,0,0,0,0,0,
auth_identity_endpoint,base_ionoscloud/pstncdnwafwaasprod | GET /v1/:tenant/stack-instances/:id/webshield/mappings/:id,427331,427331,0,0,0,0,0,0,427331,0,1,427330,0,0,0,0,0,0,0,0,0,0,0,0,0,0,1,
auth_identity_endpoint,/<user not set> | GET /kemp,377398,377398,0,0,0,0,0,377398,0,0,0,377398,0,0,0,0,0,0,0,0,0,0,0,0,0,0,0,
auth_identity_endpoint,sandbox_arsys/phosmwpsyssndbprd | GET /v1/:tenant/eventing/notifications/history,351705,351705,0,0,0,351705,0,0,0,0,1,351704,0,0,0,0,0,1,0,0,0,0,0,0,0,0,0,
auth_identity_endpoint,OneAndOne/phosmwpionosprd | POST /v1/:tenant/stack-instances/:id/webspaces/:id/accounts,340414,0,340414,0,340414,0,0,0,0,0,9241,0,0,331173,0,0,0,0,0,988,0,0,170,0,0,8083,0,
auth_identity_endpoint,OneAndOne/phosmwpionosprdbap | GET /v1/:tenant/stack-instances/:id/webspaces/:id,339987,339987,0,339987,0,0,0,0,0,0,100,339887,0,0,0,0,0,0,0,60,0,0,0,0,0,40,0,
auth_identity_endpoint,base_strato/pstratoswhp | GET /v1/:tenant/eventing/notifications,331732,331732,0,0,0,331732,0,0,0,0,6,331726,0,0,0,0,0,0,0,0,0,0,0,6,0,0,0,
auth_identity_endpoint,OneAndOne/phosmwpionosprdbap | GET /v1/:tenant/eventing/notifications/history,325516,325516,0,0,0,325516,0,0,0,0,0,325516,0,0,0,0,0,0,0,0,0,0,0,0,0,0,0,
auth_identity_endpoint,OneAndOne/phosmwpionosprd | GET /v1/:tenant/eventing/notifications/history,325041,325041,0,0,0,325041,0,0,0,0,1,325040,0,0,0,0,0,0,0,0,0,0,0,0,0,0,0,"{""408"": 1}"
auth_identity_endpoint,OneAndOne/phosmwpionosprd | PUT /v1/:tenant/eventing/notifications/history/pointer/:id,307312,0,307312,0,0,0,307312,0,0,0,0,0,0,0,307312,0,0,0,0,0,0,0,0,0,0,0,0,
auth_identity_endpoint,OneAndOne/phosmwpionosprdbap | PUT /v1/:tenant/eventing/notifications/history/pointer/:id,305030,0,305030,0,0,0,305030,0,0,0,0,0,0,0,305030,0,0,0,0,0,0,0,0,0,0,0,0,
auth_identity_endpoint,UDAG/photnwudagprd | GET /v1/:tenant/stack-instances/:id/webspaces/:id/domains/:id,295874,295874,0,295874,0,0,0,0,0,0,1420,294454,0,0,0,0,0,0,0,1124,0,0,0,0,0,296,0,
auth_identity_endpoint,base_fasthosts/pfhhostingprod | PUT /v1/:tenant/eventing/notifications/history/pointer/:id,288585,0,288585,0,0,0,288585,0,0,0,0,0,0,0,288585,0,0,0,0,0,0,0,0,0,0,0,0,
auth_identity_endpoint,base_strato/pstratoswhp | GET /v1/:tenant/lookup/resource/:id,273434,273434,0,0,0,0,0,0,273434,0,462,272972,0,0,0,0,0,0,0,0,0,0,0,462,0,0,0,
auth_identity_endpoint,OneAndOne/phosmwpionosprd | GET /v1/:tenant/stack-instances/:id/webspaces/:id,266673,266673,0,266673,0,0,0,0,0,0,22,266651,0,0,0,0,0,0,0,0,0,0,0,0,0,22,0,
auth_identity_endpoint,UDAG/photnwudagprd | GET /v1/:tenant/eventing/notifications,256742,256742,0,0,0,256742,0,0,0,0,1,256741,0,0,0,0,0,0,0,0,0,0,0,0,0,0,0,"{""408"": 1}"
auth_identity_endpoint,base_fasthosts/pfhhostingprod | GET /v1/:tenant/eventing/notifications/history,232065,232065,0,0,0,232065,0,0,0,0,0,232065,0,0,0,0,0,0,0,0,0,0,0,0,0,0,0,
auth_identity_endpoint,base_strato/pstratoswhp | GET /v1/:tenant/eventing/notifications/history,227799,227799,0,0,0,227799,0,0,0,0,38,227761,0,0,0,0,0,0,0,0,0,0,0,38,0,0,0,
auth_identity_endpoint,base_strato/pstratoswhp | GET /v1/:tenant/stack-instances/:id/webshield/mappings/:id,201054,201054,0,0,0,0,0,0,201054,0,65,200989,0,0,0,0,0,0,0,0,0,0,0,63,0,0,0,"{""408"": 2}"
auth_identity_endpoint,base_fasthosts/phosmwpfasthprd | GET /v1/:tenant/eventing/notifications/history,186688,186688,0,0,0,186688,0,0,0,0,0,186688,0,0,0,0,0,0,0,0,0,0,0,0,0,0,0,
auth_identity_endpoint,base_fasthosts/phosmwpfasthprdbap | GET /v1/:tenant/eventing/notifications/history,186491,186491,0,0,0,186491,0,0,0,0,0,186491,0,0,0,0,0,0,0,0,0,0,0,0,0,0,0,
auth_identity_endpoint,sandbox_gmxde/phosmwpgmxsndbbap | GET /v1/:tenant/eventing/notifications/history,175964,175964,0,0,0,175964,0,0,0,0,0,175964,0,0,0,0,0,0,0,0,0,0,0,0,0,0,0,
auth_identity_endpoint,sandbox_piensa/phosmwppiensasbxbap | GET /v1/:tenant/eventing/notifications/history,175872,175872,0,0,0,175872,0,0,0,0,1,175871,0,0,0,0,0,1,0,0,0,0,0,0,0,0,0,
auth_identity_endpoint,sandbox_webde/phosmwpwebdesndbprd | GET /v1/:tenant/eventing/notifications/history,175814,175814,0,0,0,175814,0,0,0,0,0,175814,0,0,0,0,0,0,0,0,0,0,0,0,0,0,0,
auth_identity_endpoint,sandbox_piensa/phosmwppiensasbxprd | GET /v1/:tenant/eventing/notifications/history,175772,175772,0,0,0,175772,0,0,0,0,0,175772,0,0,0,0,0,0,0,0,0,0,0,0,0,0,0,
auth_identity_endpoint,sandbox_webde/phosmwpwebdesndbbap | GET /v1/:tenant/eventing/notifications/history,175707,175707,0,0,0,175707,0,0,0,0,0,175707,0,0,0,0,0,0,0,0,0,0,0,0,0,0,0,
auth_identity_endpoint,sandbox_homepl/phosmwphoplsndbbap | GET /v1/:tenant/eventing/notifications/history,175653,175653,0,0,0,175653,0,0,0,0,0,175653,0,0,0,0,0,0,0,0,0,0,0,0,0,0,0,
auth_identity_endpoint,sandbox_gmxde/phosmwpgmxsndbprd | GET /v1/:tenant/eventing/notifications/history,175625,175625,0,0,0,175625,0,0,0,0,0,175625,0,0,0,0,0,0,0,0,0,0,0,0,0,0,0,
auth_identity_endpoint,sandbox_udag/phosmwpudagsndbprd | GET /v1/:tenant/eventing/notifications/history,175449,175449,0,0,0,175449,0,0,0,0,0,175449,0,0,0,0,0,0,0,0,0,0,0,0,0,0,0,
auth_identity_endpoint,sandbox_udag/phosmwpudagsndbbap | GET /v1/:tenant/eventing/notifications/history,175446,175446,0,0,0,175446,0,0,0,0,1,175445,0,0,0,0,0,0,0,0,0,0,0,0,0,0,0,"{""408"": 1}"
auth_identity_endpoint,sandbox_homepl/phosmwphoplsndbprd | GET /v1/:tenant/eventing/notifications/history,175402,175402,0,0,0,175402,0,0,0,0,1,175401,0,0,0,0,0,1,0,0,0,0,0,0,0,0,0,
auth_identity_endpoint,sandbox_oneandone/phosmwpionossndbbap | GET /v1/:tenant/eventing/notifications/history,175400,175400,0,0,0,175400,0,0,0,0,0,175400,0,0,0,0,0,0,0,0,0,0,0,0,0,0,0,
auth_identity_endpoint,sandbox_fasthosts/phosmwpfasthsndbbap | GET /v1/:tenant/eventing/notifications/history,175377,175377,0,0,0,175377,0,0,0,0,0,175377,0,0,0,0,0,0,0,0,0,0,0,0,0,0,0,
auth_identity_endpoint,sandbox_fasthosts/phosmwpfasthsndbprd | GET /v1/:tenant/eventing/notifications/history,175243,175243,0,0,0,175243,0,0,0,0,0,175243,0,0,0,0,0,0,0,0,0,0,0,0,0,0,0,
auth_identity_endpoint,sandbox_oneandone/phosmwpionossndbprd | GET /v1/:tenant/eventing/notifications/history,175204,175204,0,0,0,175204,0,0,0,0,0,175204,0,0,0,0,0,0,0,0,0,0,0,0,0,0,0,
auth_identity_endpoint,trial_strato/phosmwpstrasndbap | GET /v1/:tenant/eventing/notifications/history,168432,168432,0,0,0,168432,0,0,0,0,1,168431,0,0,0,0,0,0,0,0,0,0,0,0,0,0,1,
auth_identity_endpoint,trial_strato/phosmwpstrasndbprd | GET /v1/:tenant/eventing/notifications/history,168361,168361,0,0,0,168361,0,0,0,0,1,168360,0,0,0,0,0,0,0,0,0,0,0,0,0,0,1,
auth_identity_endpoint,base_strato/phosmwpstratobap | GET /v1/:tenant/eventing/notifications/history,158569,158569,0,0,0,158569,0,0,0,0,0,158569,0,0,0,0,0,0,0,0,0,0,0,0,0,0,0,
auth_identity_endpoint,base_strato/phosmwpstratoprd | GET /v1/:tenant/eventing/notifications/history,157982,157982,0,0,0,157982,0,0,0,0,0,157982,0,0,0,0,0,0,0,0,0,0,0,0,0,0,0,
auth_identity_endpoint,base_piensa/phosmwppiensaprd | GET /v1/:tenant/eventing/notifications/history,149465,149465,0,0,0,149465,0,0,0,0,0,149465,0,0,0,0,0,0,0,0,0,0,0,0,0,0,0,
auth_identity_endpoint,base_piensa/phosmwppiensaprdbap | GET /v1/:tenant/eventing/notifications/history,149006,149006,0,0,0,149006,0,0,0,0,0,149006,0,0,0,0,0,0,0,0,0,0,0,0,0,0,0,
auth_identity_endpoint,OneAndOne/pwhpsswaasprod | GET /v1/:tenant/stack-instances/:id/webspaces/:id/domains/:id,148038,148038,0,148038,0,0,0,0,0,0,95934,52104,0,0,0,0,0,0,0,94294,0,0,0,0,0,1640,0,
auth_identity_endpoint,Domains/pdnswaasprod | GET /v1/:tenant/:id,147022,147022,0,0,0,0,0,0,147022,0,19,147003,0,0,0,0,0,0,0,0,0,0,0,0,0,0,19,
auth_identity_endpoint,Domains/pdnswaasprod | POST /v1/:tenant/stack-instances/:id/webshield/mappings,146638,0,146638,0,0,0,0,0,0,146638,85,0,0,146553,0,0,0,0,0,0,24,0,0,0,0,0,55,"{""408"": 6}"
auth_identity_endpoint,Domains/pdnswaasprod | GET /v1/:tenant/lookup/resource/:id,146628,146628,0,0,0,0,0,0,146628,0,0,146628,0,0,0,0,0,0,0,0,0,0,0,0,0,0,0,
auth_identity_endpoint,base_fasthosts/phosmwpfasthprdbap | PUT /v1/:tenant/eventing/notifications/history/pointer/:id,138030,0,138030,0,0,0,138030,0,0,0,0,0,0,0,138030,0,0,0,0,0,0,0,0,0,0,0,0,
auth_identity_endpoint,base_fasthosts/phosmwpfasthprd | PUT /v1/:tenant/eventing/notifications/history/pointer/:id,137548,0,137548,0,0,0,137548,0,0,0,0,0,0,0,137548,0,0,0,0,0,0,0,0,0,0,0,0,
auth_identity_endpoint,Domains/pdnswaasprod | GET /v1/:tenant/stack-instances/:id/webshield/public-ips,136484,136484,0,0,0,0,0,0,136484,0,4,136480,0,0,0,0,0,0,0,3,0,0,0,0,0,0,0,"{""408"": 1}"
auth_identity_endpoint,Domains/pdnswaasprod | POST /v1/:tenant/stack-instances/:id/redirects,135583,0,135583,0,0,0,0,0,0,135583,13,0,0,135570,0,0,0,0,0,0,6,0,0,0,0,0,4,"{""408"": 3}"
auth_identity_endpoint,UDAG/phosmwpudagprd | GET /v1/:tenant/eventing/notifications,131542,131542,0,0,0,131542,0,0,0,0,0,131542,0,0,0,0,0,0,0,0,0,0,0,0,0,0,0,
auth_identity_endpoint,UDAG/phosmwpudagprdbap | GET /v1/:tenant/eventing/notifications/history,127202,127202,0,0,0,127202,0,0,0,0,0,127202,0,0,0,0,0,0,0,0,0,0,0,0,0,0,0,
auth_identity_endpoint,UDAG/phosmwpudagprd | GET /v1/:tenant/eventing/notifications/history,127175,127175,0,0,0,127175,0,0,0,0,0,127175,0,0,0,0,0,0,0,0,0,0,0,0,0,0,0,
auth_identity_endpoint,OneAndOne/pwhpsswaasprod | GET /v1/:tenant/stack-instances/:id/webspaces/:id,122838,122838,0,122838,0,0,0,0,0,0,425,122413,0,0,0,0,0,0,0,103,0,0,0,0,0,322,0,
auth_identity_endpoint,base_strato/pstratoswhp | GET /v1/:tenant/stack-instances/:id/webshield/mappings/:id/certificate,119974,119974,0,0,0,0,0,0,119974,0,38942,81032,0,0,0,0,0,0,0,38936,0,0,0,6,0,0,0,
auth_identity_endpoint,base_strato/phosmwpstratobap | PUT /v1/:tenant/eventing/notifications/history/pointer/:id,119487,0,119487,0,0,0,119487,0,0,0,0,0,0,0,119487,0,0,0,0,0,0,0,0,0,0,0,0,
auth_identity_endpoint,base_strato/phosmwpstratoprd | PUT /v1/:tenant/eventing/notifications/history/pointer/:id,119038,0,119038,0,0,0,119038,0,0,0,0,0,0,0,119038,0,0,0,0,0,0,0,0,0,0,0,0,
auth_identity_endpoint,OneAndOne/pwhpsswaasprod | GET /v1/:tenant/stack-instances/:id/stretchspaces/:id/accounts/:id,109703,109703,0,0,0,0,0,0,109703,0,51,109652,0,0,0,0,0,0,0,41,0,0,0,0,0,10,0,
auth_identity_endpoint,base_arsys/phosmwpsysprd | GET /v1/:tenant/eventing/notifications/history,108935,108935,0,0,0,108935,0,0,0,0,0,108935,0,0,0,0,0,0,0,0,0,0,0,0,0,0,0,
auth_identity_endpoint,base_arsys/phosmwpsysbap | GET /v1/:tenant/eventing/notifications/history,108850,108850,0,0,0,108850,0,0,0,0,0,108850,0,0,0,0,0,0,0,0,0,0,0,0,0,0,0,
auth_identity_endpoint,Domains/pdnswaasprod | DELETE /v1/:tenant/stack-instances/:id/webshield/mappings/:id,107562,0,107562,0,0,0,0,0,0,107562,98,21,0,107443,0,0,0,0,0,2,0,0,1,11,0,0,78,"{""408"": 6}"
auth_identity_endpoint,qa_whic/phowhicprd | GET /v1/:tenant/eventing/notifications,104360,104360,0,0,0,104360,0,0,0,0,7,104353,0,0,0,0,0,0,0,0,0,0,0,0,0,0,7,
auth_identity_endpoint,UDAG/phosmwpudagprd | DELETE /v1/:tenant/eventing/notifications/:id,102965,0,102965,0,0,0,102965,0,0,0,0,0,0,0,102965,0,0,0,0,0,0,0,0,0,0,0,0,
auth_identity_endpoint,base_fasthosts/pfhhostingprod | GET /v1/:tenant/lookup/resource/:id,101067,101067,0,0,0,0,0,0,101067,0,0,101067,0,0,0,0,0,0,0,0,0,0,0,0,0,0,0,
auth_identity_endpoint,qa_whic/phowhicprd | DELETE /v1/:tenant/eventing/notifications/:id,100789,0,100789,0,0,0,100789,0,0,0,8,0,0,0,100781,0,8,0,0,0,0,0,0,0,0,0,0,
auth_identity_endpoint,base_fasthosts/pfhhostingprod | GET /v1/:tenant/stack-instances/:id/webshield/mappings/:id,100759,100759,0,0,0,0,0,0,100759,0,3,100756,0,0,0,0,0,0,0,2,0,0,0,0,0,0,0,"{""408"": 1}"
auth_identity_endpoint,base_strato/pstratoswhp | GET /v1/:tenant/stack-instances/:id,100626,100626,0,0,0,0,0,0,100626,0,36,100590,0,0,0,0,0,0,0,0,0,0,0,36,0,0,0,
auth_identity_endpoint,OneAndOne/pwhpsswaasprod | POST /v1/:tenant/stack-instances/:id/stretchspaces/:id/domains,99816,0,99816,0,0,0,0,0,0,99816,60507,21302,0,18007,0,0,0,0,0,0,60464,0,8,0,0,35,0,
auth_identity_endpoint,base_webde/phosmwpwebdeprd | GET /v1/:tenant/eventing/notifications/history,98602,98602,0,0,0,98602,0,0,0,0,0,98602,0,0,0,0,0,0,0,0,0,0,0,0,0,0,0,
auth_identity_endpoint,base_homepl/phosmwphomeplprd | GET /v1/:tenant/eventing/notifications/history,98479,98479,0,0,0,98479,0,0,0,0,1,98478,0,0,0,0,0,0,0,0,0,0,0,0,0,0,0,"{""408"": 1}"
auth_identity_endpoint,base_webde/phosmwpwebdeprdbap | GET /v1/:tenant/eventing/notifications/history,98457,98457,0,0,0,98457,0,0,0,0,0,98457,0,0,0,0,0,0,0,0,0,0,0,0,0,0,0,
auth_identity_endpoint,base_homepl/phosmwphomeplbap | GET /v1/:tenant/eventing/notifications/history,98357,98357,0,0,0,98357,0,0,0,0,0,98357,0,0,0,0,0,0,0,0,0,0,0,0,0,0,0,
auth_identity_endpoint,Domains/pdnswaasprod | DELETE /v1/:tenant/stack-instances/:id/redirects/:id,95540,0,95540,0,0,0,0,0,0,95540,17,0,0,95523,0,0,0,0,0,2,0,0,0,5,0,0,9,"{""408"": 1}"
auth_identity_endpoint,base_gmxde/phosmwpgmxprd | GET /v1/:tenant/eventing/notifications/history,92606,92606,0,0,0,92606,0,0,0,0,2,92604,0,0,0,0,0,0,0,0,0,0,0,0,0,0,0,"{""408"": 2}"
auth_identity_endpoint,base_gmxde/phosmwpgmxprdbap | GET /v1/:tenant/eventing/notifications/history,92547,92547,0,0,0,92547,0,0,0,0,0,92547,0,0,0,0,0,0,0,0,0,0,0,0,0,0,0,
auth_identity_endpoint,/<user not set> | GET /v1/:tenant/eventing/notifications/history,91945,91945,0,0,0,91945,0,0,0,0,91945,0,0,0,0,0,0,91945,0,0,0,0,0,0,0,0,0,
auth_identity_endpoint,OneAndOne/pwhpsswaasprod | GET /v1/:tenant/:id,91920,91920,0,0,0,0,0,0,91920,0,312,91608,0,0,0,0,0,0,0,0,0,0,0,0,0,0,312,
auth_identity_endpoint,OneAndOne/pwhpsswaasprod | GET /v1/:tenant/lookup/resource/:id,90282,90282,0,0,0,0,0,0,90282,0,0,90282,0,0,0,0,0,0,0,0,0,0,0,0,0,0,0,
auth_identity_endpoint,base_piensa/phosmwppiensaprdbap | PUT /v1/:tenant/eventing/notifications/history/pointer/:id,89251,0,89251,0,0,0,89251,0,0,0,0,0,0,0,89251,0,0,0,0,0,0,0,0,0,0,0,0,
auth_identity_endpoint,base_piensa/phosmwppiensaprd | PUT /v1/:tenant/eventing/notifications/history/pointer/:id,88979,0,88979,0,0,0,88979,0,0,0,0,0,0,0,88979,0,0,0,0,0,0,0,0,0,0,0,0,
auth_identity_endpoint,sandbox_wordpress_whic/phosmwpsndbwhicbap | GET /v1/:tenant/eventing/notifications/history,87842,87842,0,0,0,87842,0,0,0,0,0,87842,0,0,0,0,0,0,0,0,0,0,0,0,0,0,0,
auth_identity_endpoint,sandbox_wordpress_whic/phosmwpsndbwhicprd | GET /v1/:tenant/eventing/notifications/history,87797,87797,0,0,0,87797,0,0,0,0,0,87797,0,0,0,0,0,0,0,0,0,0,0,0,0,0,0,
auth_identity_endpoint,Domains/pdnswaasprod | POST /v1/:tenant/stack-instances,86060,0,86060,0,0,0,0,0,0,86060,4,0,86056,0,0,0,0,0,0,0,0,0,0,0,0,0,4,
auth_identity_endpoint,OneAndOne/pwhpsswaasprod | POST /v1/:tenant/stack-instances/:id/stretchspaces/:id/accounts,84206,0,84206,0,0,0,0,0,0,84206,3256,0,0,80950,0,0,1642,0,0,0,0,0,309,0,3,1302,0,
auth_identity_endpoint,ionos_sfs/photnsfsionosprd | GET /v1/:tenant/stack-instances/:id/webshield/mappings,84051,84051,0,0,0,0,0,0,84051,0,0,84051,0,0,0,0,0,0,0,0,0,0,0,0,0,0,0,
auth_identity_endpoint,/<user not set> | GET /api/v1/health,71438,71438,0,0,0,0,0,71438,0,0,0,71438,0,0,0,0,0,0,0,0,0,0,0,0,0,0,0,
auth_identity_endpoint,base_worldforyou/photnw4ywaasprod | GET /v1/:tenant/stack-instances/:id/stretchspaces/:id,71015,71015,0,0,0,0,0,0,71015,0,4,71011,0,0,0,0,0,0,0,0,0,0,0,3,0,1,0,
auth_identity_endpoint,base_fasthosts/pfhhostingprod | GET /v1/:tenant/stack-instances/:id/databases/:id,65225,65225,0,0,0,0,0,0,65225,0,75,65150,0,0,0,0,0,0,0,75,0,0,0,0,0,0,0,
auth_identity_endpoint,UDAG/phosmwpudagprdbap | PUT /v1/:tenant/eventing/notifications/history/pointer/:id,59309,0,59309,0,0,0,59309,0,0,0,0,0,0,0,59309,0,0,0,0,0,0,0,0,0,0,0,0,
auth_identity_endpoint,UDAG/phosmwpudagprd | PUT /v1/:tenant/eventing/notifications/history/pointer/:id,59048,0,59048,0,0,0,59048,0,0,0,0,0,0,0,59048,0,0,0,0,0,0,0,0,0,0,0,0,
auth_identity_endpoint,base_worldforyou/photnw4ywaasprod | GET /v1/:tenant/eventing/notifications/history,57425,57425,0,0,0,57425,0,0,0,0,3,57422,0,0,0,0,0,0,0,0,0,0,0,3,0,0,0,
auth_identity_endpoint,base_fasthosts/pfhhostingprod | PATCH /v1/:tenant/stack-instances/:id/webshield/mappings,55753,0,55753,0,0,0,0,0,0,55753,576,0,0,55177,0,0,0,0,0,0,0,0,575,0,0,0,0,"{""408"": 1}"
auth_identity_endpoint,sandbox_fasthosts/pfhhostingtest | GET /v1/:tenant/eventing/notifications/history,52870,52870,0,0,0,52870,0,0,0,0,1,52869,0,0,0,0,0,0,0,0,0,0,0,0,0,0,0,"{""408"": 1}"
auth_identity_endpoint,base_strato/pstratoswhp | PUT /v1/:tenant/stack-instances/:id/webshield/mappings/:id/:id/:id,49222,0,49222,0,0,0,0,0,0,49222,9,0,0,0,49213,0,0,0,0,0,0,0,0,9,0,0,0,
auth_identity_endpoint,OneAndOne/pwhpsswaasprod | GET /v1/:tenant/stack-instances/:id/databases,47496,47496,0,0,0,0,0,0,47496,0,38930,0,0,0,0,8566,0,0,0,0,0,38930,0,0,0,0,0,
auth_identity_endpoint,OneAndOne/pwhpsswaasprod | POST /v1/:tenant/stack-instances/:id/webspaces/:id/domains,46098,0,46098,0,46098,0,0,0,0,0,8042,34941,0,3115,0,0,0,0,0,0,7635,0,4,0,17,386,0,
auth_identity_endpoint,sandbox_wordpress_whic/phosmwpsndbwhicprd | GET /v1/:tenant/stack-instances/:id,44987,44987,0,0,0,0,0,0,44987,0,44987,0,0,0,0,0,0,0,0,44987,0,0,0,0,0,0,0,
auth_identity_endpoint,OneAndOne/pwhpsswaasprod | GET /v1/:tenant/stack-instances/:id/stretchspaces/:id/accounts,44474,44474,0,0,0,0,0,0,44474,0,61,0,0,0,0,44413,0,0,0,0,0,0,0,0,0,61,0,
auth_identity_endpoint,base_strato/pstratoswhp | GET /v1/:tenant/stack-instances/:id/stretchspaces/:id,43480,43480,0,0,0,0,0,0,43480,0,871,42609,0,0,0,0,0,0,0,865,0,0,0,6,0,0,0,
auth_identity_endpoint,base_strato/pstratoswhp | POST /v1/:tenant/stack-instances/:id/stretchspaces/:id/accounts,43285,0,43285,0,0,0,0,0,0,43285,722,0,0,42563,0,0,146,0,0,0,0,0,166,0,0,410,0,
auth_identity_endpoint,OneAndOne/pwhpsswaasprod | GET /v1/:tenant/stack-instances/:id/stretchspaces/:id,43102,43102,0,0,0,0,0,0,43102,0,9,43093,0,0,0,0,0,0,0,5,0,0,0,0,0,4,0,
auth_identity_endpoint,OneAndOne/pwhpsswaasprod | DELETE /v1/:tenant/stack-instances/:id/webspaces/:id/domains/:id,42178,0,42178,0,42178,0,0,0,0,0,37483,0,0,4695,0,0,0,0,0,37156,0,0,6,0,8,313,0,
auth_identity_endpoint,trial_sfs/photnsfstrialprd | GET /v1/:tenant/stack-instances/:id/webshield/mappings,41089,41089,0,0,0,0,0,0,41089,0,0,41089,0,0,0,0,0,0,0,0,0,0,0,0,0,0,0,
auth_identity_endpoint,base_strato/pstratoswhp | POST /v1/:tenant/stack-instances/:id/redirects,40714,0,40714,0,0,0,0,0,0,40714,185,0,0,40529,0,0,0,0,0,0,105,0,0,73,0,0,6,"{""408"": 1}"
auth_identity_endpoint,base_fasthosts/pfhhostingprod | GET /v1/:tenant/stack-instances/:id/stretchspaces/:id,40651,40651,0,0,0,0,0,0,40651,0,0,40651,0,0,0,0,0,0,0,0,0,0,0,0,0,0,0,
auth_identity_endpoint,qa_whic/phowhicprd | POST /v1/:tenant/stack-instances,40258,0,40258,0,0,0,0,0,0,40258,52,0,40206,0,0,0,40,0,8,0,1,0,0,0,0,0,3,
auth_identity_endpoint,sandbox_ionoscloud/pstncdnwafwaasprod | GET /v1/:tenant/stack-instances/:id,39574,39574,0,0,0,0,0,0,39574,0,1,39573,0,0,0,0,0,0,0,0,0,0,0,0,0,0,1,
auth_identity_endpoint,sandbox_ionoscloud/pstncdnwafwaasprod | GET /v1/:tenant/stack-instances/:id/webshield/mappings/:id,39572,39572,0,0,0,0,0,0,39572,0,1,39571,0,0,0,0,0,0,0,0,0,0,0,0,0,0,1,
auth_identity_endpoint,base_strato/pstratoswhp | GET /v1/:tenant/stack-instances/:id/stretchspaces/:id/accounts/:id,39283,39283,0,0,0,0,0,0,39283,0,318,38965,0,0,0,0,0,0,0,318,0,0,0,0,0,0,0,
auth_identity_endpoint,mws8_oneandone/photniomwsprod | GET /v1/:tenant/stack-instances/:id/webspaces/:id,39266,39266,0,39266,0,0,0,0,0,0,1780,37486,0,0,0,0,0,0,0,0,0,0,0,0,0,1780,0,
auth_identity_endpoint,base_strato/pstratoswhp | GET /v1/:tenant/stack-instances,38297,38297,0,0,0,0,0,0,38297,0,30736,0,0,0,0,7561,0,0,0,0,0,30730,0,6,0,0,0,
auth_identity_endpoint,qa_whic/phowhicprd | DELETE /v1/:tenant/stack-instances/:id,37540,0,37540,0,0,0,0,0,0,37540,17,0,0,0,37523,0,0,0,8,8,0,0,0,0,0,1,0,
auth_identity_endpoint,mws8_oneandone/photniomwsprod | POST /v1/:tenant/stack-instances/:id/webspaces/:id/accounts,36915,0,36915,0,36915,0,0,0,0,0,380,0,0,36535,0,0,0,0,0,0,0,0,14,0,36,330,0,
auth_identity_endpoint,UDAG/photnwudagprd | DELETE /v1/:tenant/eventing/notifications/:id,36579,0,36579,0,0,0,36579,0,0,0,0,0,0,0,36579,0,0,0,0,0,0,0,0,0,0,0,0,
auth_identity_endpoint,mws8_oneandone/photniomwsprod | GET /v1/:tenant/stack-instances/:id/webspaces/:id/accounts/:id,36569,36569,0,36569,0,0,0,0,0,0,4,36565,0,0,0,0,0,0,0,0,0,0,0,0,0,4,0,
auth_identity_endpoint,OneAndOne/pwhpsswaasprod | GET /v1/:tenant/eventing/notifications/history,35818,35818,0,0,0,35818,0,0,0,0,0,35818,0,0,0,0,0,0,0,0,0,0,0,0,0,0,0,
auth_identity_endpoint,OneAndOne/pwhpsswaasprod | PUT /v1/:tenant/eventing/notifications/history/pointer/:id,35818,0,35818,0,0,0,35818,0,0,0,0,0,0,0,35818,0,0,0,0,0,0,0,0,0,0,0,0,
auth_identity_endpoint,OneAndOne/pwhpsswaasprod | GET /v1/:tenant/tenant-profile,35599,35599,0,0,0,0,0,0,35599,0,0,35599,0,0,0,0,0,0,0,0,0,0,0,0,0,0,0,
auth_identity_endpoint,sandbox_worldforyou/photnw4ywaasqa | GET /v1/:tenant/eventing/notifications/history,33437,33437,0,0,0,33437,0,0,0,0,0,33437,0,0,0,0,0,0,0,0,0,0,0,0,0,0,0,
auth_identity_endpoint,OneAndOne/pwhpsswaasprod | DELETE /v1/:tenant/stack-instances/:id/stretchspaces/:id/domains/:id,31908,0,31908,0,0,0,0,0,0,31908,21023,0,0,10885,0,0,0,0,0,21013,0,0,2,0,0,8,0,
auth_identity_endpoint,base_arsys/phosmwpsysbap | PUT /v1/:tenant/eventing/notifications/history/pointer/:id,31757,0,31757,0,0,0,31757,0,0,0,0,0,0,0,31757,0,0,0,0,0,0,0,0,0,0,0,0,
auth_identity_endpoint,base_arsys/phosmwpsysprd | PUT /v1/:tenant/eventing/notifications/history/pointer/:id,31642,0,31642,0,0,0,31642,0,0,0,0,0,0,0,31642,0,0,0,0,0,0,0,0,0,0,0,0,
auth_identity_endpoint,base_strato/pstratoswhp | GET /v1/:tenant/stack-instances/:id/databases/:id,30922,30922,0,0,0,0,0,0,30922,0,5,30917,0,0,0,0,0,0,0,0,0,0,0,4,0,0,0,"{""408"": 1}"
auth_identity_endpoint,base_strato/pstratoswhp | PUT /v1/:tenant/stack-instances/:id/webshield/mappings/:id/certificate,30853,0,30853,0,0,0,0,0,0,30853,0,0,0,30853,0,0,0,0,0,0,0,0,0,0,0,0,0,
auth_identity_endpoint,OneAndOne/pwhpsswaasprod | GET /v1/:tenant/stack-instances/:id/stretchspaces/:id/domains/:id,30328,30328,0,0,0,0,0,0,30328,0,9486,20842,0,0,0,0,0,0,0,9484,0,0,0,0,0,2,0,
auth_identity_endpoint,OneAndOne/pwhpsswaasprod | GET /v1/:tenant/stack-instances/:id/webspaces/:id/accounts/:id,27496,27496,0,27496,0,0,0,0,0,0,373,27123,0,0,0,0,0,0,0,0,0,0,0,0,0,373,0,
auth_identity_endpoint,Domains/pdnswaasprod | GET /v1/:tenant/stack-instances/:id/webshield/mappings,26253,26253,0,0,0,0,0,0,26253,0,5,26248,0,0,0,0,0,0,0,5,0,0,0,0,0,0,0,
auth_identity_endpoint,base_strato/pstratoswhp | DELETE /v1/:tenant/stack-instances/:id/redirects/:id,25517,0,25517,0,0,0,0,0,0,25517,611,0,0,24906,0,0,0,0,0,0,0,0,0,573,0,0,37,"{""408"": 1}"
auth_identity_endpoint,Domains/pdnswaasprod | DELETE /v1/:tenant/stack-instances/:id,25406,0,25406,0,0,0,0,0,0,25406,0,0,0,0,25406,0,0,0,0,0,0,0,0,0,0,0,0,
auth_identity_endpoint,qa_whic/phowhicprd | GET /v1/:tenant/stack-instances/:id/webspaces/:id,25078,25078,0,25078,0,0,0,0,0,0,72,25006,0,0,0,0,0,0,40,32,0,0,0,0,0,0,0,
auth_identity_endpoint,base_strato/phosmwpstratobap | GET /v1/:tenant/stack-instances/:id/stretchspaces/:id,24145,24145,0,0,0,0,0,0,24145,0,63,24082,0,0,0,0,0,0,0,63,0,0,0,0,0,0,0,
auth_identity_endpoint,base_strato/pstratoswhp | PUT /v1/:tenant/stack-instances/:id/redirects/:id,24052,0,24052,0,0,0,0,0,0,24052,908,0,0,23144,0,0,0,0,0,0,0,0,0,889,0,0,19,
auth_identity_endpoint,OneAndOne/pwhpsswaasprod | PUT /v1/:tenant/stack-instances/:id/stretchspaces/:id,23743,0,23743,0,0,0,0,0,0,23743,11225,10,0,12508,0,0,10877,0,0,0,300,0,7,0,0,41,0,
auth_identity_endpoint,base_strato/phosmwpstratobap | POST /v1/:tenant/stack-instances/:id/stretchspaces/:id/accounts,23592,0,23592,0,0,0,0,0,0,23592,207,0,0,23385,0,0,0,0,0,152,0,0,24,0,0,31,0,
auth_identity_endpoint,OneAndOne/pwhpsswaasprod | POST /v1/:tenant/stack-instances/:id/webspaces/:id/accounts,23582,0,23582,0,23582,0,0,0,0,0,2752,0,0,20830,0,0,0,0,0,0,0,0,32,0,128,2592,0,
auth_identity_endpoint,/<user not set> | GET /v1/:tenant/stack-instances/:id/stretchspaces/:id,22259,22259,0,0,0,0,0,0,22259,0,22259,0,0,0,0,0,0,22259,0,0,0,0,0,0,0,0,0,
auth_identity_endpoint,base_strato/pstratoswhp | PUT /v1/:tenant/stack-instances/:id/stretchspaces/:id,21630,0,21630,0,0,0,0,0,0,21630,208,9,0,21413,0,0,0,0,0,0,0,0,40,0,0,168,0,
auth_identity_endpoint,ionos_sfs/photnsfsionosprd | GET /v1/:tenant/eventing/notifications/history,21511,21511,0,0,0,21511,0,0,0,0,1,21510,0,0,0,0,0,0,0,0,0,0,0,0,0,0,0,"{""408"": 1}"
auth_identity_endpoint,qa_whic/phosbenchmarkprd | GET /v1/:tenant/eventing/notifications,21209,21209,0,0,0,21209,0,0,0,0,0,21209,0,0,0,0,0,0,0,0,0,0,0,0,0,0,0,
auth_identity_endpoint,qa_whic/phowhicprd | GET /v1/:tenant/stack-instances/:id,20549,20549,0,0,0,0,0,0,20549,0,944,19605,0,0,0,0,0,0,8,936,0,0,0,0,0,0,0,
auth_identity_endpoint,UDAG/phosmwpudagprd | GET /v1/:tenant/stack-instances/:id/stretchspaces/:id,20509,20509,0,0,0,0,0,0,20509,0,1,20508,0,0,0,0,0,0,0,1,0,0,0,0,0,0,0,
auth_identity_endpoint,qa_whic/phowhicprd | POST /v1/:tenant/stack-instances/:id/webspaces,20244,0,20244,0,20244,0,0,0,0,0,3817,0,0,16427,0,0,3744,0,8,0,49,0,1,0,0,15,0,
auth_identity_endpoint,trial_sfs/photnsfstrialspcman | GET /v1/:tenant/eventing/notifications/history,20000,20000,0,0,0,20000,0,0,0,0,2,19998,0,0,0,0,0,0,0,0,0,0,0,0,0,0,2,
auth_identity_endpoint,sandbox_udag/phosmwpudagsndbprd | GET /v1/:tenant/eventing/notifications,19850,19850,0,0,0,19850,0,0,0,0,1,19849,0,0,0,0,0,0,0,0,0,0,0,0,0,0,0,"{""408"": 1}"
auth_identity_endpoint,mws8_oneandone/photniomwsprod | GET /v1/:tenant/:id,18928,18928,0,0,0,0,0,0,18928,0,2,18926,0,0,0,0,0,0,0,0,0,0,0,0,0,0,2,
auth_identity_endpoint,mws8_oneandone/photniomwsprod | GET /v1/:tenant/stack-instances/:id/webshield/public-ips,18928,18928,0,0,0,0,0,0,18928,0,0,18928,0,0,0,0,0,0,0,0,0,0,0,0,0,0,0,
auth_identity_endpoint,base_strato/phosmwpstratoprd | GET /v1/:tenant/stack-instances/:id/stretchspaces/:id,18879,18879,0,0,0,0,0,0,18879,0,5,18874,0,0,0,0,0,0,0,5,0,0,0,0,0,0,0,
auth_identity_endpoint,mws8_oneandone/photniomwsprod | POST /v1/:tenant/stack-instances/:id/webspaces/:id/domains,18874,0,18874,0,18874,0,0,0,0,0,309,18024,0,541,0,0,0,0,0,0,0,0,0,0,3,306,0,
auth_identity_endpoint,base_worldforyou/photnw4ywaasprod | GET /v1/:tenant/stack-instances/:id/webshield/public-ips,18622,18622,0,0,0,0,0,0,18622,0,0,18622,0,0,0,0,0,0,0,0,0,0,0,0,0,0,0,
auth_identity_endpoint,OneAndOne/phosmwpionosprdbap | GET /v1/:tenant/lookup/resource/:id,18443,18443,0,0,0,0,0,0,18443,0,0,18443,0,0,0,0,0,0,0,0,0,0,0,0,0,0,0,
auth_identity_endpoint,base_strato/phosmwpstratoprd | POST /v1/:tenant/stack-instances/:id/stretchspaces/:id/accounts,18366,0,18366,0,0,0,0,0,0,18366,174,0,0,18192,0,0,0,0,0,132,0,0,17,0,0,25,0,
auth_identity_endpoint,OneAndOne/phosmwpionosprdbap | GET /v1/:tenant/stack-instances/:id/webspaces/:id/accounts/:id,18278,18278,0,18278,0,0,0,0,0,0,0,18278,0,0,0,0,0,0,0,0,0,0,0,0,0,0,0,
auth_identity_endpoint,strato_sfs/photnsfsstrwaasprd | GET /v1/:tenant/eventing/notifications/history,17896,17896,0,0,0,17896,0,0,0,0,0,17896,0,0,0,0,0,0,0,0,0,0,0,0,0,0,0,
auth_identity_endpoint,sandbox_trinity_hosting/pseudotrinitypproqa | GET /v1/:tenant/eventing/notifications/history,17827,17827,0,0,0,17827,0,0,0,0,0,17827,0,0,0,0,0,0,0,0,0,0,0,0,0,0,0,
auth_identity_endpoint,EShopOneAndOne/photniomwsprod | GET /v1/:tenant/stack-instances/:id/webshield/mappings,17780,17780,0,0,0,0,0,0,17780,0,0,17780,0,0,0,0,0,0,0,0,0,0,0,0,0,0,0,
auth_identity_endpoint,trial_sfs/photnsfstrialprd | GET /v1/:tenant/eventing/notifications/history,17682,17682,0,0,0,17682,0,0,0,0,0,17682,0,0,0,0,0,0,0,0,0,0,0,0,0,0,0,
auth_identity_endpoint,trial_strato/pstratoswhtp | GET /v1/:tenant/eventing/notifications,16260,16260,0,0,0,16260,0,0,0,0,0,16260,0,0,0,0,0,0,0,0,0,0,0,0,0,0,0,
auth_identity_endpoint,base_homepl/phosmwphomeplbap | PUT /v1/:tenant/eventing/notifications/history/pointer/:id,16084,0,16084,0,0,0,16084,0,0,0,0,0,0,0,16084,0,0,0,0,0,0,0,0,0,0,0,0,
auth_identity_endpoint,base_homepl/phosmwphomeplprd | PUT /v1/:tenant/eventing/notifications/history/pointer/:id,16043,0,16043,0,0,0,16043,0,0,0,0,0,0,0,16043,0,0,0,0,0,0,0,0,0,0,0,0,
auth_identity_endpoint,base_webde/phosmwpwebdeprdbap | PUT /v1/:tenant/eventing/notifications/history/pointer/:id,15629,0,15629,0,0,0,15629,0,0,0,0,0,0,0,15629,0,0,0,0,0,0,0,0,0,0,0,0,
auth_identity_endpoint,base_webde/phosmwpwebdeprd | PUT /v1/:tenant/eventing/notifications/history/pointer/:id,15593,0,15593,0,0,0,15593,0,0,0,0,0,0,0,15593,0,0,0,0,0,0,0,0,0,0,0,0,
auth_identity_endpoint,base_fasthosts/pfhhostingprod | GET /v1/:tenant/stack-instances/:id/stretchspaces/:id/domains/:id,15580,15580,0,0,0,0,0,0,15580,0,308,15272,0,0,0,0,0,0,0,308,0,0,0,0,0,0,0,
auth_identity_endpoint,OneAndOne/phosspacecapiprd | DELETE /v1/:tenant/stack-instances/:id,15443,0,15443,0,0,0,0,0,0,15443,81,0,0,0,15362,0,0,0,0,81,0,0,0,0,0,0,0,
auth_identity_endpoint,OneAndOne/pwhpsswaasprod | GET /v1/:tenant/stack-instances/:id/webshield/public-ips,15258,15258,0,0,0,0,0,0,15258,0,0,15258,0,0,0,0,0,0,0,0,0,0,0,0,0,0,0,
auth_identity_endpoint,OneAndOne/pwhpsswaasprod | DELETE /v1/:tenant/stack-instances/:id/webspaces/:id/accounts/:id,15195,0,15195,0,15195,0,0,0,0,0,3429,0,0,11766,0,0,0,0,0,3423,0,0,0,0,0,6,0,
auth_identity_endpoint,base_fasthosts/pfhhostingprod | GET /v1/:tenant/stack-instances/:id/webspaces/:id,15088,15088,0,15088,0,0,0,0,0,0,30,15058,0,0,0,0,0,0,0,0,0,0,0,0,0,30,0,
auth_identity_endpoint,qa_whic/phosbenchmarkprd | DELETE /v1/:tenant/stack-instances/:id,13671,0,13671,0,0,0,0,0,0,13671,0,0,0,0,13671,0,0,0,0,0,0,0,0,0,0,0,0,
auth_identity_endpoint,qa_whic/phosbenchmarkprd | POST /v1/:tenant/stack-instances,13671,0,13671,0,0,0,0,0,0,13671,0,0,13671,0,0,0,0,0,0,0,0,0,0,0,0,0,0,
auth_identity_endpoint,ionos_sfs/photnsfsionosspcman | GET /v1/:tenant/eventing/notifications/history,13486,13486,0,0,0,13486,0,0,0,0,1,13485,0,0,0,0,0,0,0,0,0,0,0,0,0,0,0,"{""408"": 1}"
auth_identity_endpoint,qa_whic/phowhicprd | POST /v1/:tenant/stack-instances/:id/stretchspaces,11668,0,11668,0,0,0,0,0,0,11668,4084,0,0,7584,0,0,3988,0,0,0,8,0,81,0,0,7,0,
auth_identity_endpoint,qa_whic/phowhicprd | GET /v1/:tenant/stack-instances/:id/stretchspaces/:id,11503,11503,0,0,0,0,0,0,11503,0,0,11503,0,0,0,0,0,0,0,0,0,0,0,0,0,0,0,
auth_identity_endpoint,OneAndOne/pwhpsswaasprod | GET /v1/:tenant/stack-instances/:id/webspaces/:id/locks,11443,11443,0,11443,0,0,0,0,0,0,358,11085,0,0,0,0,0,0,0,299,0,0,0,0,0,59,0,
auth_identity_endpoint,base_worldforyou/photnw4ywaasprod | PUT /v1/:tenant/eventing/notifications/history/pointer/:id,11424,0,11424,0,0,0,11424,0,0,0,0,0,0,0,11424,0,0,0,0,0,0,0,0,0,0,0,0,
auth_identity_endpoint,UDAG/phosmwpudagprdbap | POST /v1/:tenant/stack-instances/:id/stretchspaces/:id/accounts,10988,0,10988,0,0,0,0,0,0,10988,4521,0,0,6467,0,0,633,0,0,3665,0,0,26,0,0,197,0,
auth_identity_endpoint,OneAndOne/pwhpsswaasprod | GET /v1/:tenant/stack-instances/:id/databases/:id,10870,10870,0,0,0,0,0,0,10870,0,722,10148,0,0,0,0,0,0,0,722,0,0,0,0,0,0,0,
auth_identity_endpoint,qa_whic/phowhicprd | POST /v1/:tenant/stack-instances/:id/databases,10236,0,10236,0,0,0,0,0,0,10236,362,0,0,9874,0,0,354,0,8,0,0,0,0,0,0,0,0,
auth_identity_endpoint,sandbox_udag/phosmwpudagsndbprd | GET /v1/:tenant/stack-instances/:id/stretchspaces/:id,9602,9602,0,0,0,0,0,0,9602,0,9593,9,0,0,0,0,0,0,0,9593,0,0,0,0,0,0,0,
auth_identity_endpoint,qa_whic/phowhicprd | GET /v1/:tenant/stack-instances/:id/databases/:id,9467,9467,0,0,0,0,0,0,9467,0,882,8585,0,0,0,0,0,0,72,810,0,0,0,0,0,0,0,
auth_identity_endpoint,base_strato/pstratoswhp | POST /v1/:tenant/stack-instances,8936,0,8936,0,0,0,0,0,0,8936,0,0,8936,0,0,0,0,0,0,0,0,0,0,0,0,0,0,
auth_identity_endpoint,trinity_hosting/pseudotrinitypprov | GET /v1/:tenant/eventing/notifications/history,8911,8911,0,0,0,8911,0,0,0,0,0,8911,0,0,0,0,0,0,0,0,0,0,0,0,0,0,0,
auth_identity_endpoint,base_strato/pstratoswhp | DELETE /v1/:tenant/stack-instances/:id/webshield/mappings/:id/certificate,8251,0,8251,0,0,0,0,0,0,8251,0,0,0,8251,0,0,0,0,0,0,0,0,0,0,0,0,0,
auth_identity_endpoint,OneAndOne/photbackupmwprd | GET /v1/:tenant/stack-instances/:id/webspaces/:id,7196,7196,0,7196,0,0,0,0,0,0,71,7125,0,0,0,0,0,0,0,0,0,0,0,0,0,71,0,
auth_identity_endpoint,base_fasthosts/phosmwpfasthprdbap | POST /v1/:tenant/stack-instances/:id/webspaces/:id/accounts,7138,0,7138,0,7138,0,0,0,0,0,408,0,0,6730,0,0,0,0,0,250,0,0,2,0,0,156,0,
auth_identity_endpoint,base_piensa/phosmwppiensaprdbap | POST /v1/:tenant/stack-instances/:id/webspaces/:id/accounts,7116,0,7116,0,7116,0,0,0,0,0,269,0,0,6847,0,0,0,0,0,98,0,0,2,0,0,169,0,
auth_identity_endpoint,qa_whic/phowhicprd | GET /v1/:tenant/stack-instances/:id/webshield/mappings/:id,6929,6929,0,0,0,0,0,0,6929,0,4447,2482,0,0,0,0,0,0,24,4423,0,0,0,0,0,0,0,
auth_identity_endpoint,UDAG/phosmwpudagprd | POST /v1/:tenant/stack-instances/:id/stretchspaces/:id/accounts,6755,0,6755,0,0,0,0,0,0,6755,3575,0,0,3180,0,0,84,0,0,3432,0,0,4,0,0,55,0,
auth_identity_endpoint,base_gmxde/phosmwpgmxprd | PUT /v1/:tenant/eventing/notifications/history/pointer/:id,6750,0,6750,0,0,0,6750,0,0,0,0,0,0,0,6750,0,0,0,0,0,0,0,0,0,0,0,0,
auth_identity_endpoint,base_gmxde/phosmwpgmxprdbap | PUT /v1/:tenant/eventing/notifications/history/pointer/:id,6742,0,6742,0,0,0,6742,0,0,0,0,0,0,0,6742,0,0,0,0,0,0,0,0,0,0,0,0,
auth_identity_endpoint,base_strato/pstratoswhp | POST /v1/:tenant/stack-instances/:id/stretchspaces/:id/domains,6733,0,6733,0,0,0,0,0,0,6733,8,3,0,6722,0,0,0,0,0,0,2,0,0,0,0,6,0,
auth_identity_endpoint,base_fasthosts/phosmwpfasthprdbap | GET /v1/:tenant/stack-instances/:id/webspaces/:id,6707,6707,0,6707,0,0,0,0,0,0,1,6706,0,0,0,0,0,0,0,0,0,0,0,0,0,1,0,
auth_identity_endpoint,base_piensa/phosmwppiensaprdbap | GET /v1/:tenant/stack-instances/:id/webspaces/:id,6632,6632,0,6632,0,0,0,0,0,0,6,6626,0,0,0,0,0,0,0,0,0,0,0,0,0,6,0,
auth_identity_endpoint,base_fasthosts/phosmwpfasthprd | POST /v1/:tenant/stack-instances/:id/webspaces/:id/accounts,6480,0,6480,0,6480,0,0,0,0,0,409,0,0,6071,0,0,0,0,0,243,0,0,7,0,0,159,0,
auth_identity_endpoint,OneAndOne/pwhpsswaasprod | PUT /v1/:tenant/stack-instances/:id/webspaces/:id/accounts/:id,6471,0,6471,0,6471,0,0,0,0,0,142,18,0,6311,0,0,0,0,0,0,0,0,4,0,0,138,0,
auth_identity_endpoint,OneAndOne/photbackupmwprd | GET /v1/:tenant/stack-instances/:id/databases/:id,6160,6160,0,0,0,0,0,0,6160,0,0,6160,0,0,0,0,0,0,0,0,0,0,0,0,0,0,0,
auth_identity_endpoint,base_piensa/phosmwppiensaprd | POST /v1/:tenant/stack-instances/:id/webspaces/:id/accounts,6136,0,6136,0,6136,0,0,0,0,0,207,0,0,5929,0,0,0,0,0,77,0,0,3,0,0,127,0,
auth_identity_endpoint,base_fasthosts/phosmwpfasthprd | GET /v1/:tenant/stack-instances/:id/webspaces/:id,6092,6092,0,6092,0,0,0,0,0,0,2,6090,0,0,0,0,0,0,0,0,0,0,0,0,0,2,0,
auth_identity_endpoint,OneAndOne/pwhpsswaasprod | PUT /v1/:tenant/stack-instances/:id/stretchspaces/:id/domains/:id,6052,0,6052,0,0,0,0,0,0,6052,22,3308,0,2722,0,0,0,0,0,0,0,0,3,0,0,19,0,
auth_identity_endpoint,qa_whic/phowhicprd | POST /v1/:tenant/stack-instances/:id/webshield/mappings,5975,0,5975,0,0,0,0,0,0,5975,1167,0,0,4808,0,0,1135,0,8,0,0,0,24,0,0,0,0,
auth_identity_endpoint,base_piensa/phosmwppiensaprd | GET /v1/:tenant/stack-instances/:id/webspaces/:id,5845,5845,0,5845,0,0,0,0,0,0,2,5843,0,0,0,0,0,0,0,0,0,0,0,0,0,2,0,
auth_identity_endpoint,strato_sfs/photnsfsstrwaasprd | GET /v1/:tenant/stack-instances/:id/webshield/mappings,5609,5609,0,0,0,0,0,0,5609,0,0,5609,0,0,0,0,0,0,0,0,0,0,0,0,0,0,0,
auth_identity_endpoint,qa_whic/phowhicprd | PUT /v1/:tenant/stack-instances/:id/webspaces/:id,5595,0,5595,0,5595,0,0,0,0,0,1736,203,0,3656,0,0,1728,0,8,0,0,0,0,0,0,0,0,
auth_identity_endpoint,base_strato/pstratoswhp | PUT /v1/:tenant/stack-instances/:id/databases/:id,5503,0,5503,0,0,0,0,0,0,5503,0,0,0,5503,0,0,0,0,0,0,0,0,0,0,0,0,0,
auth_identity_endpoint,OneAndOne/pwhpsswaasprod | POST /v1/:tenant/stack-instances,5486,0,5486,0,0,0,0,0,0,5486,0,0,5486,0,0,0,0,0,0,0,0,0,0,0,0,0,0,
auth_identity_endpoint,OneAndOne/pwhpsswaasprod | POST /v1/:tenant/stack-instances/:id/stretchspaces,5422,0,5422,0,0,0,0,0,0,5422,33,0,0,5389,0,0,0,0,0,0,0,0,7,0,0,26,0,
auth_identity_endpoint,base_fasthosts/phosmwpfasthprdbap | GET /v1/:tenant/stack-instances/:id/stretchspaces/:id,5326,5326,0,0,0,0,0,0,5326,0,1,5325,0,0,0,0,0,0,0,1,0,0,0,0,0,0,0,
auth_identity_endpoint,base_fasthosts/phosmwpfasthprdbap | POST /v1/:tenant/stack-instances/:id/stretchspaces/:id/accounts,5279,0,5279,0,0,0,0,0,0,5279,82,0,0,5197,0,0,0,0,0,59,0,0,8,0,0,15,0,
auth_identity_endpoint,OneAndOne/pwhpsswaasprod | GET /v1/:tenant/stack-instances,5123,5123,0,0,0,0,0,0,5123,0,5119,0,0,0,0,4,0,0,0,0,0,5119,0,0,0,0,0,
auth_identity_endpoint,base_strato/pstratoswhp | GET /v1/:tenant/stack-instances/:id/redirects/:id,5002,5002,0,0,0,0,0,0,5002,0,5002,0,0,0,0,0,0,0,0,5002,0,0,0,0,0,0,0,
auth_identity_endpoint,OneAndOne/photbackupmwprd | GET /v1/:tenant/stack-instances/:id/webspaces,4997,4997,0,4997,0,0,0,0,0,0,208,0,0,0,0,4789,0,0,0,32,0,0,0,0,0,176,0,
auth_identity_endpoint,OneAndOne/phosmwpionosprdbap | GET /v1/:tenant/stack-instances/:id/webspaces/:id/domains/:id,4893,4893,0,4893,0,0,0,0,0,0,0,4893,0,0,0,0,0,0,0,0,0,0,0,0,0,0,0,
auth_identity_endpoint,base_fasthosts/phosmwpfasthprd | GET /v1/:tenant/stack-instances/:id/stretchspaces/:id,4892,4892,0,0,0,0,0,0,4892,0,2,4890,0,0,0,0,0,0,0,2,0,0,0,0,0,0,0,
auth_identity_endpoint,OneAndOne/phosmwpionosprd | GET /v1/:tenant/stack-instances/:id/webspaces/:id/domains/:id,4843,4843,0,4843,0,0,0,0,0,0,0,4843,0,0,0,0,0,0,0,0,0,0,0,0,0,0,0,
auth_identity_endpoint,base_fasthosts/phosmwpfasthprd | POST /v1/:tenant/stack-instances/:id/stretchspaces/:id/accounts,4831,0,4831,0,0,0,0,0,0,4831,79,0,0,4752,0,0,0,0,0,45,0,0,9,0,0,25,0,
auth_identity_endpoint,OneAndOne/pwhpsswaasprod | POST /v1/:tenant/stack-instances/:id/databases,4642,0,4642,0,0,0,0,0,0,4642,0,0,0,4642,0,0,0,0,0,0,0,0,0,0,0,0,0,
auth_identity_endpoint,qa_whic/phosbenchmarkprd | POST /v1/:tenant/stack-instances/:id/redirects,4557,0,4557,0,0,0,0,0,0,4557,0,0,0,4557,0,0,0,0,0,0,0,0,0,0,0,0,0,
auth_identity_endpoint,dnd_qa_whic/phowhicprd | DELETE /v1/:tenant/eventing/notifications/:id,4434,0,4434,0,0,0,4434,0,0,0,0,0,0,0,4434,0,0,0,0,0,0,0,0,0,0,0,0,
auth_identity_endpoint,dnd_qa_whic/phowhicprd | GET /v1/:tenant/eventing/notifications,4434,4434,0,0,0,4434,0,0,0,0,0,4434,0,0,0,0,0,0,0,0,0,0,0,0,0,0,0,
auth_identity_endpoint,UDAG/phosmwpudagprdbap | GET /v1/:tenant/stack-instances/:id/stretchspaces/:id,4391,4391,0,0,0,0,0,0,4391,0,0,4391,0,0,0,0,0,0,0,0,0,0,0,0,0,0,0,
auth_identity_endpoint,base_strato/phosmwpstratobap | GET /v1/:tenant/stack-instances/:id/databases/:id,4302,4302,0,0,0,0,0,0,4302,0,1648,2654,0,0,0,0,0,0,0,1648,0,0,0,0,0,0,0,
auth_identity_endpoint,base_strato/pstratoswhp | DELETE /v1/:tenant/stack-instances/:id/stretchspaces/:id/domains/:id,4242,0,4242,0,0,0,0,0,0,4242,108,0,0,4134,0,0,0,0,0,93,0,0,3,2,0,10,0,
auth_identity_endpoint,base_strato/pstratoswhp | PUT /v1/:tenant/stack-instances/:id/databases/:id/accounts/:id,4158,0,4158,0,0,0,0,0,0,4158,0,0,0,4158,0,0,0,0,0,0,0,0,0,0,0,0,0,
auth_identity_endpoint,OneAndOne/pwhpsswaasprod | DELETE /v1/:tenant/stack-instances/:id/webshield/mappings/:id,3783,0,3783,0,0,0,0,0,0,3783,2,0,0,3781,0,0,0,0,0,0,0,0,2,0,0,0,0,
auth_identity_endpoint,base_strato/phosmwpstratoprd | GET /v1/:tenant/stack-instances/:id/databases/:id,3679,3679,0,0,0,0,0,0,3679,0,1648,2031,0,0,0,0,0,0,0,1648,0,0,0,0,0,0,0,
auth_identity_endpoint,/ppiensawaaspro | GET /api/v1/health,3642,3642,0,0,0,0,0,3642,0,0,0,3642,0,0,0,0,0,0,0,0,0,0,0,0,0,0,0,
auth_identity_endpoint,qa_whic/phowhicprd | PUT /v1/:tenant/stack-instances/:id/webshield/mappings/:id/certificate,3586,0,3586,0,0,0,0,0,0,3586,20,0,0,3566,0,0,8,0,8,4,0,0,0,0,0,0,0,
auth_identity_endpoint,OneAndOne/photbackupmwprd | GET /v1/:tenant/stack-instances/:id/databases,3584,3584,0,0,0,0,0,0,3584,0,0,0,0,0,0,3584,0,0,0,0,0,0,0,0,0,0,0,
auth_identity_endpoint,base_worldforyou/photnw4ywaasprod | GET /v1/:tenant/stack-instances/:id/databases/:id,3579,3579,0,0,0,0,0,0,3579,0,2,3577,0,0,0,0,0,0,0,2,0,0,0,0,0,0,0,
auth_identity_endpoint,base_worldforyou/photnw4ywaasprod | GET /v1/:tenant/tenant-profile,3576,3576,0,0,0,0,0,0,3576,0,0,3576,0,0,0,0,0,0,0,0,0,0,0,0,0,0,0,
auth_identity_endpoint,base_worldforyou/photnw4ywaasprod | POST /v1/:tenant/stack-instances,3564,0,3564,0,0,0,0,0,0,3564,0,0,3564,0,0,0,0,0,0,0,0,0,0,0,0,0,0,
auth_identity_endpoint,base_worldforyou/photnw4ywaasprod | POST /v1/:tenant/stack-instances/:id/stretchspaces,3564,0,3564,0,0,0,0,0,0,3564,3210,0,0,354,0,0,0,0,0,0,3208,0,1,0,0,1,0,
auth_identity_endpoint,UDAG/phosmwpudagprdbap | GET /v1/:tenant/stack-instances/:id/databases/:id,3501,3501,0,0,0,0,0,0,3501,0,1575,1926,0,0,0,0,0,0,0,1575,0,0,0,0,0,0,0,
auth_identity_endpoint,OneAndOne/pwhpsswaasprod | POST /v1/:tenant/stack-instances/:id/webspaces/:id/locks,3490,0,3490,0,3490,0,0,0,0,0,145,9,0,3336,0,0,0,0,0,0,0,0,1,0,2,142,0,
auth_identity_endpoint,/<user not set> | GET /v1/:tenant/tenant-profile,3436,3436,0,0,0,0,0,0,3436,0,3436,0,0,0,0,0,0,3436,0,0,0,0,0,0,0,0,0,
auth_identity_endpoint,UDAG/phosmwpudagprd | GET /v1/:tenant/stack-instances/:id/databases/:id,3434,3434,0,0,0,0,0,0,3434,0,1575,1859,0,0,0,0,0,0,0,1575,0,0,0,0,0,0,0,
auth_identity_endpoint,base_webde/phosmamdomprd | DELETE /v1/:tenant/eventing/notifications/:id,3349,0,3349,0,0,0,3349,0,0,0,0,0,0,0,3349,0,0,0,0,0,0,0,0,0,0,0,0,
auth_identity_endpoint,base_strato/pstratoswhp | DELETE /v1/:tenant/stack-instances/:id/databases/:id,3280,0,3280,0,0,0,0,0,0,3280,0,0,0,3280,0,0,0,0,0,0,0,0,0,0,0,0,0,
auth_identity_endpoint,base_worldforyou/photnw4ywaasprod | DELETE /v1/:tenant/stack-instances/:id,3257,0,3257,0,0,0,0,0,0,3257,0,0,0,0,3257,0,0,0,0,0,0,0,0,0,0,0,0,
auth_identity_endpoint,base_strato/pstratoswhp | POST /v1/:tenant/stack-instances/:id/databases,3230,0,3230,0,0,0,0,0,0,3230,0,0,0,3230,0,0,0,0,0,0,0,0,0,0,0,0,0,
auth_identity_endpoint,autodeploy_mon_whic/pwaasautodeploy | GET /v1/:tenant/stack-instances/:id/webspaces/:id,3229,3229,0,3229,0,0,0,0,0,0,0,3229,0,0,0,0,0,0,0,0,0,0,0,0,0,0,0,
auth_identity_endpoint,OneAndOne/pwhpsswaasprod | PUT /v1/:tenant/stack-instances/:id/webspaces/:id,3221,0,3221,0,3221,0,0,0,0,0,1158,0,0,2063,0,0,498,0,0,0,600,0,1,0,3,56,0,
auth_identity_endpoint,qa_whic/phowhicprd | GET /v1/:tenant/stack-instances/:id/databases/:id/accounts,3195,3195,0,0,0,0,0,0,3195,0,8,0,0,0,0,3187,0,0,8,0,0,0,0,0,0,0,0,
auth_identity_endpoint,base_fasthosts/pfhhostingprod | POST /v1/:tenant/stack-instances/:id/stretchspaces/:id/domains,3046,0,3046,0,0,0,0,0,0,3046,2775,0,0,271,0,0,0,0,0,0,2775,0,0,0,0,0,0,
auth_identity_endpoint,OneAndOne/pwhpsswaasprod | PUT /v1/:tenant/stack-instances/:id/stretchspaces/:id/accounts/:id,3038,0,3038,0,0,0,0,0,0,3038,7,5,0,3026,0,0,0,0,0,0,0,0,3,0,0,4,0,
auth_identity_endpoint,qa_whic/phosbenchmarkprd | GET /v1/:tenant/stack-instances/:id/webshield/mappings/:id,3038,3038,0,0,0,0,0,0,3038,0,0,3038,0,0,0,0,0,0,0,0,0,0,0,0,0,0,0,
auth_identity_endpoint,qa_whic/phosbenchmarkprd | POST /v1/:tenant/stack-instances/:id/databases,3038,0,3038,0,0,0,0,0,0,3038,0,0,0,3038,0,0,0,0,0,0,0,0,0,0,0,0,0,
auth_identity_endpoint,qa_whic/phosbenchmarkprd | POST /v1/:tenant/stack-instances/:id/webshield/mappings,3038,0,3038,0,0,0,0,0,0,3038,0,0,0,3038,0,0,0,0,0,0,0,0,0,0,0,0,0,
auth_identity_endpoint,sandbox_qa_whic/phowhicprd | GET /v1/:tenant/eventing/notifications,3026,3026,0,0,0,3026,0,0,0,0,0,3026,0,0,0,0,0,0,0,0,0,0,0,0,0,0,0,
auth_identity_endpoint,base_webde/phosmamdomprd | GET /v1/:tenant/stack-instances/:id/webspaces/:id,3006,3006,0,3006,0,0,0,0,0,0,5,3001,0,0,0,0,0,0,0,1,0,0,0,0,0,4,0,
auth_identity_endpoint,sandbox_qa_whic/phowhicprd | DELETE /v1/:tenant/eventing/notifications/:id,3000,0,3000,0,0,0,3000,0,0,0,8,0,0,0,2992,0,8,0,0,0,0,0,0,0,0,0,0,
auth_identity_endpoint,qa_whic/phowhicprd | PUT /v1/:tenant/stack-instances/:id/stretchspaces/:id,2994,0,2994,0,0,0,0,0,0,2994,796,92,0,2106,0,0,796,0,0,0,0,0,0,0,0,0,0,
auth_identity_endpoint,qa_whic/phosstackcleanupprd | DELETE /v1/:tenant/stack-instances/:id,2948,0,2948,0,0,0,0,0,0,2948,0,0,0,0,2948,0,0,0,0,0,0,0,0,0,0,0,0,
auth_identity_endpoint,qa_whic/phowhicprd | POST /v1/:tenant/stack-instances/:id/redirects,2874,0,2874,0,0,0,0,0,0,2874,308,0,0,2566,0,0,238,0,8,0,62,0,0,0,0,0,0,
auth_identity_endpoint,OneAndOne/pwhpsswaasprod | POST /v1/:tenant/stack-instances/:id/stretchspaces/:id/locks,2849,0,2849,0,0,0,0,0,0,2849,7,12,0,2830,0,0,0,0,0,0,0,0,1,0,0,6,0,
auth_identity_endpoint,qa_whic/phowhicprd | GET /v1/:tenant/eventing/notifications/history,2829,2829,0,0,0,2829,0,0,0,0,32,2797,0,0,0,0,0,0,32,0,0,0,0,0,0,0,0,
auth_identity_endpoint,base_strato/pstratoswhp | GET /v1/:tenant/stack-instances/:id/stretchspaces/:id/accounts,2823,2823,0,0,0,0,0,0,2823,0,3,0,0,0,0,2820,0,0,0,0,0,0,0,2,0,1,0,
auth_identity_endpoint,ionos_sfs/photnsfsionosprd | PATCH /v1/:tenant/stack-instances/:id/webshield/mappings,2637,0,2637,0,0,0,0,0,0,2637,1,0,0,2636,0,0,0,0,0,0,0,0,0,0,0,0,0,"{""408"": 1}"
auth_identity_endpoint,base_strato/pstratoswhp | GET /v1/:tenant/stack-instances/:id/stretchspaces,2524,2524,0,0,0,0,0,0,2524,0,2,0,0,0,0,2522,0,0,0,0,0,0,0,0,0,2,0,
auth_identity_endpoint,OneAndOne/phosmwpionosprdbap | POST /v1/:tenant/stack-instances/:id/webspaces/:id/domains,2484,0,2484,0,2484,0,0,0,0,0,58,39,0,2387,0,0,0,0,0,0,0,0,4,0,0,54,0,
auth_identity_endpoint,base_strato/pstratoswhp | PUT /v1/:tenant/stack-instances/:id/stretchspaces/:id/accounts/:id,2463,0,2463,0,0,0,0,0,0,2463,8,0,0,2455,0,0,0,0,0,0,0,0,3,0,0,5,0,
auth_identity_endpoint,base_strato/pstratoswhp | PUT /v1/:tenant/stack-instances/:id/stretchspaces/:id/domains/:id,2445,0,2445,0,0,0,0,0,0,2445,2,0,0,2443,0,0,0,0,0,0,0,0,0,0,0,2,0,
auth_identity_endpoint,base_gmxde/phosmamdomprd | DELETE /v1/:tenant/eventing/notifications/:id,2424,0,2424,0,0,0,2424,0,0,0,0,0,0,0,2424,0,0,0,0,0,0,0,0,0,0,0,0,
auth_identity_endpoint,sandbox_qa_whic/phowhicprd | POST /v1/:tenant/stack-instances,2409,0,2409,0,0,0,0,0,0,2409,40,0,2369,0,0,0,0,0,40,0,0,0,0,0,0,0,0,
auth_identity_endpoint,sandbox_qa_whic/phowhicprd | DELETE /v1/:tenant/stack-instances/:id,2311,0,2311,0,0,0,0,0,0,2311,16,0,0,0,2295,0,0,0,8,8,0,0,0,0,0,0,0,
auth_identity_endpoint,qa_whic/phowhicprd | PUT /v1/:tenant/stack-instances/:id/databases/:id,2200,0,2200,0,0,0,0,0,0,2200,444,0,0,1756,0,0,436,0,8,0,0,0,0,0,0,0,0,
auth_identity_endpoint,base_strato/pstratoswhp | POST /v1/:tenant/stack-instances/:id/stretchspaces,2167,0,2167,0,0,0,0,0,0,2167,7,0,0,2160,0,0,0,0,0,0,0,0,3,0,0,4,0,
auth_identity_endpoint,sandbox_wordpress_whic/phosmwpsndbwhicprd | POST /v1/:tenant/stack-instances/:id/stretchspaces/:id/accounts,2144,0,2144,0,0,0,0,0,0,2144,2144,0,0,0,0,0,0,0,0,2144,0,0,0,0,0,0,0,
auth_identity_endpoint,base_strato/phosmwpstratoprd | GET /v1/:tenant/stack-instances/:id/stretchspaces/:id/domains/:id,2140,2140,0,0,0,0,0,0,2140,0,0,2140,0,0,0,0,0,0,0,0,0,0,0,0,0,0,0,
auth_identity_endpoint,base_strato/phosmwpstratobap | GET /v1/:tenant/stack-instances/:id/stretchspaces/:id/domains/:id,2136,2136,0,0,0,0,0,0,2136,0,0,2136,0,0,0,0,0,0,0,0,0,0,0,0,0,0,0,
auth_identity_endpoint,Domains/pdnsarsyswaasprod | GET /v1/:tenant/:id,2116,2116,0,0,0,0,0,0,2116,0,0,2116,0,0,0,0,0,0,0,0,0,0,0,0,0,0,0,
auth_identity_endpoint,Domains/pdnsarsyswaasprod | GET /v1/:tenant/lookup/resource/:id,2094,2094,0,0,0,0,0,0,2094,0,0,2094,0,0,0,0,0,0,0,0,0,0,0,0,0,0,0,
auth_identity_endpoint,Domains/pdnsarsyswaasprod | POST /v1/:tenant/stack-instances/:id/webshield/mappings,2094,0,2094,0,0,0,0,0,0,2094,0,0,0,2094,0,0,0,0,0,0,0,0,0,0,0,0,0,
auth_identity_endpoint,Domains/pdnsarsyswaasprod | POST /v1/:tenant/stack-instances/:id/redirects,2084,0,2084,0,0,0,0,0,0,2084,0,0,0,2084,0,0,0,0,0,0,0,0,0,0,0,0,0,
auth_identity_endpoint,base_worldforyou/photnw4ywaasprod | GET /v1/:tenant/stack-instances/:id/stretchspaces/:id/accounts/:id,2054,2054,0,0,0,0,0,0,2054,0,3,2051,0,0,0,0,0,0,0,3,0,0,0,0,0,0,0,
auth_identity_endpoint,OneAndOne/phosmwpionosprdbap | DELETE /v1/:tenant/stack-instances/:id/webspaces/:id/domains/:id,1965,0,1965,0,1965,0,0,0,0,0,48,0,0,1917,0,0,0,0,0,34,0,0,0,0,0,14,0,
auth_identity_endpoint,/pfhhostingprod | GET /api/v1/health,1828,1828,0,0,0,0,0,1828,0,0,0,1828,0,0,0,0,0,0,0,0,0,0,0,0,0,0,0,
auth_identity_endpoint,trial_strato/pstratoswhtp | GET /v1/:tenant/stack-instances/:id/databases/:id,1802,1802,0,0,0,0,0,0,1802,0,0,1802,0,0,0,0,0,0,0,0,0,0,0,0,0,0,0,
auth_identity_endpoint,base_webde/phosmamdomprd | GET /v1/:tenant/eventing/notifications,1778,1778,0,0,0,1778,0,0,0,0,0,1778,0,0,0,0,0,0,0,0,0,0,0,0,0,0,0,
auth_identity_endpoint,OneAndOne/pwhpsswaasprod | POST /v1/:tenant/stack-instances/:id/databases/:id/locks,1769,0,1769,0,0,0,0,0,0,1769,0,6,0,1763,0,0,0,0,0,0,0,0,0,0,0,0,0,
auth_identity_endpoint,base_worldforyou/photnw4ywaasprod | GET /v1/:tenant/stack-instances/:id/databases/:id/accounts,1758,1758,0,0,0,0,0,0,1758,0,329,0,0,0,0,1429,0,0,0,305,0,0,0,24,0,0,0,
auth_identity_endpoint,/<user not set> | GET /v1/:tenant/stack-instances/:id/databases/:id,1734,1734,0,0,0,0,0,0,1734,0,1734,0,0,0,0,0,0,1734,0,0,0,0,0,0,0,0,0,
auth_identity_endpoint,qa_whic/phowhicprd | GET /v1/:tenant/stack-instances/:id/databases/:id/accounts/:id,1660,1660,0,0,0,0,0,0,1660,0,104,1556,0,0,0,0,0,0,72,32,0,0,0,0,0,0,0,
auth_identity_endpoint,dnd_qa_whic/phowhicprd | GET /v1/:tenant/stack-instances/:id/databases/:id,1651,1651,0,0,0,0,0,0,1651,0,0,1651,0,0,0,0,0,0,0,0,0,0,0,0,0,0,0,
auth_identity_endpoint,base_arsys/parsyswaaspro | GET /v1/:tenant/stack-instances/:id/stretchspaces/:id,1631,1631,0,0,0,0,0,0,1631,0,0,1631,0,0,0,0,0,0,0,0,0,0,0,0,0,0,0,
auth_identity_endpoint,OneAndOne/pwhpsswaasprod | PUT /v1/:tenant/stack-instances/:id/webspaces/:id/domains/:id,1616,0,1616,0,1616,0,0,0,0,0,22,662,0,932,0,0,0,0,0,0,0,0,2,0,0,20,0,
auth_identity_endpoint,qa_whic/phowhicprd | POST /v1/:tenant/stack-instances/:id/databases/:id/accounts,1607,0,1607,0,0,0,0,0,0,1607,572,0,0,1035,0,0,459,0,8,105,0,0,0,0,0,0,0,
auth_identity_endpoint,dnd_qa_whic/phowhicprd | GET /v1/:tenant/stack-instances/:id/databases/:id/accounts/:id,1595,1595,0,0,0,0,0,0,1595,0,0,1595,0,0,0,0,0,0,0,0,0,0,0,0,0,0,0,
auth_identity_endpoint,base_piensa/phosmwppiensaprdbap | GET /v1/:tenant/stack-instances/:id/stretchspaces/:id,1589,1589,0,0,0,0,0,0,1589,0,8,1581,0,0,0,0,0,0,0,8,0,0,0,0,0,0,0,
auth_identity_endpoint,base_strato/pstratoswhp | POST /v1/:tenant/stack-instances/:id/webshield/mappings,1567,0,1567,0,0,0,0,0,0,1567,0,0,0,1567,0,0,0,0,0,0,0,0,0,0,0,0,0,
auth_identity_endpoint,dnd_qa_whic/phowhicprd | PUT /v1/:tenant/stack-instances/:id/databases/:id/accounts/:id,1560,0,1560,0,0,0,0,0,0,1560,0,0,0,1560,0,0,0,0,0,0,0,0,0,0,0,0,0,
auth_identity_endpoint,qa_whic/phosbenchmarkprd | POST /v1/:tenant/stack-instances/:id/stretchspaces,1519,0,1519,0,0,0,0,0,0,1519,2,0,0,1517,0,0,0,0,0,0,0,0,1,0,0,1,0,
auth_identity_endpoint,qa_whic/phosbenchmarkprd | POST /v1/:tenant/stack-instances/:id/webspaces,1519,0,1519,0,1519,0,0,0,0,0,11,0,0,1508,0,0,0,0,0,0,0,0,0,0,0,11,0,
auth_identity_endpoint,qa_whic/phosbenchmarkprd | GET /v1/:tenant/stack-instances/:id/webspaces/:id,1508,1508,0,1508,0,0,0,0,0,0,0,1508,0,0,0,0,0,0,0,0,0,0,0,0,0,0,0,
auth_identity_endpoint,base_piensa/ppiensawaaspro | GET /v1/:tenant/stack-instances/:id/stretchspaces/:id,1506,1506,0,0,0,0,0,0,1506,0,0,1506,0,0,0,0,0,0,0,0,0,0,0,0,0,0,0,
auth_identity_endpoint,sandbox_wordpress_whic/phosmwpsndbwhicprd | POST /v1/:tenant/stack-instances/:id/webspaces/:id/accounts,1495,0,1495,0,1495,0,0,0,0,0,1495,0,0,0,0,0,0,0,0,1495,0,0,0,0,0,0,0,
auth_identity_endpoint,qa_whic/phosbenchmarkprd | GET /v1/:tenant/stack-instances/:id/stretchspaces/:id,1486,1486,0,0,0,0,0,0,1486,0,0,1486,0,0,0,0,0,0,0,0,0,0,0,0,0,0,0,
auth_identity_endpoint,qa_whic/phowhicprd | POST /v1/:tenant/stack-instances/:id/webspaces/:id/locks,1476,0,1476,0,1476,0,0,0,0,0,90,126,0,1260,0,0,82,0,8,0,0,0,0,0,0,0,0,
auth_identity_endpoint,OneAndOne/phosmwpionosprd | POST /v1/:tenant/stack-instances/:id/webspaces/:id/domains,1463,0,1463,0,1463,0,0,0,0,0,13,14,0,1436,0,0,0,0,0,0,1,0,2,0,0,10,0,
auth_identity_endpoint,base_piensa/phosmwppiensaprdbap | POST /v1/:tenant/stack-instances/:id/stretchspaces/:id/accounts,1456,0,1456,0,0,0,0,0,0,1456,7,0,0,1449,0,0,0,0,0,1,0,0,3,0,0,3,0,
auth_identity_endpoint,trial_strato/pstratoswhtp | POST /v1/:tenant/stack-instances/:id/stretchspaces/:id/accounts,1450,0,1450,0,0,0,0,0,0,1450,171,0,0,1279,0,0,159,0,0,0,0,0,2,0,0,10,0,
auth_identity_endpoint,dnd_qa_whic/phowhicprd | POST /v1/:tenant/stack-instances,1449,0,1449,0,0,0,0,0,0,1449,0,0,1449,0,0,0,0,0,0,0,0,0,0,0,0,0,0,
auth_identity_endpoint,base_gmxde/phosmamdomprd | GET /v1/:tenant/stack-instances/:id/webspaces/:id,1443,1443,0,1443,0,0,0,0,0,0,0,1443,0,0,0,0,0,0,0,0,0,0,0,0,0,0,0,
auth_identity_endpoint,qa_whic/phowhicprd | GET /v1/:tenant/stack-instances/:id/webshield/cdn-ips,1437,1437,0,0,0,0,0,0,1437,0,8,1429,0,0,0,0,0,0,8,0,0,0,0,0,0,0,0,
auth_identity_endpoint,base_piensa/phosmwppiensaprd | GET /v1/:tenant/stack-instances/:id/stretchspaces/:id,1435,1435,0,0,0,0,0,0,1435,0,7,1428,0,0,0,0,0,0,0,7,0,0,0,0,0,0,0,
auth_identity_endpoint,dnd_qa_whic/phowhicprd | DELETE /v1/:tenant/stack-instances/:id,1424,0,1424,0,0,0,0,0,0,1424,0,0,0,0,1424,0,0,0,0,0,0,0,0,0,0,0,0,
auth_identity_endpoint,OneAndOne/pwhpsswaasprod | DELETE /v1/:tenant/stack-instances/:id/databases/:id,1390,0,1390,0,0,0,0,0,0,1390,15,0,0,1375,0,0,0,0,0,15,0,0,0,0,0,0,0,
auth_identity_endpoint,ionos_sfs/photnsfsionosprd | GET /v1/:tenant/:id,1387,1387,0,0,0,0,0,0,1387,0,1,1386,0,0,0,0,0,0,0,0,0,0,0,0,0,0,1,
auth_identity_endpoint,ionos_sfs/photnsfsionosprd | GET /v1/:tenant/stack-instances/:id/webshield/cdn-ips,1387,1387,0,0,0,0,0,0,1387,0,0,1387,0,0,0,0,0,0,0,0,0,0,0,0,0,0,0,
auth_identity_endpoint,qa_whic/phowhicprd | GET /v1/:tenant/lookup/resource/:id,1372,1372,0,0,0,0,0,0,1372,0,8,1364,0,0,0,0,8,0,0,0,0,0,0,0,0,0,0,
auth_identity_endpoint,base_piensa/phosmwppiensaprd | POST /v1/:tenant/stack-instances/:id/stretchspaces/:id/accounts,1310,0,1310,0,0,0,0,0,0,1310,6,0,0,1304,0,0,0,0,0,0,0,0,3,0,0,3,0,
auth_identity_endpoint,trial_strato/phosmwpstrasndbprd | PUT /v1/:tenant/eventing/notifications/history/pointer/:id,1307,0,1307,0,0,0,1307,0,0,0,0,0,0,0,1307,0,0,0,0,0,0,0,0,0,0,0,0,
auth_identity_endpoint,base_strato/pstratoswhp | GET /v1/:tenant/stack-instances/:id/webspaces/:id,1299,1299,0,1299,0,0,0,0,0,0,0,1299,0,0,0,0,0,0,0,0,0,0,0,0,0,0,0,
auth_identity_endpoint,trial_strato/phosmwpstrasndbap | PUT /v1/:tenant/eventing/notifications/history/pointer/:id,1293,0,1293,0,0,0,1293,0,0,0,0,0,0,0,1293,0,0,0,0,0,0,0,0,0,0,0,0,
auth_identity_endpoint,qa_whic/phosbenchmarkprd | GET /v1/:tenant/stack-instances/:id/webshield/public-ips,1292,1292,0,0,0,0,0,0,1292,0,0,1292,0,0,0,0,0,0,0,0,0,0,0,0,0,0,0,
auth_identity_endpoint,OneAndOne/phosmwpionosprdbap | GET /v1/:tenant/stack-instances/:id/databases/:id,1281,1281,0,0,0,0,0,0,1281,0,0,1281,0,0,0,0,0,0,0,0,0,0,0,0,0,0,0,
auth_identity_endpoint,gitspace_oneandone/pbtionosspaceprod | GET /v1/:tenant/eventing/notifications,1274,1274,0,0,0,1274,0,0,0,0,0,1274,0,0,0,0,0,0,0,0,0,0,0,0,0,0,0,
auth_identity_endpoint,Domains/pdnspiensawaasprod | GET /v1/:tenant/:id,1260,1260,0,0,0,0,0,0,1260,0,0,1260,0,0,0,0,0,0,0,0,0,0,0,0,0,0,0,
auth_identity_endpoint,Domains/pdnspiensawaasprod | GET /v1/:tenant/lookup/resource/:id,1260,1260,0,0,0,0,0,0,1260,0,0,1260,0,0,0,0,0,0,0,0,0,0,0,0,0,0,0,
auth_identity_endpoint,Domains/pdnspiensawaasprod | POST /v1/:tenant/stack-instances/:id/webshield/mappings,1260,0,1260,0,0,0,0,0,0,1260,0,0,0,1260,0,0,0,0,0,0,0,0,0,0,0,0,0,
auth_identity_endpoint,Domains/pdnspiensawaasprod | POST /v1/:tenant/stack-instances/:id/redirects,1256,0,1256,0,0,0,0,0,0,1256,0,0,0,1256,0,0,0,0,0,0,0,0,0,0,0,0,0,
auth_identity_endpoint,base_strato/pstratoswhp | DELETE /v1/:tenant/stack-instances/:id/webshield/mappings/:id,1239,0,1239,0,0,0,0,0,0,1239,0,0,0,1239,0,0,0,0,0,0,0,0,0,0,0,0,0,
auth_identity_endpoint,OneAndOne/phosmwpionosprd | DELETE /v1/:tenant/stack-instances/:id/webspaces/:id/domains/:id,1232,0,1232,0,1232,0,0,0,0,0,47,0,0,1185,0,0,0,0,0,47,0,0,0,0,0,0,0,
auth_identity_endpoint,base_arsys/phosmwpsysbap | POST /v1/:tenant/stack-instances/:id/stretchspaces/:id/accounts,1231,0,1231,0,0,0,0,0,0,1231,22,0,0,1209,0,0,0,0,0,7,0,0,4,0,0,11,0,
auth_identity_endpoint,base_gmxde/phosmamdomprd | GET /v1/:tenant/eventing/notifications,1216,1216,0,0,0,1216,0,0,0,0,0,1216,0,0,0,0,0,0,0,0,0,0,0,0,0,0,0,
auth_identity_endpoint,ionos_sfs/photnsfsionosprd | POST /v1/:tenant/stack-instances,1206,0,1206,0,0,0,0,0,0,1206,0,0,1206,0,0,0,0,0,0,0,0,0,0,0,0,0,0,
auth_identity_endpoint,base_arsys/phosmwpsysbap | GET /v1/:tenant/stack-instances/:id/stretchspaces/:id,1205,1205,0,0,0,0,0,0,1205,0,1,1204,0,0,0,0,0,0,0,1,0,0,0,0,0,0,0,
auth_identity_endpoint,base_fasthosts/pfhhostingprod | GET /v1/:tenant/stack-instances/:id/webspaces/:id/domains/:id,1194,1194,0,1194,0,0,0,0,0,0,1018,176,0,0,0,0,0,0,0,1017,0,0,0,0,0,1,0,
auth_identity_endpoint,OneAndOne/photbackupmwprd | POST /v1/:tenant/stack-instances/:id/webspaces,1177,0,1177,0,1177,0,0,0,0,0,25,0,0,1152,0,0,0,0,0,0,0,0,0,0,2,23,0,
auth_identity_endpoint,mws8_oneandone/photniomwsprod | DELETE /v1/:tenant/stack-instances/:id/webspaces/:id/domains/:id,1171,0,1171,0,1171,0,0,0,0,0,226,0,0,945,0,0,0,0,0,179,0,0,1,0,1,45,0,
auth_identity_endpoint,OneAndOne/photbackupmwprd | DELETE /v1/:tenant/stack-instances/:id/webspaces/:id,1137,0,1137,0,1137,0,0,0,0,0,26,0,0,1111,0,0,0,0,0,0,0,0,4,0,1,21,0,
auth_identity_endpoint,trial_strato/pstratoswhtp | GET /v1/:tenant/stack-instances/:id/stretchspaces/:id/accounts/:id,1128,1128,0,0,0,0,0,0,1128,0,0,1128,0,0,0,0,0,0,0,0,0,0,0,0,0,0,0,
auth_identity_endpoint,base_strato/phosmwpstratobap | POST /v1/:tenant/stack-instances/:id/stretchspaces/:id/domains,1123,0,1123,0,0,0,0,0,0,1123,0,2,0,1121,0,0,0,0,0,0,0,0,0,0,0,0,0,
auth_identity_endpoint,base_strato/pstratoswhp | POST /v1/:tenant/stack-instances/:id/stretchspaces/:id/locks,1115,0,1115,0,0,0,0,0,0,1115,0,16,0,1099,0,0,0,0,0,0,0,0,0,0,0,0,0,
auth_identity_endpoint,base_piensa/ppiensawaaspro | GET /v1/:tenant/stack-instances/:id/databases/:id,1097,1097,0,0,0,0,0,0,1097,0,0,1097,0,0,0,0,0,0,0,0,0,0,0,0,0,0,0,
auth_identity_endpoint,base_arsys/phosmwpsysprd | GET /v1/:tenant/stack-instances/:id/stretchspaces/:id,1091,1091,0,0,0,0,0,0,1091,0,6,1085,0,0,0,0,0,0,0,6,0,0,0,0,0,0,0,
auth_identity_endpoint,Domains/pdnsarsyswaasprod | DELETE /v1/:tenant/stack-instances/:id/redirects/:id,1081,0,1081,0,0,0,0,0,0,1081,0,0,0,1081,0,0,0,0,0,0,0,0,0,0,0,0,0,
auth_identity_endpoint,Domains/pdnsarsyswaasprod | DELETE /v1/:tenant/stack-instances/:id/webshield/mappings/:id,1081,0,1081,0,0,0,0,0,0,1081,0,0,0,1081,0,0,0,0,0,0,0,0,0,0,0,0,0,
auth_identity_endpoint,base_worldforyou/photnw4ywaasprod | POST /v1/:tenant/stack-instances/:id/stretchspaces/:id/accounts,1076,0,1076,0,0,0,0,0,0,1076,15,0,0,1061,0,0,0,0,0,0,0,0,5,0,0,10,0,
auth_identity_endpoint,trial_strato/pstratoswhtp | GET /v1/:tenant/stack-instances/:id/stretchspaces/:id,1063,1063,0,0,0,0,0,0,1063,0,0,1063,0,0,0,0,0,0,0,0,0,0,0,0,0,0,0,
auth_identity_endpoint,sandbox_oneandone/phosmwpionossndbbap | POST /v1/:tenant/stack-instances/:id/stretchspaces/:id/accounts,1061,0,1061,0,0,0,0,0,0,1061,1061,0,0,0,0,0,0,0,0,1061,0,0,0,0,0,0,0,
auth_identity_endpoint,Domains/pdnsarsyswaasprod | GET /v1/:tenant/stack-instances/:id/webshield/public-ips,1059,1059,0,0,0,0,0,0,1059,0,0,1059,0,0,0,0,0,0,0,0,0,0,0,0,0,0,0,
auth_identity_endpoint,ionos_sfs/photnsfsionosprd | DELETE /v1/:tenant/stack-instances/:id/webshield/mappings/:id,1046,0,1046,0,0,0,0,0,0,1046,0,0,0,1046,0,0,0,0,0,0,0,0,0,0,0,0,0,
auth_identity_endpoint,sandbox_oneandone/phosmwpionossndbbap | POST /v1/:tenant/stack-instances/:id/webspaces/:id/accounts,1025,0,1025,0,1025,0,0,0,0,0,1025,0,0,0,0,0,0,0,0,1025,0,0,0,0,0,0,0,
auth_identity_endpoint,OneAndOne/phosmwpionosprdbap | DELETE /v1/:tenant/stack-instances/:id/redirects/:id,1020,0,1020,0,0,0,0,0,0,1020,1,0,0,1019,0,0,0,0,0,0,0,0,0,0,0,0,0,"{""408"": 1}"
auth_identity_endpoint,base_arsys/phosmwpsysprd | POST /v1/:tenant/stack-instances/:id/stretchspaces/:id/accounts,1019,0,1019,0,0,0,0,0,0,1019,18,0,0,1001,0,0,0,0,0,8,0,0,4,0,0,6,0,
auth_identity_endpoint,UDAG/photnwudagprd | GET /v1/:tenant/stack-instances/:id/webshield/mappings/:id,1016,1016,0,0,0,0,0,0,1016,0,95,921,0,0,0,0,0,0,0,95,0,0,0,0,0,0,0,
auth_identity_endpoint,sandbox_oneandone/phosmwpionossndbprd | POST /v1/:tenant/stack-instances/:id/webspaces/:id/accounts,1015,0,1015,0,1015,0,0,0,0,0,1015,0,0,0,0,0,0,0,0,1015,0,0,0,0,0,0,0,
auth_identity_endpoint,/phowhicadminmwprd | GET /v1/:tenant/lookup/resource/:id,1014,1014,0,0,0,0,0,0,1014,0,0,1014,0,0,0,0,0,0,0,0,0,0,0,0,0,0,0,
auth_identity_endpoint,base_strato/phosmwpstratoprd | POST /v1/:tenant/stack-instances/:id/stretchspaces/:id/domains,1004,0,1004,0,0,0,0,0,0,1004,5,3,0,996,0,0,0,0,0,0,0,0,1,0,0,4,0,
auth_identity_endpoint,base_fasthosts/pfhhostingprod | GET /v1/:tenant/stack-instances/:id/databases/:id/accounts,994,994,0,0,0,0,0,0,994,0,0,0,0,0,0,994,0,0,0,0,0,0,0,0,0,0,0,
auth_identity_endpoint,sandbox_piensa/phosmwppiensasbxbap | POST /v1/:tenant/stack-instances/:id/stretchspaces/:id/accounts,991,0,991,0,0,0,0,0,0,991,986,0,0,5,0,0,0,0,0,986,0,0,0,0,0,0,0,
auth_identity_endpoint,sandbox_oneandone/phosmwpionossndbprd | POST /v1/:tenant/stack-instances/:id/stretchspaces/:id/accounts,982,0,982,0,0,0,0,0,0,982,982,0,0,0,0,0,0,0,0,982,0,0,0,0,0,0,0,
auth_identity_endpoint,qa_whic/phowhicprd | GET /v1/:tenant/stack-instances/:id/webspaces/:id/accounts,979,979,0,979,0,0,0,0,0,0,8,0,0,0,0,971,0,0,8,0,0,0,0,0,0,0,0,
auth_identity_endpoint,base_strato/pstratoswhp | GET /v1/:tenant/stack-instances/:id/webshield/mappings,973,973,0,0,0,0,0,0,973,0,0,973,0,0,0,0,0,0,0,0,0,0,0,0,0,0,0,
auth_identity_endpoint,OneAndOne/pwhpsswaasprod | DELETE /v1/:tenant/stack-instances/:id/webspaces/:id/locks/:id,953,0,953,0,953,0,0,0,0,0,601,0,0,352,0,0,0,0,0,544,0,0,0,0,0,57,0,
auth_identity_endpoint,base_strato/phosmwpstratoprd | DELETE /v1/:tenant/stack-instances/:id/stretchspaces/:id/domains/:id,952,0,952,0,0,0,0,0,0,952,15,0,0,937,0,0,0,0,0,15,0,0,0,0,0,0,0,
auth_identity_endpoint,OneAndOne/pwhpsswaasprod | DELETE /v1/:tenant/stack-instances/:id/stretchspaces/:id/accounts/:id,949,0,949,0,0,0,0,0,0,949,22,0,0,927,0,0,0,0,0,18,0,0,0,0,0,4,0,
auth_identity_endpoint,OneAndOne/pwhpsswaasprod | PUT /v1/:tenant/stack-instances/:id/databases/:id,947,0,947,0,0,0,0,0,0,947,0,0,0,947,0,0,0,0,0,0,0,0,0,0,0,0,0,
auth_identity_endpoint,Domains/pdnsarsyswaasprod | POST /v1/:tenant/stack-instances,946,0,946,0,0,0,0,0,0,946,0,0,946,0,0,0,0,0,0,0,0,0,0,0,0,0,0,
auth_identity_endpoint,gitspace_oneandone/pbtionosspaceprod | PUT /v1/:tenant/stack-instances/:id/webspaces/:id,942,0,942,0,942,0,0,0,0,0,5,0,0,937,0,0,0,0,0,0,0,0,0,0,0,5,0,
auth_identity_endpoint,Domains/pdnswaasprod | GET /v1/:tenant/redirect-farm,941,941,0,0,0,0,0,0,941,0,0,941,0,0,0,0,0,0,0,0,0,0,0,0,0,0,0,
auth_identity_endpoint,base_fasthosts/phosmwpfasthprdbap | GET /v1/:tenant/stack-instances/:id/stretchspaces/:id/domains/:id,932,932,0,0,0,0,0,0,932,0,0,932,0,0,0,0,0,0,0,0,0,0,0,0,0,0,0,
auth_identity_endpoint,sandbox_piensa/phosmwppiensasbxprd | POST /v1/:tenant/stack-instances/:id/stretchspaces/:id/accounts,917,0,917,0,0,0,0,0,0,917,914,0,0,3,0,0,0,0,0,914,0,0,0,0,0,0,0,
auth_identity_endpoint,sandbox_qa_whic/phowhicprd | GET /v1/:tenant/stack-instances/:id/webspaces/:id,911,911,0,911,0,0,0,0,0,0,56,855,0,0,0,0,0,0,8,48,0,0,0,0,0,0,0,
auth_identity_endpoint,base_strato/phosmwpstratobap | DELETE /v1/:tenant/stack-instances/:id/stretchspaces/:id/domains/:id,909,0,909,0,0,0,0,0,0,909,13,0,0,896,0,0,0,0,0,13,0,0,0,0,0,0,0,
auth_identity_endpoint,base_fasthosts/phosmwpfasthprd | GET /v1/:tenant/stack-instances/:id/stretchspaces/:id/domains/:id,902,902,0,0,0,0,0,0,902,0,0,902,0,0,0,0,0,0,0,0,0,0,0,0,0,0,0,
auth_identity_endpoint,OneAndOne/phosmwpionosprdbap | POST /v1/:tenant/stack-instances/:id/redirects,882,0,882,0,0,0,0,0,0,882,0,0,0,882,0,0,0,0,0,0,0,0,0,0,0,0,0,
auth_identity_endpoint,qa_whic/phowhicprd | PUT /v1/:tenant/stack-instances/:id/stretchspaces/:id/accounts/:id,874,0,874,0,0,0,0,0,0,874,215,8,0,651,0,0,152,0,0,63,0,0,0,0,0,0,0,
auth_identity_endpoint,base_strato/pstratoswhp | DELETE /v1/:tenant/stack-instances/:id/stretchspaces/:id,873,0,873,0,0,0,0,0,0,873,13,0,0,860,0,0,0,0,0,8,0,0,0,0,0,5,0,
auth_identity_endpoint,qa_whic/phowhicprd | POST /v1/:tenant/stack-instances/:id/stretchspaces/:id/accounts,848,0,848,0,0,0,0,0,0,848,315,0,0,533,0,0,315,0,0,0,0,0,0,0,0,0,0,
auth_identity_endpoint,OneAndOne/phosmwpionosprdbap | PUT /v1/:tenant/stack-instances/:id/webspaces/:id,843,0,843,0,843,0,0,0,0,0,7,20,0,816,0,0,7,0,0,0,0,0,0,0,0,0,0,
auth_identity_endpoint,sandbox_qa_whic/phowhicprd | POST /v1/:tenant/stack-instances/:id/webspaces,843,0,843,0,843,0,0,0,0,0,122,0,0,721,0,0,98,0,8,16,0,0,0,0,0,0,0,
auth_identity_endpoint,base_strato/phosmwpstratobap | POST /v1/:tenant/stack-instances/:id/redirects,838,0,838,0,0,0,0,0,0,838,0,0,0,838,0,0,0,0,0,0,0,0,0,0,0,0,0,
auth_identity_endpoint,UDAG/photnwudagprd | GET /v1/:tenant/stack-instances/:id/webspaces/:id/accounts/:id,835,835,0,835,0,0,0,0,0,0,4,831,0,0,0,0,0,0,0,4,0,0,0,0,0,0,0,
auth_identity_endpoint,base_strato/phosmwpstratobap | DELETE /v1/:tenant/stack-instances/:id/redirects/:id,797,0,797,0,0,0,0,0,0,797,0,0,0,797,0,0,0,0,0,0,0,0,0,0,0,0,0,
auth_identity_endpoint,base_strato/pstratoswhp | GET /v1/:tenant/:id,767,767,0,0,0,0,0,0,767,0,0,767,0,0,0,0,0,0,0,0,0,0,0,0,0,0,0,
auth_identity_endpoint,OneAndOne/pwhpsswaasprod | POST /v1/:tenant/stack-instances/:id/webspaces,765,0,765,0,765,0,0,0,0,0,18,0,0,747,0,0,0,0,0,0,0,0,1,0,1,16,0,
auth_identity_endpoint,base_webde/phosmwpwebdeprdbap | GET /v1/:tenant/stack-instances/:id/webspaces/:id,765,765,0,765,0,0,0,0,0,0,0,765,0,0,0,0,0,0,0,0,0,0,0,0,0,0,0,
auth_identity_endpoint,base_webde/phosmwpwebdeprdbap | POST /v1/:tenant/stack-instances/:id/webspaces/:id/accounts,758,0,758,0,758,0,0,0,0,0,14,0,0,744,0,0,0,0,0,0,0,0,1,0,0,13,0,
auth_identity_endpoint,qa_whic/phowhicprd | GET /v1/:tenant/stack-instances/:id/webshield/public-ips,729,729,0,0,0,0,0,0,729,0,8,721,0,0,0,0,0,0,8,0,0,0,0,0,0,0,0,
auth_identity_endpoint,OneAndOne/pwhpsswaasprod | DELETE /v1/:tenant/stack-instances/:id/stretchspaces/:id/locks/:id,728,0,728,0,0,0,0,0,0,728,300,0,0,428,0,0,0,0,0,299,0,0,0,0,0,1,0,
auth_identity_endpoint,OneAndOne/phosmwpionosprd | GET /v1/:tenant/stack-instances/:id/databases/:id,727,727,0,0,0,0,0,0,727,0,0,727,0,0,0,0,0,0,0,0,0,0,0,0,0,0,0,
auth_identity_endpoint,base_webde/phosmwpwebdeprd | GET /v1/:tenant/stack-instances/:id/webspaces/:id,721,721,0,721,0,0,0,0,0,0,0,721,0,0,0,0,0,0,0,0,0,0,0,0,0,0,0,
auth_identity_endpoint,qa_whic/phowhicprd | POST /v1/:tenant/stack-instances/:id/stretchspaces/:id/locks,721,0,721,0,0,0,0,0,0,721,52,60,0,609,0,0,52,0,0,0,0,0,0,0,0,0,0,
auth_identity_endpoint,base_arsys/parsyswaaspro | GET /v1/:tenant/stack-instances/:id/databases/:id,706,706,0,0,0,0,0,0,706,0,0,706,0,0,0,0,0,0,0,0,0,0,0,0,0,0,0,
auth_identity_endpoint,base_strato/phosmwpstratoprd | DELETE /v1/:tenant/stack-instances/:id/redirects/:id,706,0,706,0,0,0,0,0,0,706,0,0,0,706,0,0,0,0,0,0,0,0,0,0,0,0,0,
auth_identity_endpoint,dnd_qa_whic/phowhicprd | GET /v1/:tenant/stack-instances/:id/webspaces/:id,699,699,0,699,0,0,0,0,0,0,0,699,0,0,0,0,0,0,0,0,0,0,0,0,0,0,0,
auth_identity_endpoint,base_webde/phosmwpwebdeprd | POST /v1/:tenant/stack-instances/:id/webspaces/:id/accounts,698,0,698,0,698,0,0,0,0,0,11,0,0,687,0,0,0,0,0,0,0,0,0,0,0,11,0,
auth_identity_endpoint,qa_whic/phowhicprd | POST /v1/:tenant/stack-instances/:id/webspaces/:id/accounts,698,0,698,0,698,0,0,0,0,0,226,0,0,472,0,0,218,0,8,0,0,0,0,0,0,0,0,
auth_identity_endpoint,base_fasthosts/pfhhostingprod | POST /v1/:tenant/stack-instances/:id/webspaces/:id/accounts,697,0,697,0,697,0,0,0,0,0,31,0,0,666,0,0,0,0,0,0,0,0,2,0,4,25,0,
auth_identity_endpoint,base_fasthosts/pfhhostingprod | GET /v1/:tenant/stack-instances/:id/webspaces/:id/accounts/:id,696,696,0,696,0,0,0,0,0,0,21,675,0,0,0,0,0,0,0,21,0,0,0,0,0,0,0,
auth_identity_endpoint,OneAndOne/phosmwpionosprd | DELETE /v1/:tenant/stack-instances/:id/redirects/:id,695,0,695,0,0,0,0,0,0,695,0,0,0,695,0,0,0,0,0,0,0,0,0,0,0,0,0,
auth_identity_endpoint,base_piensa/ppiensawaaspro | GET /v1/:tenant/stack-instances/:id/webspaces/:id,689,689,0,689,0,0,0,0,0,0,7,682,0,0,0,0,0,0,0,0,0,0,0,0,0,7,0,
auth_identity_endpoint,base_webde/phosmamdomprd | GET /v1/:tenant/stack-instances/:id/databases,686,686,0,0,0,0,0,0,686,0,4,0,0,0,0,682,0,0,0,0,0,4,0,0,0,0,0,
auth_identity_endpoint,base_homepl/phosmwphomeplbap | GET /v1/:tenant/stack-instances/:id/stretchspaces/:id,676,676,0,0,0,0,0,0,676,0,0,676,0,0,0,0,0,0,0,0,0,0,0,0,0,0,0,
auth_identity_endpoint,qa_whic/phowhicprd | PUT /v1/:tenant/stack-instances/:id/webshield/mappings,674,0,674,0,0,0,0,0,0,674,112,0,0,562,0,0,80,0,8,0,0,0,24,0,0,0,0,
auth_identity_endpoint,base_strato/pstratoswhp | POST /v1/:tenant/stack-instances/:id/webspaces,672,0,672,0,672,0,0,0,0,0,13,0,0,659,0,0,0,0,0,0,0,0,0,0,1,12,0,
auth_identity_endpoint,sandbox_udag/phosmwpudagsndbprd | POST /v1/:tenant/stack-instances/:id/stretchspaces/:id/accounts,672,0,672,0,0,0,0,0,0,672,663,0,0,9,0,0,0,0,0,663,0,0,0,0,0,0,0,
auth_identity_endpoint,UDAG/photnwudagprd | POST /v1/:tenant/stack-instances/:id/webspaces/:id/domains,671,0,671,0,671,0,0,0,0,0,1,0,0,670,0,0,0,0,0,0,1,0,0,0,0,0,0,
auth_identity_endpoint,base_strato/phosmwpstratoprd | POST /v1/:tenant/stack-instances/:id/redirects,661,0,661,0,0,0,0,0,0,661,0,0,0,661,0,0,0,0,0,0,0,0,0,0,0,0,0,
auth_identity_endpoint,qa_whic/phowhicprd | PUT /v1/:tenant/stack-instances/:id/databases/:id/accounts/:id,656,0,656,0,0,0,0,0,0,656,173,0,0,483,0,0,60,0,8,105,0,0,0,0,0,0,0,
auth_identity_endpoint,UDAG/photnwudagprd | GET /v1/:tenant/stack-instances/:id/databases/:id/accounts/:id,652,652,0,0,0,0,0,0,652,0,4,648,0,0,0,0,0,0,0,4,0,0,0,0,0,0,0,
auth_identity_endpoint,base_strato/pstratoswhp | POST /v1/:tenant/stack-instances/:id/webspaces/:id/accounts,650,0,650,0,650,0,0,0,0,0,0,0,0,650,0,0,0,0,0,0,0,0,0,0,0,0,0,
auth_identity_endpoint,qa_whic/phowhicprd | GET /v1/:tenant/stack-instances/:id/webspaces/:id/accounts/:id,650,650,0,650,0,0,0,0,0,0,48,602,0,0,0,0,0,0,40,8,0,0,0,0,0,0,0,
auth_identity_endpoint,base_worldforyou/photnw4ywaasprod | PUT /v1/:tenant/stack-instances/:id/stretchspaces/:id,644,0,644,0,0,0,0,0,0,644,0,0,0,644,0,0,0,0,0,0,0,0,0,0,0,0,0,
auth_identity_endpoint,Domains/pdnspiensawaasprod | GET /v1/:tenant/stack-instances/:id/webshield/public-ips,630,630,0,0,0,0,0,0,630,0,0,630,0,0,0,0,0,0,0,0,0,0,0,0,0,0,0,
auth_identity_endpoint,gitspace_oneandone/pbtionosspaceprod | GET /v1/:tenant/stack-instances/:id/webspaces/:id,618,618,0,618,0,0,0,0,0,0,2,616,0,0,0,0,0,0,0,0,0,0,0,0,0,2,0,
auth_identity_endpoint,base_strato/phosmwpstratobap | POST /v1/:tenant/stack-instances/:id/databases/:id/accounts,617,0,617,0,0,0,0,0,0,617,0,0,0,617,0,0,0,0,0,0,0,0,0,0,0,0,0,
auth_identity_endpoint,qa_whic/phowhicprd | DELETE /v1/:tenant/stack-instances/:id/webshield/mappings/:id/certificate,615,0,615,0,0,0,0,0,0,615,8,0,0,607,0,0,0,0,8,0,0,0,0,0,0,0,0,
auth_identity_endpoint,OneAndOne/phosmwpionosprd | PUT /v1/:tenant/stack-instances/:id/webspaces/:id,611,0,611,0,611,0,0,0,0,0,0,18,0,593,0,0,0,0,0,0,0,0,0,0,0,0,0,
auth_identity_endpoint,OneAndOne/phosmwpionosprdbap | POST /v1/:tenant/stack-instances/:id/databases/:id/accounts,600,0,600,0,0,0,0,0,0,600,0,0,0,600,0,0,0,0,0,0,0,0,0,0,0,0,0,
auth_identity_endpoint,UDAG/photnwudagprd | GET /v1/:tenant/stack-instances/:id/databases/:id,596,596,0,0,0,0,0,0,596,0,89,507,0,0,0,0,0,0,0,89,0,0,0,0,0,0,0,
auth_identity_endpoint,base_ionoscloud/pstncdnwafwaasprod | PUT /v1/:tenant/verify-domain/:id,592,0,592,0,0,0,0,0,0,592,0,592,0,0,0,0,0,0,0,0,0,0,0,0,0,0,0,
auth_identity_endpoint,OneAndOne/pwhpsswaasprod | DELETE /v1/:tenant/stack-instances/:id/stretchspaces/:id,588,0,588,0,0,0,0,0,0,588,33,0,0,555,0,0,0,0,0,32,0,0,0,0,0,1,0,
auth_identity_endpoint,base_homepl/phosmwphomeplbap | POST /v1/:tenant/stack-instances/:id/stretchspaces/:id/accounts,585,0,585,0,0,0,0,0,0,585,20,0,0,565,0,0,0,0,0,16,0,0,3,0,0,1,0,
auth_identity_endpoint,UDAG/photnwudagprd | PUT /v1/:tenant/stack-instances/:id/webspaces/:id/domains/:id,577,0,577,0,577,0,0,0,0,0,6,0,0,571,0,0,0,0,0,0,0,0,0,0,0,6,0,
auth_identity_endpoint,qa_whic/phowhicprd | PUT /v1/:tenant/stack-instances/:id/webspaces/:id/accounts/:id,573,0,573,0,573,0,0,0,0,0,174,21,0,378,0,0,40,0,8,126,0,0,0,0,0,0,0,
auth_identity_endpoint,qa_whic/phowhicprd | DELETE /v1/:tenant/stack-instances/:id/databases/:id/accounts/:id,569,0,569,0,0,0,0,0,0,569,16,0,0,553,0,0,0,0,8,8,0,0,0,0,0,0,0,
auth_identity_endpoint,base_homepl/phosmwphomeplprd | GET /v1/:tenant/stack-instances/:id/stretchspaces/:id,567,567,0,0,0,0,0,0,567,0,0,567,0,0,0,0,0,0,0,0,0,0,0,0,0,0,0,
auth_identity_endpoint,qa_whic/phowhicprd | GET /v1/:tenant/stack-instances/:id/stretchspaces/:id/accounts/:id,565,565,0,0,0,0,0,0,565,0,0,565,0,0,0,0,0,0,0,0,0,0,0,0,0,0,0,
auth_identity_endpoint,qa_whic/phowhicprd | GET /v1/:tenant/stack-instances/:id/redirects/:id,562,562,0,0,0,0,0,0,562,0,186,376,0,0,0,0,0,0,8,178,0,0,0,0,0,0,0,
auth_identity_endpoint,base_fasthosts/pfhhostingprod | GET /v1/:tenant/:id,561,561,0,0,0,0,0,0,561,0,0,561,0,0,0,0,0,0,0,0,0,0,0,0,0,0,0,
auth_identity_endpoint,Domains/pdnspiensawaasprod | POST /v1/:tenant/stack-instances,560,0,560,0,0,0,0,0,0,560,0,0,560,0,0,0,0,0,0,0,0,0,0,0,0,0,0,
auth_identity_endpoint,sandbox_qa_whic/phowhicprd | POST /v1/:tenant/stack-instances/:id/stretchspaces,560,0,560,0,0,0,0,0,0,560,228,0,0,332,0,0,228,0,0,0,0,0,0,0,0,0,0,
auth_identity_endpoint,base_fasthosts/phosmwpfasthprdbap | POST /v1/:tenant/stack-instances/:id/stretchspaces/:id/domains,557,0,557,0,0,0,0,0,0,557,0,2,0,555,0,0,0,0,0,0,0,0,0,0,0,0,0,
auth_identity_endpoint,base_webde/phosmamdomprd | GET /v1/:tenant/stack-instances/:id/webspaces/:id/domains/:id,557,557,0,557,0,0,0,0,0,0,67,490,0,0,0,0,0,0,0,67,0,0,0,0,0,0,0,
auth_identity_endpoint,base_fasthosts/phosmwpfasthprdbap | DELETE /v1/:tenant/stack-instances/:id/redirects/:id,543,0,543,0,0,0,0,0,0,543,0,0,0,543,0,0,0,0,0,0,0,0,0,0,0,0,0,
auth_identity_endpoint,sandbox_qa_whic/phowhicprd | GET /v1/:tenant/stack-instances/:id,537,537,0,0,0,0,0,0,537,0,228,309,0,0,0,0,0,0,8,220,0,0,0,0,0,0,0,
auth_identity_endpoint,mws8_oneandone/photniomwsprod | DELETE /v1/:tenant/stack-instances/:id,527,0,527,0,0,0,0,0,0,527,1,0,0,0,526,0,0,0,0,1,0,0,0,0,0,0,0,
auth_identity_endpoint,qa_whic/phowhicprd | DELETE /v1/:tenant/stack-instances/:id/databases/:id,516,0,516,0,0,0,0,0,0,516,70,0,0,446,0,0,0,0,0,70,0,0,0,0,0,0,0,
auth_identity_endpoint,base_fasthosts/phosmwpfasthprdbap | POST /v1/:tenant/stack-instances/:id/redirects,509,0,509,0,0,0,0,0,0,509,0,0,0,509,0,0,0,0,0,0,0,0,0,0,0,0,0,
auth_identity_endpoint,base_webde/phosmamdomprd | PUT /v1/:tenant/stack-instances/:id/webshield/mappings/:id/:id/:id,506,0,506,0,0,0,0,0,0,506,2,0,0,0,504,0,0,0,0,2,0,0,0,0,0,0,0,
auth_identity_endpoint,base_strato/phosmwpstratoprd | GET /v1/:tenant/stack-instances/:id/stretchspaces/:id/accounts/:id,497,497,0,0,0,0,0,0,497,0,0,497,0,0,0,0,0,0,0,0,0,0,0,0,0,0,0,
auth_identity_endpoint,base_arsys/parsyswaaspro | GET /v1/:tenant/stack-instances/:id/webshield/public-ips,494,494,0,0,0,0,0,0,494,0,0,494,0,0,0,0,0,0,0,0,0,0,0,0,0,0,0,
auth_identity_endpoint,gitspace_oneandone/pbtionosspaceprod | PUT /v1/:tenant/stack-instances/:id/webshield/mappings/:id/:id/:id,494,0,494,0,0,0,0,0,0,494,0,0,0,0,494,0,0,0,0,0,0,0,0,0,0,0,0,
auth_identity_endpoint,OneAndOne/photbackupmwprd | POST /v1/:tenant/stack-instances/:id/webspaces/:id/accounts,492,0,492,0,492,0,0,0,0,0,1,0,0,491,0,0,0,0,0,0,0,0,0,0,0,1,0,
auth_identity_endpoint,base_strato/phosmwpstratoprd | GET /v1/:tenant/lookup/resource/:id,491,491,0,0,0,0,0,0,491,0,0,491,0,0,0,0,0,0,0,0,0,0,0,0,0,0,0,
auth_identity_endpoint,base_piensa/ppiensawaaspro | GET /v1/:tenant/stack-instances/:id/webshield/public-ips,489,489,0,0,0,0,0,0,489,0,0,489,0,0,0,0,0,0,0,0,0,0,0,0,0,0,0,
auth_identity_endpoint,UDAG/phosmwpudagprd | GET /v1/:tenant/stack-instances/:id/stretchspaces/:id/domains/:id,483,483,0,0,0,0,0,0,483,0,187,296,0,0,0,0,0,0,0,187,0,0,0,0,0,0,0,
auth_identity_endpoint,qa_whic/phowhicprd | DELETE /v1/:tenant/stack-instances/:id/webspaces/:id,481,0,481,0,481,0,0,0,0,0,5,0,0,476,0,0,0,0,0,5,0,0,0,0,0,0,0,
auth_identity_endpoint,OneAndOne/photbackupmwprd | GET /v1/:tenant/stack-instances/:id/databases/:id/accounts/:id,479,479,0,0,0,0,0,0,479,0,0,479,0,0,0,0,0,0,0,0,0,0,0,0,0,0,0,
auth_identity_endpoint,OneAndOne/photbackupmwprd | POST /v1/:tenant/stack-instances/:id/databases/:id/accounts,479,0,479,0,0,0,0,0,0,479,0,0,0,479,0,0,0,0,0,0,0,0,0,0,0,0,0,
auth_identity_endpoint,base_fasthosts/phosmwpfasthprd | DELETE /v1/:tenant/stack-instances/:id/stretchspaces/:id/domains/:id,478,0,478,0,0,0,0,0,0,478,3,0,0,475,0,0,0,0,0,3,0,0,0,0,0,0,0,
auth_identity_endpoint,base_gmxde/phosmamdomprd | GET /v1/:tenant/stack-instances/:id/databases,476,476,0,0,0,0,0,0,476,0,0,0,0,0,0,476,0,0,0,0,0,0,0,0,0,0,0,
auth_identity_endpoint,base_fasthosts/phosmwpfasthprd | DELETE /v1/:tenant/stack-instances/:id/redirects/:id,466,0,466,0,0,0,0,0,0,466,0,0,0,466,0,0,0,0,0,0,0,0,0,0,0,0,0,
auth_identity_endpoint,UDAG/photnwudagprd | DELETE /v1/:tenant/stack-instances/:id/webspaces/:id/domains/:id,464,0,464,0,464,0,0,0,0,0,12,0,0,452,0,0,0,0,0,1,0,0,0,0,0,11,0,
auth_identity_endpoint,base_webde/phosmamdomprd | PUT /v1/:tenant/stack-instances/:id/webspaces/:id/accounts/:id,462,0,462,0,462,0,0,0,0,0,35,0,0,427,0,0,0,0,0,0,0,0,1,0,2,32,0,
auth_identity_endpoint,base_worldforyou/photnw4ywaasprod | PUT /v1/:tenant/stack-instances/:id/webshield/mappings/:id/certificate,448,0,448,0,0,0,0,0,0,448,0,0,0,448,0,0,0,0,0,0,0,0,0,0,0,0,0,
auth_identity_endpoint,qa_whic/phowhicprd | POST /v1/:tenant/stack-instances/:id/stretchspaces/:id/accounts/import,443,0,443,0,0,0,0,0,0,443,197,0,0,246,0,0,140,0,0,0,57,0,0,0,0,0,0,
auth_identity_endpoint,base_fasthosts/phosmwpfasthprdbap | GET /v1/:tenant/stack-instances/:id/databases/:id,441,441,0,0,0,0,0,0,441,0,0,441,0,0,0,0,0,0,0,0,0,0,0,0,0,0,0,
auth_identity_endpoint,dnd_qa_whic/phowhicprd | GET /v1/:tenant/stack-instances/:id/stretchspaces/:id,441,441,0,0,0,0,0,0,441,0,0,441,0,0,0,0,0,0,0,0,0,0,0,0,0,0,0,
auth_identity_endpoint,base_webde/phosmamdomprd | PUT /v1/:tenant/stack-instances/:id/webspaces/:id,440,0,440,0,440,0,0,0,0,0,0,0,0,440,0,0,0,0,0,0,0,0,0,0,0,0,0,
auth_identity_endpoint,base_homepl/phosmwphomeplprd | POST /v1/:tenant/stack-instances/:id/stretchspaces/:id/accounts,436,0,436,0,0,0,0,0,0,436,5,0,0,431,0,0,0,0,0,0,0,0,3,0,0,2,0,
auth_identity_endpoint,UDAG/photnwudagprd | GET /v1/:tenant/stack-instances/:id/webspaces/:id,435,435,0,435,0,0,0,0,0,0,59,376,0,0,0,0,0,0,0,59,0,0,0,0,0,0,0,
auth_identity_endpoint,dnd_qa_whic/phowhicprd | POST /v1/:tenant/stack-instances/:id/webspaces,434,0,434,0,434,0,0,0,0,0,0,0,0,434,0,0,0,0,0,0,0,0,0,0,0,0,0,
auth_identity_endpoint,base_webde/phosmamdomprd | PUT /v1/:tenant/stack-instances/:id/webspaces/:id/domains/:id,433,0,433,0,433,0,0,0,0,0,0,37,0,396,0,0,0,0,0,0,0,0,0,0,0,0,0,
auth_identity_endpoint,gitspace_oneandone/pbtionosspaceprod | POST /v1/:tenant/stack-instances/:id/webspaces,433,0,433,0,433,0,0,0,0,0,21,0,0,412,0,0,0,0,0,0,0,0,0,0,1,20,0,
auth_identity_endpoint,base_fasthosts/pfhhostingprod | POST /v1/:tenant/stack-instances/:id/stretchspaces/:id/accounts,429,0,429,0,0,0,0,0,0,429,5,0,0,424,0,0,0,0,0,0,0,0,1,0,0,4,0,
auth_identity_endpoint,Domains/pdnspiensawaasprod | DELETE /v1/:tenant/stack-instances/:id/redirects/:id,428,0,428,0,0,0,0,0,0,428,0,0,0,428,0,0,0,0,0,0,0,0,0,0,0,0,0,
auth_identity_endpoint,Domains/pdnspiensawaasprod | DELETE /v1/:tenant/stack-instances/:id/webshield/mappings/:id,428,0,428,0,0,0,0,0,0,428,0,0,0,428,0,0,0,0,0,0,0,0,0,0,0,0,0,
auth_identity_endpoint,base_fasthosts/phosmwpfasthprd | POST /v1/:tenant/stack-instances/:id/stretchspaces/:id/domains,428,0,428,0,0,0,0,0,0,428,1,1,0,426,0,0,0,0,0,0,0,0,0,0,0,1,0,
auth_identity_endpoint,base_fasthosts/pfhhostingprod | GET /v1/:tenant/stack-instances/:id/stretchspaces/:id/accounts/:id,427,427,0,0,0,0,0,0,427,0,0,427,0,0,0,0,0,0,0,0,0,0,0,0,0,0,0,
auth_identity_endpoint,base_fasthosts/phosmwpfasthprdbap | DELETE /v1/:tenant/stack-instances/:id/stretchspaces/:id/domains/:id,423,0,423,0,0,0,0,0,0,423,7,0,0,416,0,0,0,0,0,7,0,0,0,0,0,0,0,
auth_identity_endpoint,mws8_oneandone/photniomwsprod | POST /v1/:tenant/stack-instances/:id/webspaces/:id/locks,418,0,418,0,418,0,0,0,0,0,0,144,0,274,0,0,0,0,0,0,0,0,0,0,0,0,0,
auth_identity_endpoint,base_worldforyou/photnw4ywaasprod | PUT /v1/:tenant/stack-instances/:id/stretchspaces/:id/accounts/:id,414,0,414,0,0,0,0,0,0,414,0,0,0,414,0,0,0,0,0,0,0,0,0,0,0,0,0,
auth_identity_endpoint,base_fasthosts/phosmwpfasthprd | POST /v1/:tenant/stack-instances/:id/redirects,413,0,413,0,0,0,0,0,0,413,0,0,0,413,0,0,0,0,0,0,0,0,0,0,0,0,0,
auth_identity_endpoint,mws8_oneandone/photniomwsprod | DELETE /v1/:tenant/stack-instances/:id/webspaces/:id/locks/:id,413,0,413,0,413,0,0,0,0,0,182,0,0,231,0,0,0,0,0,169,0,0,1,0,0,12,0,
auth_identity_endpoint,qa_whic/phowhicprd | GET /v1/:tenant/stack-instances/:id/stretchspaces/:id/accounts,408,408,0,0,0,0,0,0,408,0,0,0,0,0,0,408,0,0,0,0,0,0,0,0,0,0,0,
auth_identity_endpoint,OneAndOne/phosmwpionosprdbap | POST /v1/:tenant/stack-instances/:id/databases,401,0,401,0,0,0,0,0,0,401,0,0,0,401,0,0,0,0,0,0,0,0,0,0,0,0,0,
auth_identity_endpoint,dnd_qa_whic/phowhicprd | PUT /v1/:tenant/stack-instances/:id/databases/:id,390,0,390,0,0,0,0,0,0,390,0,0,0,390,0,0,0,0,0,0,0,0,0,0,0,0,0,
auth_identity_endpoint,qa_whic/phowhicprd | GET /v1/:tenant/stack-instances,390,390,0,0,0,0,0,0,390,0,126,0,0,0,0,264,65,0,8,0,0,53,0,0,0,0,0,
auth_identity_endpoint,base_fasthosts/phosmwpfasthprdbap | GET /v1/:tenant/stack-instances/:id/webspaces/:id/domains/:id,384,384,0,384,0,0,0,0,0,0,0,384,0,0,0,0,0,0,0,0,0,0,0,0,0,0,0,
auth_identity_endpoint,sandbox_piensa/phosmwppiensasbxprd | PUT /v1/:tenant/eventing/notifications/history/pointer/:id,383,0,383,0,0,0,383,0,0,0,0,0,0,0,383,0,0,0,0,0,0,0,0,0,0,0,0,
auth_identity_endpoint,sandbox_piensa/phosmwppiensasbxbap | PUT /v1/:tenant/eventing/notifications/history/pointer/:id,376,0,376,0,0,0,376,0,0,0,0,0,0,0,376,0,0,0,0,0,0,0,0,0,0,0,0,
auth_identity_endpoint,base_webde/phosmamdomprd | POST /v1/:tenant/stack-instances/:id/webspaces/:id/domains,369,0,369,0,369,0,0,0,0,0,10,0,0,359,0,0,0,0,0,0,10,0,0,0,0,0,0,
auth_identity_endpoint,base_fasthosts/phosmwpfasthprd | GET /v1/:tenant/stack-instances/:id/webspaces/:id/domains/:id,368,368,0,368,0,0,0,0,0,0,0,368,0,0,0,0,0,0,0,0,0,0,0,0,0,0,0,
auth_identity_endpoint,/<user not set> | POST /v1/:tenant/stack-instances/:id/databases,364,0,364,0,0,0,0,0,0,364,364,0,0,0,0,0,0,364,0,0,0,0,0,0,0,0,0,
auth_identity_endpoint,sandbox_arsys/phosmwpsyssndbprd | POST /v1/:tenant/stack-instances/:id/stretchspaces/:id/accounts,360,0,360,0,0,0,0,0,0,360,360,0,0,0,0,0,0,0,0,360,0,0,0,0,0,0,0,
auth_identity_endpoint,qa_whic/phowhicprd | DELETE /v1/:tenant/stack-instances/:id/stretchspaces/:id/accounts/:id,359,0,359,0,0,0,0,0,0,359,0,0,0,359,0,0,0,0,0,0,0,0,0,0,0,0,0,
auth_identity_endpoint,base_webde/phosmamdomprd | DELETE /v1/:tenant/stack-instances/:id/webspaces/:id/domains/:id,352,0,352,0,352,0,0,0,0,0,1,0,0,351,0,0,0,0,0,1,0,0,0,0,0,0,0,
auth_identity_endpoint,OneAndOne/phosmwpionosprd | POST /v1/:tenant/stack-instances/:id/redirects,348,0,348,0,0,0,0,0,0,348,0,0,0,348,0,0,0,0,0,0,0,0,0,0,0,0,0,
auth_identity_endpoint,base_gmxde/phosmwpgmxprdbap | GET /v1/:tenant/stack-instances/:id/webspaces/:id,346,346,0,346,0,0,0,0,0,0,0,346,0,0,0,0,0,0,0,0,0,0,0,0,0,0,0,
auth_identity_endpoint,base_webde/phosmamdomprd | GET /v1/:tenant/stack-instances/:id/webspaces/:id/accounts/:id,336,336,0,336,0,0,0,0,0,0,17,319,0,0,0,0,0,0,0,0,0,0,0,0,0,17,0,
auth_identity_endpoint,base_fasthosts/pfhhostingprod | GET /v1/:tenant/stack-instances/:id/webshield/mappings,335,335,0,0,0,0,0,0,335,0,0,335,0,0,0,0,0,0,0,0,0,0,0,0,0,0,0,
auth_identity_endpoint,qa_whic/phowhicprd | PATCH /v1/:tenant/stack-instances/:id/webshield/mappings,334,0,334,0,0,0,0,0,0,334,122,0,0,212,0,0,106,0,8,0,0,0,8,0,0,0,0,
auth_identity_endpoint,base_gmxde/phosmwpgmxprdbap | POST /v1/:tenant/stack-instances/:id/webspaces/:id/accounts,331,0,331,0,331,0,0,0,0,0,14,0,0,317,0,0,0,0,0,7,0,0,0,0,0,7,0,
auth_identity_endpoint,base_strato/pstratoswhp | DELETE /v1/:tenant/stack-instances/:id/stretchspaces/:id/accounts/:id,329,0,329,0,0,0,0,0,0,329,2,0,0,327,0,0,0,0,0,0,0,0,0,0,0,2,0,
auth_identity_endpoint,base_webde/phosmamdomprd | GET /v1/:tenant/stack-instances/:id/databases/:id,328,328,0,0,0,0,0,0,328,0,0,328,0,0,0,0,0,0,0,0,0,0,0,0,0,0,0,
auth_identity_endpoint,UDAG/photnwudagprd | PUT /v1/:tenant/stack-instances/:id/webspaces/:id/accounts/:id,327,0,327,0,327,0,0,0,0,0,2,0,0,325,0,0,0,0,0,0,0,0,0,0,0,2,0,
auth_identity_endpoint,base_strato/phosmwpstratobap | PUT /v1/:tenant/stack-instances/:id/stretchspaces/:id,326,0,326,0,0,0,0,0,0,326,0,2,0,324,0,0,0,0,0,0,0,0,0,0,0,0,0,
auth_identity_endpoint,base_fasthosts/pfhhostingprod | POST /v1/:tenant/stack-instances/:id/databases/:id/locks,322,0,322,0,0,0,0,0,0,322,0,181,0,141,0,0,0,0,0,0,0,0,0,0,0,0,0,
auth_identity_endpoint,qa_whic/phowhicprd | GET /v1/:tenant/stack-instances/:id/webspaces/:id/domains/:id,322,322,0,322,0,0,0,0,0,0,64,258,0,0,0,0,0,0,40,24,0,0,0,0,0,0,0,
auth_identity_endpoint,base_strato/phosmwpstratobap | POST /v1/:tenant/stack-instances/:id/databases,317,0,317,0,0,0,0,0,0,317,0,0,0,317,0,0,0,0,0,0,0,0,0,0,0,0,0,
auth_identity_endpoint,sandbox_udag/phosmwpudagsndbbap | POST /v1/:tenant/stack-instances/:id/stretchspaces/:id/accounts,314,0,314,0,0,0,0,0,0,314,314,0,0,0,0,0,0,0,0,314,0,0,0,0,0,0,0,
auth_identity_endpoint,qa_whic/phowhicprd | DELETE /v1/:tenant/stack-instances/:id/webspaces/:id/locks/:id,310,0,310,0,310,0,0,0,0,0,16,0,0,294,0,0,0,0,8,8,0,0,0,0,0,0,0,
auth_identity_endpoint,base_strato/phosmwpstratoprd | POST /v1/:tenant/stack-instances/:id/stretchspaces,308,0,308,0,0,0,0,0,0,308,2,0,0,306,0,0,0,0,0,0,0,0,2,0,0,0,0,
auth_identity_endpoint,sandbox_fasthosts/phosmwpfasthsndbprd | POST /v1/:tenant/stack-instances/:id/stretchspaces/:id/accounts,308,0,308,0,0,0,0,0,0,308,308,0,0,0,0,0,0,0,0,308,0,0,0,0,0,0,0,
auth_identity_endpoint,base_gmxde/phosmwpgmxprd | POST /v1/:tenant/stack-instances/:id/webspaces/:id/accounts,307,0,307,0,307,0,0,0,0,0,21,0,0,286,0,0,0,0,0,16,0,0,0,0,0,5,0,
auth_identity_endpoint,base_gmxde/phosmwpgmxprd | GET /v1/:tenant/stack-instances/:id/webspaces/:id,306,306,0,306,0,0,0,0,0,0,0,306,0,0,0,0,0,0,0,0,0,0,0,0,0,0,0,
auth_identity_endpoint,base_strato/phosmwpstratoprd | GET /v1/:tenant/stack-instances/:id/webshield/public-ips,305,305,0,0,0,0,0,0,305,0,0,305,0,0,0,0,0,0,0,0,0,0,0,0,0,0,0,
auth_identity_endpoint,base_strato/phosmwpstratoprd | POST /v1/:tenant/stack-instances,305,0,305,0,0,0,0,0,0,305,0,0,305,0,0,0,0,0,0,0,0,0,0,0,0,0,0,
auth_identity_endpoint,gitspace_oneandone/pbtionosspaceprod | GET /v1/:tenant/tenant-profile,305,305,0,0,0,0,0,0,305,0,0,305,0,0,0,0,0,0,0,0,0,0,0,0,0,0,0,
auth_identity_endpoint,sandbox_qa_whic/phowhicprd | GET /v1/:tenant/stack-instances/:id/stretchspaces/:id,304,304,0,0,0,0,0,0,304,0,0,304,0,0,0,0,0,0,0,0,0,0,0,0,0,0,0,
auth_identity_endpoint,qa_whic/phowhicprd | PUT /v1/:tenant/stack-instances/:id/redirects/:id,302,0,302,0,0,0,0,0,0,302,60,0,0,242,0,0,52,0,8,0,0,0,0,0,0,0,0,
auth_identity_endpoint,base_strato/phosmwpstratobap | POST /v1/:tenant/stack-instances/:id/stretchspaces,301,0,301,0,0,0,0,0,0,301,0,0,0,301,0,0,0,0,0,0,0,0,0,0,0,0,0,
auth_identity_endpoint,dnd_qa_whic/phowhicprd | PUT /v1/:tenant/stack-instances/:id/stretchspaces/:id,301,0,301,0,0,0,0,0,0,301,0,0,0,301,0,0,0,0,0,0,0,0,0,0,0,0,0,
auth_identity_endpoint,OneAndOne/phosmwpionosprdbap | POST /v1/:tenant/stack-instances/:id/webspaces,300,0,300,0,300,0,0,0,0,0,18,0,0,282,0,0,0,0,0,0,0,0,1,0,0,17,0,
auth_identity_endpoint,base_strato/phosmwpstratobap | GET /v1/:tenant/stack-instances/:id/webshield/public-ips,300,300,0,0,0,0,0,0,300,0,0,300,0,0,0,0,0,0,0,0,0,0,0,0,0,0,0,
auth_identity_endpoint,base_strato/phosmwpstratobap | POST /v1/:tenant/stack-instances,300,0,300,0,0,0,0,0,0,300,0,0,300,0,0,0,0,0,0,0,0,0,0,0,0,0,0,
auth_identity_endpoint,sandbox_qa_whic/phowhicprd | GET /v1/:tenant/stack-instances/:id/databases/:id,300,300,0,0,0,0,0,0,300,0,104,196,0,0,0,0,0,0,8,96,0,0,0,0,0,0,0,
auth_identity_endpoint,base_strato/phosmwpstratoprd | PUT /v1/:tenant/stack-instances/:id/stretchspaces/:id,299,0,299,0,0,0,0,0,0,299,0,2,0,297,0,0,0,0,0,0,0,0,0,0,0,0,0,
auth_identity_endpoint,strato_sfs/photnsfsstrwaasprd | PATCH /v1/:tenant/stack-instances/:id/webshield/mappings,298,0,298,0,0,0,0,0,0,298,0,0,0,298,0,0,0,0,0,0,0,0,0,0,0,0,0,
auth_identity_endpoint,base_webde/phosmamdomprd | POST /v1/:tenant/stack-instances/:id/redirects,293,0,293,0,0,0,0,0,0,293,10,0,0,283,0,0,0,0,0,0,10,0,0,0,0,0,0,
auth_identity_endpoint,qa_whic/phowhicprd | GET /v1/:tenant/:id,291,291,0,0,0,0,0,0,291,0,283,8,0,0,0,0,8,0,0,275,0,0,0,0,0,0,0,
auth_identity_endpoint,base_gmxde/phosmamdomprd | GET /v1/:tenant/stack-instances/:id/webspaces/:id/domains/:id,290,290,0,290,0,0,0,0,0,0,2,288,0,0,0,0,0,0,0,2,0,0,0,0,0,0,0,
auth_identity_endpoint,base_strato/phosmwpstratoprd | POST /v1/:tenant/stack-instances/:id/databases,288,0,288,0,0,0,0,0,0,288,0,0,0,288,0,0,0,0,0,0,0,0,0,0,0,0,0,
auth_identity_endpoint,UDAG/photnwudagprd | GET /v1/:tenant/stack-instances/:id,284,284,0,0,0,0,0,0,284,0,59,225,0,0,0,0,0,0,0,59,0,0,0,0,0,0,0,
auth_identity_endpoint,base_worldforyou/photnw4ywaasprod | GET /v1/:tenant/stack-instances/:id/databases/:id/accounts/:id,284,284,0,0,0,0,0,0,284,0,0,284,0,0,0,0,0,0,0,0,0,0,0,0,0,0,0,
auth_identity_endpoint,sandbox_piensa/phosmwppiensasbxprd | POST /v1/:tenant/stack-instances/:id/webspaces/:id/accounts,282,0,282,0,282,0,0,0,0,0,282,0,0,0,0,0,0,0,0,282,0,0,0,0,0,0,0,
auth_identity_endpoint,base_worldforyou/photnw4ywaasprod | POST /v1/:tenant/stack-instances/:id/databases,281,0,281,0,0,0,0,0,0,281,0,0,0,281,0,0,0,0,0,0,0,0,0,0,0,0,0,
auth_identity_endpoint,OneAndOne/phosmwpionosprdbap | GET /v1/:tenant/stack-instances/:id/webshield/public-ips,280,280,0,0,0,0,0,0,280,0,0,280,0,0,0,0,0,0,0,0,0,0,0,0,0,0,0,
auth_identity_endpoint,OneAndOne/phosmwpionosprdbap | POST /v1/:tenant/stack-instances,280,0,280,0,0,0,0,0,0,280,0,0,280,0,0,0,0,0,0,0,0,0,0,0,0,0,0,
auth_identity_endpoint,sandbox_piensa/phosmwppiensasbxbap | POST /v1/:tenant/stack-instances/:id/webspaces/:id/accounts,280,0,280,0,280,0,0,0,0,0,280,0,0,0,0,0,0,0,0,280,0,0,0,0,0,0,0,
auth_identity_endpoint,sandbox_gmxde/phosmwpgmxsndbbap | POST /v1/:tenant/stack-instances/:id/webspaces/:id/accounts,276,0,276,0,276,0,0,0,0,0,276,0,0,0,0,0,0,0,0,276,0,0,0,0,0,0,0,
auth_identity_endpoint,qa_whic/phowhicprd | POST /v1/:tenant/stack-instances/:id/webspaces/:id/domains,273,0,273,0,273,0,0,0,0,0,70,21,0,182,0,0,55,0,8,0,7,0,0,0,0,0,0,
auth_identity_endpoint,OneAndOne/phosmwpionosprd | GET /v1/:tenant/stack-instances/:id/webshield/public-ips,271,271,0,0,0,0,0,0,271,0,0,271,0,0,0,0,0,0,0,0,0,0,0,0,0,0,0,
auth_identity_endpoint,OneAndOne/phosmwpionosprd | POST /v1/:tenant/stack-instances,271,0,271,0,0,0,0,0,0,271,0,0,271,0,0,0,0,0,0,0,0,0,0,0,0,0,0,
auth_identity_endpoint,OneAndOne/phosmwpionosprd | POST /v1/:tenant/stack-instances/:id/webspaces,271,0,271,0,271,0,0,0,0,0,3,0,0,268,0,0,0,0,0,0,0,0,0,0,0,3,0,
auth_identity_endpoint,base_gmxde/phosmamdomprd | PUT /v1/:tenant/stack-instances/:id/webspaces/:id,270,0,270,0,270,0,0,0,0,0,0,0,0,270,0,0,0,0,0,0,0,0,0,0,0,0,0,
auth_identity_endpoint,/<user not set> | PUT /v1/:tenant/stack-instances/:id/webshield/mappings/:id/certificate,266,0,266,0,0,0,0,0,0,266,266,0,0,0,0,0,0,266,0,0,0,0,0,0,0,0,0,
auth_identity_endpoint,base_gmxde/phosmamdomprd | PUT /v1/:tenant/stack-instances/:id/webspaces/:id/accounts/:id,266,0,266,0,266,0,0,0,0,0,0,0,0,266,0,0,0,0,0,0,0,0,0,0,0,0,0,
auth_identity_endpoint,qa_whic/phowhicprd | GET /v1/:tenant/stack-instances/:id/webshield/mappings,262,262,0,0,0,0,0,0,262,0,40,222,0,0,0,0,0,0,40,0,0,0,0,0,0,0,0,
auth_identity_endpoint,OneAndOne/pwhpsswaasprod | DELETE /v1/:tenant/stack-instances/:id/webspaces/:id,255,0,255,0,255,0,0,0,0,0,24,0,0,231,0,0,0,0,0,23,0,0,0,0,0,1,0,
auth_identity_endpoint,base_gmxde/phosmamdomprd | PUT /v1/:tenant/stack-instances/:id/webspaces/:id/domains/:id,254,0,254,0,254,0,0,0,0,0,0,16,0,238,0,0,0,0,0,0,0,0,0,0,0,0,0,
auth_identity_endpoint,UDAG/phosmwpudagprd | PUT /v1/:tenant/stack-instances/:id/stretchspaces/:id,252,0,252,0,0,0,0,0,0,252,0,0,0,252,0,0,0,0,0,0,0,0,0,0,0,0,0,
auth_identity_endpoint,Domains/pdnsarsyswaasprod | GET /v1/:tenant/stack-instances/:id/webshield/mappings,249,249,0,0,0,0,0,0,249,0,1,248,0,0,0,0,0,0,0,1,0,0,0,0,0,0,0,
auth_identity_endpoint,base_homepl/photnhomepl1prd | POST /v1/:tenant/stack-instances/:id/stretchspaces/:id/domains,249,0,249,0,0,0,0,0,0,249,0,0,0,249,0,0,0,0,0,0,0,0,0,0,0,0,0,
auth_identity_endpoint,Domains/pdnsarsyswaasprod | DELETE /v1/:tenant/stack-instances/:id,248,0,248,0,0,0,0,0,0,248,0,0,0,0,248,0,0,0,0,0,0,0,0,0,0,0,0,
auth_identity_endpoint,sandbox_gmxde/phosmwpgmxsndbprd | POST /v1/:tenant/stack-instances/:id/webspaces/:id/accounts,248,0,248,0,248,0,0,0,0,0,248,0,0,0,0,0,0,0,0,248,0,0,0,0,0,0,0,
auth_identity_endpoint,sandbox_udag/phosmwpudagsndbbap | POST /v1/:tenant/stack-instances/:id/webspaces/:id/accounts,247,0,247,0,247,0,0,0,0,0,247,0,0,0,0,0,0,0,0,247,0,0,0,0,0,0,0,
auth_identity_endpoint,base_fasthosts/phosmwpfasthprdbap | DELETE /v1/:tenant/stack-instances/:id/webspaces/:id/domains/:id,239,0,239,0,239,0,0,0,0,0,14,0,0,225,0,0,0,0,0,12,0,0,0,0,0,2,0,
auth_identity_endpoint,sandbox_webde/phosmwpwebdesndbprd | POST /v1/:tenant/stack-instances/:id/webspaces/:id/accounts,237,0,237,0,237,0,0,0,0,0,237,0,0,0,0,0,0,0,0,237,0,0,0,0,0,0,0,
auth_identity_endpoint,ionos_sfs/photnsfsionosprd | DELETE /v1/:tenant/stack-instances/:id,236,0,236,0,0,0,0,0,0,236,0,0,0,0,236,0,0,0,0,0,0,0,0,0,0,0,0,
auth_identity_endpoint,dnd_qa_whic/phowhicprd | POST /v1/:tenant/stack-instances/:id/databases/:id/accounts,230,0,230,0,0,0,0,0,0,230,0,0,0,230,0,0,0,0,0,0,0,0,0,0,0,0,0,
auth_identity_endpoint,base_fasthosts/phosmwpfasthprdbap | POST /v1/:tenant/stack-instances/:id/webspaces/:id/domains,228,0,228,0,228,0,0,0,0,0,15,4,0,209,0,0,0,0,0,0,13,0,0,0,0,2,0,
auth_identity_endpoint,base_fasthosts/pfhhostingprod | PUT /v1/:tenant/stack-instances/:id/webspaces/:id,227,0,227,0,227,0,0,0,0,0,7,0,0,220,0,0,0,0,0,0,0,0,0,0,0,7,0,
auth_identity_endpoint,base_fasthosts/phosmwpfasthprd | DELETE /v1/:tenant/stack-instances/:id/webspaces/:id/domains/:id,227,0,227,0,227,0,0,0,0,0,2,0,0,225,0,0,0,0,0,1,0,0,0,0,0,1,0,
auth_identity_endpoint,/<user not set> | GET /v1/:tenant/stack-instances/:id,226,226,0,0,0,0,0,0,226,0,226,0,0,0,0,0,0,226,0,0,0,0,0,0,0,0,0,
auth_identity_endpoint,qa_whic/phowhicprd | POST /v1/:tenant/stack-instances/:id/web-analytics-profiles,226,0,226,0,0,0,0,0,0,226,48,0,178,0,0,0,32,0,0,0,16,0,0,0,0,0,0,
auth_identity_endpoint,sandbox_webde/phosmwpwebdesndbbap | POST /v1/:tenant/stack-instances/:id/webspaces/:id/accounts,226,0,226,0,226,0,0,0,0,0,226,0,0,0,0,0,0,0,0,226,0,0,0,0,0,0,0,
auth_identity_endpoint,qa_whic/phowhicprd | DELETE /v1/:tenant/stack-instances/:id/webspaces/:id/domains/:id,225,0,225,0,225,0,0,0,0,0,24,0,0,201,0,0,0,0,8,16,0,0,0,0,0,0,0,
auth_identity_endpoint,sandbox_qa_whic/phowhicprd | GET /v1/:tenant/eventing/notifications/history,224,224,0,0,0,224,0,0,0,0,0,224,0,0,0,0,0,0,0,0,0,0,0,0,0,0,0,
auth_identity_endpoint,base_fasthosts/phosmwpfasthprdbap | POST /v1/:tenant/stack-instances/:id/databases/:id/accounts,223,0,223,0,0,0,0,0,0,223,0,0,0,223,0,0,0,0,0,0,0,0,0,0,0,0,0,
auth_identity_endpoint,strato_sfs/photnsfsstrwaasprd | POST /v1/:tenant/stack-instances,214,0,214,0,0,0,0,0,0,214,0,0,214,0,0,0,0,0,0,0,0,0,0,0,0,0,0,
auth_identity_endpoint,base_fasthosts/phosmwpfasthprd | GET /v1/:tenant/stack-instances/:id/databases/:id,213,213,0,0,0,0,0,0,213,0,0,213,0,0,0,0,0,0,0,0,0,0,0,0,0,0,0,
auth_identity_endpoint,base_homepl/photnhomepl1prd | GET /v1/:tenant/stack-instances/:id/stretchspaces/:id,212,212,0,0,0,0,0,0,212,0,0,212,0,0,0,0,0,0,0,0,0,0,0,0,0,0,0,
auth_identity_endpoint,sandbox_qa_whic/phowhicprd | POST /v1/:tenant/stack-instances/:id/databases,211,0,211,0,0,0,0,0,0,211,44,0,0,167,0,0,30,0,14,0,0,0,0,0,0,0,0,
auth_identity_endpoint,sandbox_udag/phosmwpudagsndbprd | POST /v1/:tenant/stack-instances/:id/webspaces/:id/accounts,210,0,210,0,210,0,0,0,0,0,210,0,0,0,0,0,0,0,0,210,0,0,0,0,0,0,0,
auth_identity_endpoint,qa_whic/phowhicprd | POST /v1/:tenant/stack-instances/:id/stretchspaces/import,208,0,208,0,0,0,0,0,0,208,128,0,0,80,0,0,120,0,8,0,0,0,0,0,0,0,0,
auth_identity_endpoint,base_fasthosts/pfhhostingprod | DELETE /v1/:tenant/stack-instances/:id/stretchspaces/:id/domains/:id,206,0,206,0,0,0,0,0,0,206,6,0,0,200,0,0,0,0,0,6,0,0,0,0,0,0,0,
auth_identity_endpoint,qa_whic/phowhicprd | DELETE /v1/:tenant/stack-instances/:id/webspaces/:id/accounts/:id,205,0,205,0,205,0,0,0,0,0,16,0,0,189,0,0,0,0,8,8,0,0,0,0,0,0,0,
auth_identity_endpoint,/<user not set> | GET /v1/:tenant/eventing/notifications,204,204,0,0,0,204,0,0,0,0,204,0,0,0,0,0,0,204,0,0,0,0,0,0,0,0,0,
auth_identity_endpoint,base_fasthosts/phosmwpfasthprd | POST /v1/:tenant/stack-instances/:id/webspaces/:id/domains,204,0,204,0,204,0,0,0,0,0,11,9,0,184,0,0,0,0,0,0,11,0,0,0,0,0,0,
auth_identity_endpoint,OneAndOne/phosmwpionosprdbap | DELETE /v1/:tenant/stack-instances/:id,200,0,200,0,0,0,0,0,0,200,0,0,0,0,200,0,0,0,0,0,0,0,0,0,0,0,0,
auth_identity_endpoint,base_gmxde/phosmamdomprd | PUT /v1/:tenant/stack-instances/:id/webshield/mappings/:id/:id/:id,200,0,200,0,0,0,0,0,0,200,5,0,0,0,195,0,0,0,0,5,0,0,0,0,0,0,0,
auth_identity_endpoint,gitspace_oneandone/pbtionosspaceprod | GET /v1/:tenant/:id,196,196,0,0,0,0,0,0,196,0,0,196,0,0,0,0,0,0,0,0,0,0,0,0,0,0,0,
auth_identity_endpoint,gitspace_oneandone/pbtionosspaceprod | GET /v1/:tenant/stack-instances/:id/webshield/public-ips,196,196,0,0,0,0,0,0,196,0,0,196,0,0,0,0,0,0,0,0,0,0,0,0,0,0,0,
auth_identity_endpoint,dnd_qa_whic/phowhicprd | DELETE /v1/:tenant/stack-instances/:id/databases/:id/accounts/:id,195,0,195,0,0,0,0,0,0,195,0,0,0,195,0,0,0,0,0,0,0,0,0,0,0,0,0,
auth_identity_endpoint,sandbox_qa_whic/phowhicprd | GET /v1/:tenant/stack-instances/:id/redirects/:id,195,195,0,0,0,0,0,0,195,0,152,43,0,0,0,0,0,0,8,144,0,0,0,0,0,0,0,
auth_identity_endpoint,qa_whic/phowhicprd | GET /v1/:tenant/stack-instances/:id/webshield/mappings/:id/certificate,193,193,0,0,0,0,0,0,193,0,114,79,0,0,0,0,0,0,8,106,0,0,0,0,0,0,0,
auth_identity_endpoint,qa_whic/phowhicprd | POST /v1/:tenant/stack-instances/:id/webshield/:id,191,0,191,0,0,0,0,0,0,191,55,0,0,136,0,0,8,0,8,0,13,0,26,0,0,0,0,
auth_identity_endpoint,base_gmxde/phosmamdomprd | DELETE /v1/:tenant/stack-instances/:id/webspaces/:id/domains/:id,186,0,186,0,186,0,0,0,0,0,2,0,0,184,0,0,0,0,0,2,0,0,0,0,0,0,0,
auth_identity_endpoint,qa_whic/phowhicprd | GET /v1/:tenant/stack-instances/:id/webspaces/:id/locks,184,184,0,184,0,0,0,0,0,0,8,176,0,0,0,0,0,0,8,0,0,0,0,0,0,0,0,
auth_identity_endpoint,base_strato/phosmwpstratobap | DELETE /v1/:tenant/stack-instances/:id,183,0,183,0,0,0,0,0,0,183,0,0,0,0,183,0,0,0,0,0,0,0,0,0,0,0,0,
auth_identity_endpoint,qa_whic/phowhicprd | GET /v1/:tenant/stack-instances/:id/webspaces,178,178,0,178,0,0,0,0,0,0,73,0,0,0,0,105,65,0,8,0,0,0,0,0,0,0,0,
auth_identity_endpoint,base_gmxde/phosmamdomprd | POST /v1/:tenant/stack-instances/:id/webspaces/:id/domains,177,0,177,0,177,0,0,0,0,0,1,0,0,176,0,0,0,0,0,0,1,0,0,0,0,0,0,
auth_identity_endpoint,base_strato/phosmwpstratoprd | DELETE /v1/:tenant/stack-instances/:id,177,0,177,0,0,0,0,0,0,177,0,0,0,0,177,0,0,0,0,0,0,0,0,0,0,0,0,
auth_identity_endpoint,qa_whic/phowhicprd | POST /v1/:tenant/stack-instances/:id/stretchspaces/:id/domains,177,0,177,0,0,0,0,0,0,177,49,8,0,120,0,0,40,0,0,0,8,0,0,0,0,1,0,
auth_identity_endpoint,qa_whic/phowhicprd | GET /v1/:tenant/stack-instances/:id/web-analytics-profiles/:id,175,175,0,0,0,0,0,0,175,0,42,133,0,0,0,0,0,0,0,42,0,0,0,0,0,0,0,
auth_identity_endpoint,/<user not set> | POST /v1/:tenant/stack-instances,172,0,172,0,0,0,0,0,0,172,172,0,0,0,0,0,0,172,0,0,0,0,0,0,0,0,0,
auth_identity_endpoint,sandbox_worldforyou/photnw4ywaasqa | GET /v1/:tenant/stack-instances/:id/stretchspaces/:id,172,172,0,0,0,0,0,0,172,0,68,104,0,0,0,0,0,0,0,68,0,0,0,0,0,0,0,
auth_identity_endpoint,/<user not set> | POST /v1/:tenant/stack-instances/:id/stretchspaces/:id/accounts,169,0,169,0,0,0,0,0,0,169,169,0,0,0,0,0,0,169,0,0,0,0,0,0,0,0,0,
auth_identity_endpoint,base_gmxde/phosmamdomprd | GET /v1/:tenant/stack-instances/:id/webspaces/:id/accounts/:id,168,168,0,168,0,0,0,0,0,0,0,168,0,0,0,0,0,0,0,0,0,0,0,0,0,0,0,
auth_identity_endpoint,UDAG/photnwudagprd | GET /v1/:tenant/stack-instances/:id/webshield/public-ips,166,166,0,0,0,0,0,0,166,0,0,166,0,0,0,0,0,0,0,0,0,0,0,0,0,0,0,
auth_identity_endpoint,UDAG/photnwudagprd | POST /v1/:tenant/stack-instances,166,0,166,0,0,0,0,0,0,166,0,0,166,0,0,0,0,0,0,0,0,0,0,0,0,0,0,
auth_identity_endpoint,UDAG/photnwudagprd | POST /v1/:tenant/stack-instances/:id/webspaces,166,0,166,0,166,0,0,0,0,0,0,0,0,166,0,0,0,0,0,0,0,0,0,0,0,0,0,
auth_identity_endpoint,qa_whic/phowhicprd | PUT /v1/:tenant/stack-instances/:id/webspaces/:id/domains/:id,166,0,166,0,166,0,0,0,0,0,48,21,0,97,0,0,40,0,8,0,0,0,0,0,0,0,0,
auth_identity_endpoint,UDAG/photnwudagprd | PUT /v1/:tenant/stack-instances/:id/databases/:id,165,0,165,0,0,0,0,0,0,165,0,0,0,165,0,0,0,0,0,0,0,0,0,0,0,0,0,
auth_identity_endpoint,base_piensa/phosmwppiensaprdbap | GET /v1/:tenant/stack-instances/:id/databases/:id,165,165,0,0,0,0,0,0,165,0,0,165,0,0,0,0,0,0,0,0,0,0,0,0,0,0,0,
auth_identity_endpoint,base_homepl/photnhomepl1prd | GET /v1/:tenant/stack-instances/:id/databases/:id,162,162,0,0,0,0,0,0,162,0,0,162,0,0,0,0,0,0,0,0,0,0,0,0,0,0,0,
auth_identity_endpoint,dnd_qa_whic/phowhicprd | POST /v1/:tenant/stack-instances/:id/stretchspaces,162,0,162,0,0,0,0,0,0,162,0,0,0,162,0,0,0,0,0,0,0,0,0,0,0,0,0,
auth_identity_endpoint,sandbox_fasthosts/phosmwpfasthsndbprd | POST /v1/:tenant/stack-instances/:id/webspaces/:id/accounts,160,0,160,0,160,0,0,0,0,0,160,0,0,0,0,0,0,0,0,160,0,0,0,0,0,0,0,
auth_identity_endpoint,sandbox_qa_whic/phowhicprd | PUT /v1/:tenant/stack-instances/:id/stretchspaces/:id,160,0,160,0,0,0,0,0,0,160,124,0,0,36,0,0,124,0,0,0,0,0,0,0,0,0,0,
auth_identity_endpoint,Domains/photlwaascheckprd | GET /v1/:tenant/stack-instances/:id/redirects/:id,157,157,0,0,0,0,0,0,157,0,56,101,0,0,0,0,0,0,0,56,0,0,0,0,0,0,0,
auth_identity_endpoint,sandbox_webde/phosmwpwebdesndbbap | POST /v1/:tenant/stack-instances/:id/stretchspaces/:id/accounts,157,0,157,0,0,0,0,0,0,157,157,0,0,0,0,0,0,0,0,157,0,0,0,0,0,0,0,
auth_identity_endpoint,WhicQAdnd/phowhicdndprd | DELETE /v1/:tenant/eventing/notifications/:id,154,0,154,0,0,0,154,0,0,0,0,0,0,0,154,0,0,0,0,0,0,0,0,0,0,0,0,
auth_identity_endpoint,WhicQAdnd/phowhicdndprd | GET /v1/:tenant/eventing/notifications,154,154,0,0,0,154,0,0,0,0,0,154,0,0,0,0,0,0,0,0,0,0,0,0,0,0,0,
auth_identity_endpoint,base_homepl/photnhomepl1prd | DELETE /v1/:tenant/stack-instances/:id/stretchspaces/:id/domains/:id,154,0,154,0,0,0,0,0,0,154,0,0,0,154,0,0,0,0,0,0,0,0,0,0,0,0,0,
auth_identity_endpoint,sandbox_qa_whic/phowhicprd | POST /v1/:tenant/stack-instances/:id/stretchspaces/import,154,0,154,0,0,0,0,0,0,154,82,0,0,72,0,0,56,0,26,0,0,0,0,0,0,0,0,
auth_identity_endpoint,sandbox_udag/phosmwpudagsndbprd | DELETE /v1/:tenant/eventing/notifications/:id,154,0,154,0,0,0,154,0,0,0,0,0,0,0,154,0,0,0,0,0,0,0,0,0,0,0,0,
auth_identity_endpoint,OneAndOne/phosmwpionosprd | POST /v1/:tenant/stack-instances/:id/databases,150,0,150,0,0,0,0,0,0,150,0,0,0,150,0,0,0,0,0,0,0,0,0,0,0,0,0,
auth_identity_endpoint,base_homepl/phosmwphomeplbap | GET /v1/:tenant/stack-instances/:id/databases/:id,150,150,0,0,0,0,0,0,150,0,0,150,0,0,0,0,0,0,0,0,0,0,0,0,0,0,0,
auth_identity_endpoint,/<user not set> | DELETE /v1/:tenant/stack-instances/:id/databases/:id,149,0,149,0,0,0,0,0,0,149,149,0,0,0,0,0,0,149,0,0,0,0,0,0,0,0,0,
auth_identity_endpoint,base_gmxde/phosmamdomprd | POST /v1/:tenant/stack-instances/:id/redirects,148,0,148,0,0,0,0,0,0,148,0,0,0,148,0,0,0,0,0,0,0,0,0,0,0,0,0,
auth_identity_endpoint,Domains/photlwaascheckprd | GET /v1/:tenant/stack-instances/:id/webshield/mappings/:id,147,147,0,0,0,0,0,0,147,0,36,111,0,0,0,0,0,0,0,36,0,0,0,0,0,0,0,
auth_identity_endpoint,base_worldforyou/photnw4ywaasprod | DELETE /v1/:tenant/stack-instances/:id/databases/:id,147,0,147,0,0,0,0,0,0,147,0,0,0,147,0,0,0,0,0,0,0,0,0,0,0,0,0,
auth_identity_endpoint,qa_whic/phowhicprd | DELETE /v1/:tenant/stack-instances/:id/stretchspaces/:id/locks/:id,147,0,147,0,0,0,0,0,0,147,0,0,0,147,0,0,0,0,0,0,0,0,0,0,0,0,0,
auth_identity_endpoint,sandbox_qa_whic/phowhicprd | GET /v1/:tenant/stack-instances/:id/databases/:id/accounts/:id,147,147,0,0,0,0,0,0,147,0,112,35,0,0,0,0,0,0,8,104,0,0,0,0,0,0,0,
auth_identity_endpoint,base_fasthosts/phosmwpfasthprdbap | GET /v1/:tenant/lookup/resource/:id,144,144,0,0,0,0,0,0,144,0,0,144,0,0,0,0,0,0,0,0,0,0,0,0,0,0,0,
auth_identity_endpoint,base_piensa/phosmwppiensaprdbap | GET /v1/:tenant/lookup/resource/:id,144,144,0,0,0,0,0,0,144,0,0,144,0,0,0,0,0,0,0,0,0,0,0,0,0,0,0,
auth_identity_endpoint,sandbox_webde/phosmwpwebdesndbprd | POST /v1/:tenant/stack-instances/:id/stretchspaces/:id/accounts,143,0,143,0,0,0,0,0,0,143,143,0,0,0,0,0,0,0,0,143,0,0,0,0,0,0,0,
auth_identity_endpoint,dnd_qa_whic/phowhicprd | PUT /v1/:tenant/stack-instances/:id/webspaces/:id,140,0,140,0,140,0,0,0,0,0,0,140,0,0,0,0,0,0,0,0,0,0,0,0,0,0,0,
auth_identity_endpoint,UDAG/phosmwpudagprd | PUT /v1/:tenant/stack-instances/:id/stretchspaces/:id/domains/:id,138,0,138,0,0,0,0,0,0,138,2,6,0,130,0,0,0,0,0,0,2,0,0,0,0,0,0,
auth_identity_endpoint,qa_whic/phowhicprd | POST /v1/:tenant/stack-instances/:id/databases/:id/locks,138,0,138,0,0,0,0,0,0,138,68,0,0,70,0,0,60,0,8,0,0,0,0,0,0,0,0,
auth_identity_endpoint,autodeploy_mon_whic/pwaasautodeploypre | GET /v1/:tenant/stack-instances/:id/webspaces/:id,133,133,0,133,0,0,0,0,0,0,0,133,0,0,0,0,0,0,0,0,0,0,0,0,0,0,0,
auth_identity_endpoint,base_gmxde/phosmamdomprd | GET /v1/:tenant/stack-instances/:id/databases/:id,132,132,0,0,0,0,0,0,132,0,0,132,0,0,0,0,0,0,0,0,0,0,0,0,0,0,0,
auth_identity_endpoint,qa_whic/phowhicprd | DELETE /v1/:tenant/stack-instances/:id/stretchspaces/:id,132,0,132,0,0,0,0,0,0,132,0,0,0,132,0,0,0,0,0,0,0,0,0,0,0,0,0,
auth_identity_endpoint,OneAndOne/pwhpsswaasprod | POST /v1/:tenant/stack-instances/:id/webshield/mappings,129,0,129,0,0,0,0,0,0,129,3,0,0,126,0,0,0,0,0,0,0,0,3,0,0,0,0,
auth_identity_endpoint,base_homepl/phosmwphomeplbap | GET /v1/:tenant/stack-instances/:id/stretchspaces/:id/domains/:id,129,129,0,0,0,0,0,0,129,0,0,129,0,0,0,0,0,0,0,0,0,0,0,0,0,0,0,
auth_identity_endpoint,base_homepl/phosmwphomeplprd | GET /v1/:tenant/stack-instances/:id/stretchspaces/:id/domains/:id,129,129,0,0,0,0,0,0,129,0,0,129,0,0,0,0,0,0,0,0,0,0,0,0,0,0,0,
auth_identity_endpoint,base_fasthosts/phosmwpfasthprdbap | GET /v1/:tenant/stack-instances/:id/webshield/public-ips,127,127,0,0,0,0,0,0,127,0,0,127,0,0,0,0,0,0,0,0,0,0,0,0,0,0,0,
auth_identity_endpoint,base_fasthosts/phosmwpfasthprdbap | POST /v1/:tenant/stack-instances,127,0,127,0,0,0,0,0,0,127,0,0,127,0,0,0,0,0,0,0,0,0,0,0,0,0,0,
auth_identity_endpoint,base_arsys/phosmwpsysbap | GET /v1/:tenant/stack-instances/:id/databases/:id,126,126,0,0,0,0,0,0,126,0,0,126,0,0,0,0,0,0,0,0,0,0,0,0,0,0,0,
auth_identity_endpoint,qa_whic/phowhicprd | GET /v1/:tenant/stack-instances/:id/stretchspaces/:id/domains/:id,126,126,0,0,0,0,0,0,126,0,0,126,0,0,0,0,0,0,0,0,0,0,0,0,0,0,0,
auth_identity_endpoint,base_fasthosts/phosmwpfasthprdbap | POST /v1/:tenant/stack-instances/:id/databases,125,0,125,0,0,0,0,0,0,125,0,0,0,125,0,0,0,0,0,0,0,0,0,0,0,0,0,
auth_identity_endpoint,base_homepl/photnhomepl1prd | GET /v1/:tenant/stack-instances/:id/webshield/mappings/:id,124,124,0,0,0,0,0,0,124,0,0,124,0,0,0,0,0,0,0,0,0,0,0,0,0,0,0,
auth_identity_endpoint,base_piensa/phosmwppiensaprdbap | GET /v1/:tenant/stack-instances/:id/webspaces/:id/accounts/:id,123,123,0,123,0,0,0,0,0,0,0,123,0,0,0,0,0,0,0,0,0,0,0,0,0,0,0,
auth_identity_endpoint,qa_whic/phowhicprd | GET /v1/:tenant/stack-instances/:id/databases,123,123,0,0,0,0,0,0,123,0,115,0,0,0,0,8,65,0,8,7,0,35,0,0,0,0,0,
auth_identity_endpoint,base_fasthosts/pfhhostingprod | PUT /v1/:tenant/stack-instances/:id/databases/:id,121,0,121,0,0,0,0,0,0,121,0,0,0,121,0,0,0,0,0,0,0,0,0,0,0,0,0,
auth_identity_endpoint,sandbox_gmxde/phosmwpgmxsndbprd | POST /v1/:tenant/stack-instances/:id/stretchspaces/:id/accounts,121,0,121,0,0,0,0,0,0,121,121,0,0,0,0,0,0,0,0,121,0,0,0,0,0,0,0,
auth_identity_endpoint,sandbox_qa_whic/phowhicprd | POST /v1/:tenant/stack-instances/:id/redirects,119,0,119,0,0,0,0,0,0,119,8,0,0,111,0,0,0,0,8,0,0,0,0,0,0,0,0,
auth_identity_endpoint,sandbox_qa_whic/phowhicprd | POST /v1/:tenant/stack-instances/:id/webshield/mappings,118,0,118,0,0,0,0,0,0,118,38,0,0,80,0,0,30,0,8,0,0,0,0,0,0,0,0,
auth_identity_endpoint,base_fasthosts/pfhhostingprod | POST /v1/:tenant/stack-instances,117,0,117,0,0,0,0,0,0,117,0,0,117,0,0,0,0,0,0,0,0,0,0,0,0,0,0,
auth_identity_endpoint,sandbox_fasthosts/phosmwpfasthsndbbap | POST /v1/:tenant/stack-instances/:id/stretchspaces/:id/accounts,117,0,117,0,0,0,0,0,0,117,117,0,0,0,0,0,0,0,0,117,0,0,0,0,0,0,0,
auth_identity_endpoint,base_fasthosts/phosmwpfasthprdbap | PUT /v1/:tenant/stack-instances/:id/stretchspaces/:id,116,0,116,0,0,0,0,0,0,116,0,7,0,109,0,0,0,0,0,0,0,0,0,0,0,0,0,
auth_identity_endpoint,base_worldforyou/photnw4ywaasprod | POST /v1/:tenant/stack-instances/:id/stretchspaces/:id/domains,116,0,116,0,0,0,0,0,0,116,1,0,0,115,0,0,0,0,0,0,0,0,0,0,0,1,0,
auth_identity_endpoint,/<user not set> | DELETE /v1/:tenant/stack-instances/:id,113,0,113,0,0,0,0,0,0,113,113,0,0,0,0,0,0,113,0,0,0,0,0,0,0,0,0,
auth_identity_endpoint,base_fasthosts/pfhhostingprod | PUT /v1/:tenant/stack-instances/:id/stretchspaces/:id,112,0,112,0,0,0,0,0,0,112,0,0,0,112,0,0,0,0,0,0,0,0,0,0,0,0,0,
auth_identity_endpoint,base_fasthosts/phosmwpfasthprdbap | DELETE /v1/:tenant/stack-instances/:id,112,0,112,0,0,0,0,0,0,112,0,0,0,0,112,0,0,0,0,0,0,0,0,0,0,0,0,
auth_identity_endpoint,qa_whic/phowhicprd | GET /v1/:tenant/stack-instances/:id/redirects,112,112,0,0,0,0,0,0,112,0,8,0,0,0,0,104,0,0,8,0,0,0,0,0,0,0,0,
auth_identity_endpoint,/<user not set> | PUT /v1/:tenant/eventing/notifications/history/pointer/:id,111,0,111,0,0,0,111,0,0,0,111,0,0,0,0,0,0,111,0,0,0,0,0,0,0,0,0,
auth_identity_endpoint,base_arsys/phosmwpsysprd | GET /v1/:tenant/stack-instances/:id/stretchspaces/:id/domains/:id,111,111,0,0,0,0,0,0,111,0,0,111,0,0,0,0,0,0,0,0,0,0,0,0,0,0,0,
auth_identity_endpoint,base_piensa/phosmwppiensaprd | GET /v1/:tenant/stack-instances/:id/stretchspaces/:id/domains/:id,111,111,0,0,0,0,0,0,111,0,0,111,0,0,0,0,0,0,0,0,0,0,0,0,0,0,0,
auth_identity_endpoint,sandbox_gmxde/phosmwpgmxsndbbap | POST /v1/:tenant/stack-instances/:id/stretchspaces/:id/accounts,111,0,111,0,0,0,0,0,0,111,111,0,0,0,0,0,0,0,0,111,0,0,0,0,0,0,0,
auth_identity_endpoint,UDAG/photnwudagprd | PUT /v1/:tenant/stack-instances/:id/databases/:id/accounts/:id,110,0,110,0,0,0,0,0,0,110,0,0,0,110,0,0,0,0,0,0,0,0,0,0,0,0,0,
auth_identity_endpoint,/<user not set> | GET /v1/:tenant/:id,109,109,0,0,0,0,0,0,109,0,109,0,0,0,0,0,0,109,0,0,0,0,0,0,0,0,0,
auth_identity_endpoint,UDAG/phosmwpudagprdbap | GET /v1/:tenant/stack-instances/:id/stretchspaces/:id/domains/:id,109,109,0,0,0,0,0,0,109,0,1,108,0,0,0,0,0,0,0,1,0,0,0,0,0,0,0,
auth_identity_endpoint,base_arsys/phosmwpsysbap | GET /v1/:tenant/stack-instances/:id/stretchspaces/:id/domains/:id,109,109,0,0,0,0,0,0,109,0,0,109,0,0,0,0,0,0,0,0,0,0,0,0,0,0,0,
auth_identity_endpoint,base_piensa/phosmwppiensaprdbap | GET /v1/:tenant/stack-instances/:id/stretchspaces/:id/domains/:id,109,109,0,0,0,0,0,0,109,0,0,109,0,0,0,0,0,0,0,0,0,0,0,0,0,0,0,
auth_identity_endpoint,base_fasthosts/pfhhostingprod | GET /v1/:tenant/stack-instances/:id/databases/:id/locks,108,108,0,0,0,0,0,0,108,0,0,0,0,0,0,108,0,0,0,0,0,0,0,0,0,0,0,
auth_identity_endpoint,/<user not set> | POST /v1/:tenant/stack-instances/:id/webspaces/:id/accounts,107,0,107,0,107,0,0,0,0,0,107,0,0,0,0,0,0,107,0,0,0,0,0,0,0,0,0,
auth_identity_endpoint,/<user not set> | GET /v1/:tenant/stack-instances/:id/webspaces/:id/domains/:id,106,106,0,106,0,0,0,0,0,0,106,0,0,0,0,0,0,106,0,0,0,0,0,0,0,0,0,
auth_identity_endpoint,base_fasthosts/pfhhostingprod | POST /v1/:tenant/stack-instances/:id/webspaces/:id/locks,106,0,106,0,106,0,0,0,0,0,46,4,0,56,0,0,0,0,0,0,0,0,2,0,0,44,0,
auth_identity_endpoint,/<user not set> | PUT /v1/:tenant/stack-instances/:id/webspaces/:id,105,0,105,0,105,0,0,0,0,0,105,0,0,0,0,0,0,105,0,0,0,0,0,0,0,0,0,
auth_identity_endpoint,base_fasthosts/phosmwpfasthprdbap | POST /v1/:tenant/stack-instances/:id/stretchspaces,105,0,105,0,0,0,0,0,0,105,0,0,0,105,0,0,0,0,0,0,0,0,0,0,0,0,0,
auth_identity_endpoint,qa_whic/phowhicprd | GET /v1/:tenant/stack-instances/:id/stretchspaces,105,105,0,0,0,0,0,0,105,0,65,0,0,0,0,40,65,0,0,0,0,0,0,0,0,0,0,
auth_identity_endpoint,/<user not set> | GET /v1/:tenant/stack-instances/:id/stretchspaces/:id/accounts/:id,104,104,0,0,0,0,0,0,104,0,104,0,0,0,0,0,0,104,0,0,0,0,0,0,0,0,0,
auth_identity_endpoint,qa_whic/phowhicprd | PUT /v1/:tenant/eventing/notifications/history/pointer/:id,104,0,104,0,0,0,104,0,0,0,8,0,0,0,96,0,8,0,0,0,0,0,0,0,0,0,0,
auth_identity_endpoint,sandbox_qa_whic/phowhicprd | GET /v1/:tenant/stack-instances/:id/webshield/mappings,104,104,0,0,0,0,0,0,104,0,96,8,0,0,0,0,0,0,8,88,0,0,0,0,0,0,0,
auth_identity_endpoint,/<user not set> | POST /v1/:tenant/stack-instances/:id/webspaces,103,0,103,0,103,0,0,0,0,0,103,0,0,0,0,0,0,103,0,0,0,0,0,0,0,0,0,
auth_identity_endpoint,UDAG/phosmwpudagprd | DELETE /v1/:tenant/stack-instances/:id/stretchspaces/:id/domains/:id,103,0,103,0,0,0,0,0,0,103,4,0,0,99,0,0,0,0,0,4,0,0,0,0,0,0,0,
auth_identity_endpoint,base_fasthosts/phosmwpfasthprd | POST /v1/:tenant/stack-instances/:id/databases,103,0,103,0,0,0,0,0,0,103,0,0,0,103,0,0,0,0,0,0,0,0,0,0,0,0,0,
auth_identity_endpoint,qa_whic/phowhicprd | PUT /v1/:tenant/stack-instances/:id/stretchspaces/:id/domains/:id,103,0,103,0,0,0,0,0,0,103,32,8,0,63,0,0,32,0,0,0,0,0,0,0,0,0,0,
auth_identity_endpoint,base_piensa/ppiensawaaspro | GET /v1/:tenant/stack-instances/:id/webspaces/:id/accounts/:id,102,102,0,102,0,0,0,0,0,0,0,102,0,0,0,0,0,0,0,0,0,0,0,0,0,0,0,
auth_identity_endpoint,base_fasthosts/phosmwpfasthprd | GET /v1/:tenant/stack-instances/:id/webshield/public-ips,101,101,0,0,0,0,0,0,101,0,0,101,0,0,0,0,0,0,0,0,0,0,0,0,0,0,0,
auth_identity_endpoint,base_fasthosts/phosmwpfasthprd | POST /v1/:tenant/stack-instances,101,0,101,0,0,0,0,0,0,101,0,0,101,0,0,0,0,0,0,0,0,0,0,0,0,0,0,
auth_identity_endpoint,base_arsys/parsyswaaspro | POST /v1/:tenant/stack-instances/:id/stretchspaces/:id/domains,99,0,99,0,0,0,0,0,0,99,0,8,0,91,0,0,0,0,0,0,0,0,0,0,0,0,0,
auth_identity_endpoint,WhicQAdnd/phowhicdndprd | PUT /v1/:tenant/stack-instances/:id/webspaces/:id,98,0,98,0,98,0,0,0,0,0,0,0,0,98,0,0,0,0,0,0,0,0,0,0,0,0,0,
auth_identity_endpoint,qa_whic/phowhicprd | PUT /v1/:tenant/stack-instances/:id,98,0,98,0,0,0,0,0,0,98,8,90,0,0,0,0,0,0,8,0,0,0,0,0,0,0,0,
auth_identity_endpoint,/<user not set> | GET /v1/:tenant/stack-instances/:id/webspaces/:id,97,97,0,97,0,0,0,0,0,0,97,0,0,0,0,0,0,97,0,0,0,0,0,0,0,0,0,
auth_identity_endpoint,trial_strato/phosmwpstrasndbap | GET /v1/:tenant/stack-instances/:id/stretchspaces/:id,97,97,0,0,0,0,0,0,97,0,0,97,0,0,0,0,0,0,0,0,0,0,0,0,0,0,0,
auth_identity_endpoint,base_fasthosts/pfhhostingprod | DELETE /v1/:tenant/stack-instances/:id/webspaces/:id/domains/:id,96,0,96,0,96,0,0,0,0,0,4,0,0,92,0,0,0,0,0,2,0,0,1,0,0,1,0,
auth_identity_endpoint,base_fasthosts/phosmwpfasthprd | DELETE /v1/:tenant/stack-instances/:id,96,0,96,0,0,0,0,0,0,96,0,0,0,0,96,0,0,0,0,0,0,0,0,0,0,0,0,
auth_identity_endpoint,base_piensa/phosmwppiensaprd | GET /v1/:tenant/stack-instances/:id/databases/:id,96,96,0,0,0,0,0,0,96,0,0,96,0,0,0,0,0,0,0,0,0,0,0,0,0,0,0,
auth_identity_endpoint,trial_strato/phosmwpstrasndbprd | GET /v1/:tenant/stack-instances/:id/stretchspaces/:id,95,95,0,0,0,0,0,0,95,0,0,95,0,0,0,0,0,0,0,0,0,0,0,0,0,0,0,
auth_identity_endpoint,base_fasthosts/phosmwpfasthprd | PUT /v1/:tenant/stack-instances/:id/stretchspaces/:id,94,0,94,0,0,0,0,0,0,94,0,8,0,86,0,0,0,0,0,0,0,0,0,0,0,0,0,
auth_identity_endpoint,/<user not set> | PUT /v1/:tenant/stack-instances/:id/webshield/mappings/:id/:id/:id,93,0,93,0,0,0,0,0,0,93,93,0,0,0,0,0,0,93,0,0,0,0,0,0,0,0,0,
auth_identity_endpoint,gitspace_oneandone/pbtionosspaceprod | POST /v1/:tenant/stack-instances/:id/webspaces/:id/domains,92,0,92,0,92,0,0,0,0,0,0,0,0,92,0,0,0,0,0,0,0,0,0,0,0,0,0,
auth_identity_endpoint,qa_whic/phowhicprd | DELETE /v1/:tenant/stack-instances/:id/stretchspaces/:id/domains/:id,92,0,92,0,0,0,0,0,0,92,0,0,0,92,0,0,0,0,0,0,0,0,0,0,0,0,0,
auth_identity_endpoint,/<user not set> | GET /v1/:tenant/stack-instances/:id/webshield/mappings,91,91,0,0,0,0,0,0,91,0,91,0,0,0,0,0,0,91,0,0,0,0,0,0,0,0,0,
auth_identity_endpoint,base_fasthosts/phosmwpfasthprd | POST /v1/:tenant/stack-instances/:id/stretchspaces,91,0,91,0,0,0,0,0,0,91,1,0,0,90,0,0,0,0,0,0,0,0,0,0,0,1,0,
auth_identity_endpoint,sandbox_worldforyou/photnw4ywaasqa | PUT /v1/:tenant/eventing/notifications/history/pointer/:id,91,0,91,0,0,0,91,0,0,0,0,0,0,0,91,0,0,0,0,0,0,0,0,0,0,0,0,
auth_identity_endpoint,base_fasthosts/pfhhostingprod | DELETE /v1/:tenant/stack-instances/:id/databases/:id/locks/:id,90,0,90,0,0,0,0,0,0,90,3,0,0,87,0,0,0,0,0,3,0,0,0,0,0,0,0,
auth_identity_endpoint,strato_sfs/photnsfsstrwaasprd | GET /v1/:tenant/:id,90,90,0,0,0,0,0,0,90,0,0,90,0,0,0,0,0,0,0,0,0,0,0,0,0,0,0,
auth_identity_endpoint,strato_sfs/photnsfsstrwaasprd | GET /v1/:tenant/stack-instances/:id/webshield/cdn-ips,90,90,0,0,0,0,0,0,90,0,0,90,0,0,0,0,0,0,0,0,0,0,0,0,0,0,0,
auth_identity_endpoint,trial_strato/pstratoswhtp | GET /v1/:tenant/eventing/notifications/history,90,90,0,0,0,90,0,0,0,0,0,90,0,0,0,0,0,0,0,0,0,0,0,0,0,0,0,
auth_identity_endpoint,/<user not set> | POST /v1/:tenant/stack-instances/:id/webspaces/:id/locks,89,0,89,0,89,0,0,0,0,0,89,0,0,0,0,0,0,89,0,0,0,0,0,0,0,0,0,
auth_identity_endpoint,UDAG/photnwudagprd | DELETE /v1/:tenant/stack-instances/:id/databases/:id,89,0,89,0,0,0,0,0,0,89,0,0,0,89,0,0,0,0,0,0,0,0,0,0,0,0,0,
auth_identity_endpoint,trial_strato/phosmwpstrasndbap | POST /v1/:tenant/stack-instances/:id/stretchspaces/:id/accounts,89,0,89,0,0,0,0,0,0,89,71,0,0,18,0,0,0,0,0,71,0,0,0,0,0,0,0,
auth_identity_endpoint,/<user not set> | POST /v1/:tenant/stack-instances/:id/stretchspaces/import,88,0,88,0,0,0,0,0,0,88,88,0,0,0,0,0,0,88,0,0,0,0,0,0,0,0,0,
auth_identity_endpoint,base_homepl/photnhomepl1prd | GET /v1/:tenant/stack-instances/:id/databases/:id/accounts/:id,88,88,0,0,0,0,0,0,88,0,0,88,0,0,0,0,0,0,0,0,0,0,0,0,0,0,0,
auth_identity_endpoint,base_homepl/photnhomepl1prd | POST /v1/:tenant/stack-instances/:id/databases/:id/accounts,88,0,88,0,0,0,0,0,0,88,0,0,0,88,0,0,0,0,0,0,0,0,0,0,0,0,0,
auth_identity_endpoint,sandbox_qa_whic/phowhicprd | DELETE /v1/:tenant/stack-instances/:id/webshield/mappings/:id,88,0,88,0,0,0,0,0,0,88,8,0,0,80,0,0,0,0,8,0,0,0,0,0,0,0,0,
auth_identity_endpoint,/<user not set> | GET /v1/:tenant/stack-instances/:id/databases/:id/accounts,87,87,0,0,0,0,0,0,87,0,87,0,0,0,0,0,0,87,0,0,0,0,0,0,0,0,0,
auth_identity_endpoint,gitspace_oneandone/pbtionosspaceprod | POST /v1/:tenant/stack-instances/:id/webspaces/:id/locks,87,0,87,0,87,0,0,0,0,0,0,13,0,74,0,0,0,0,0,0,0,0,0,0,0,0,0,
auth_identity_endpoint,/<user not set> | GET /v1/:tenant/stack-instances/:id/webshield/public-ips,86,86,0,0,0,0,0,0,86,0,86,0,0,0,0,0,0,86,0,0,0,0,0,0,0,0,0,
auth_identity_endpoint,WhicQAdnd/phowhicdndprd | POST /v1/:tenant/stack-instances,86,0,86,0,0,0,0,0,0,86,8,0,78,0,0,0,8,0,0,0,0,0,0,0,0,0,0,
auth_identity_endpoint,base_piensa/ppiensawaaspro | POST /v1/:tenant/stack-instances/:id/webspaces/:id/accounts,86,0,86,0,86,0,0,0,0,0,0,0,0,86,0,0,0,0,0,0,0,0,0,0,0,0,0,
auth_identity_endpoint,base_worldforyou/photnw4ywaasprod | DELETE /v1/:tenant/stack-instances/:id/stretchspaces/:id/accounts/:id,86,0,86,0,0,0,0,0,0,86,84,0,0,2,0,0,0,0,0,84,0,0,0,0,0,0,0,
auth_identity_endpoint,qa_whic/phowhicprd | PUT /v1/:tenant/verify-domain/:id,86,0,86,0,0,0,0,0,0,86,51,35,0,0,0,0,0,0,8,43,0,0,0,0,0,0,0,
auth_identity_endpoint,UDAG/phosmwpudagprd | GET /v1/:tenant/stack-instances/:id/databases,85,85,0,0,0,0,0,0,85,0,2,0,0,0,0,83,0,0,0,2,0,0,0,0,0,0,0,
auth_identity_endpoint,base_webde/phosmamdomprd | DELETE /v1/:tenant/stack-instances/:id,85,0,85,0,0,0,0,0,0,85,2,0,0,0,83,0,0,0,0,2,0,0,0,0,0,0,0,
auth_identity_endpoint,/<user not set> | GET /v1/:tenant/stack-instances/:id/webspaces/:id/accounts/:id,84,84,0,84,0,0,0,0,0,0,84,0,0,0,0,0,0,84,0,0,0,0,0,0,0,0,0,
auth_identity_endpoint,qa_whic/phowhicprd | DELETE /v1/:tenant/stack-instances/:id/webshield/mappings/:id,84,0,84,0,0,0,0,0,0,84,24,0,0,60,0,0,0,0,8,0,0,0,16,0,0,0,0,
auth_identity_endpoint,qa_whic/phowhicprd | GET /v1/:tenant/stack-instances/:id/stretchspaces/:id/locks,84,84,0,0,0,0,0,0,84,0,0,84,0,0,0,0,0,0,0,0,0,0,0,0,0,0,0,
auth_identity_endpoint,sandbox_worldforyou/photnw4ywaasqa | GET /v1/:tenant/stack-instances/:id/databases/:id,84,84,0,0,0,0,0,0,84,0,67,17,0,0,0,0,0,0,0,67,0,0,0,0,0,0,0,
auth_identity_endpoint,/<user not set> | GET /v1/:tenant/lookup/resource/:id,83,83,0,0,0,0,0,0,83,0,83,0,0,0,0,0,0,83,0,0,0,0,0,0,0,0,0,
auth_identity_endpoint,/<user not set> | GET /v1/:tenant/stack-instances/:id/databases/:id/accounts/:id,83,83,0,0,0,0,0,0,83,0,83,0,0,0,0,0,0,83,0,0,0,0,0,0,0,0,0,
auth_identity_endpoint,base_arsys/parsyswaaspro | POST /v1/:tenant/stack-instances/:id/stretchspaces/:id/accounts,83,0,83,0,0,0,0,0,0,83,4,0,0,79,0,0,0,0,0,0,0,0,0,0,0,4,0,
auth_identity_endpoint,base_fasthosts/pfhhostingprod | POST /v1/:tenant/stack-instances/:id/stretchspaces/:id/locks,83,0,83,0,0,0,0,0,0,83,0,1,0,82,0,0,0,0,0,0,0,0,0,0,0,0,0,
auth_identity_endpoint,UDAG/photnwudagprd | POST /v1/:tenant/stack-instances/:id/databases,82,0,82,0,0,0,0,0,0,82,0,0,0,82,0,0,0,0,0,0,0,0,0,0,0,0,0,
auth_identity_endpoint,sandbox_arsys/phosmwpsyssndbprd | POST /v1/:tenant/stack-instances/:id/webspaces/:id/accounts,82,0,82,0,82,0,0,0,0,0,82,0,0,0,0,0,0,0,0,82,0,0,0,0,0,0,0,
auth_identity_endpoint,/<user not set> | DELETE /v1/:tenant/eventing/notifications/:id,81,0,81,0,0,0,81,0,0,0,81,0,0,0,0,0,0,81,0,0,0,0,0,0,0,0,0,
auth_identity_endpoint,/<user not set> | DELETE /v1/:tenant/stack-instances/:id/webshield/mappings/:id,81,0,81,0,0,0,0,0,0,81,81,0,0,0,0,0,0,81,0,0,0,0,0,0,0,0,0,
auth_identity_endpoint,/<user not set> | DELETE /v1/:tenant/stack-instances/:id/webshield/mappings/:id/certificate,81,0,81,0,0,0,0,0,0,81,81,0,0,0,0,0,0,81,0,0,0,0,0,0,0,0,0,
auth_identity_endpoint,/<user not set> | DELETE /v1/:tenant/stack-instances/:id/webspaces/:id/domains/:id,81,0,81,0,81,0,0,0,0,0,81,0,0,0,0,0,0,81,0,0,0,0,0,0,0,0,0,
auth_identity_endpoint,/<user not set> | GET /v1/:tenant/stack-instances/:id/databases,81,81,0,0,0,0,0,0,81,0,81,0,0,0,0,0,0,81,0,0,0,0,0,0,0,0,0,
auth_identity_endpoint,/<user not set> | GET /v1/:tenant/stack-instances/:id/webspaces,81,81,0,81,0,0,0,0,0,0,81,0,0,0,0,0,0,81,0,0,0,0,0,0,0,0,0,
auth_identity_endpoint,/<user not set> | DELETE /v1/:tenant/stack-instances/:id/databases/:id/accounts/:id,80,0,80,0,0,0,0,0,0,80,80,0,0,0,0,0,0,80,0,0,0,0,0,0,0,0,0,
auth_identity_endpoint,/<user not set> | DELETE /v1/:tenant/stack-instances/:id/databases/:id/locks/:id,80,0,80,0,0,0,0,0,0,80,80,0,0,0,0,0,0,80,0,0,0,0,0,0,0,0,0,
auth_identity_endpoint,/<user not set> | DELETE /v1/:tenant/stack-instances/:id/redirects/:id,80,0,80,0,0,0,0,0,0,80,80,0,0,0,0,0,0,80,0,0,0,0,0,0,0,0,0,
auth_identity_endpoint,/<user not set> | DELETE /v1/:tenant/stack-instances/:id/webshield/:id/:id,80,0,80,0,0,0,0,0,0,80,80,0,0,0,0,0,0,80,0,0,0,0,0,0,0,0,0,
auth_identity_endpoint,/<user not set> | DELETE /v1/:tenant/stack-instances/:id/webspaces/:id/accounts/:id,80,0,80,0,80,0,0,0,0,0,80,0,0,0,0,0,0,80,0,0,0,0,0,0,0,0,0,
auth_identity_endpoint,/<user not set> | DELETE /v1/:tenant/stack-instances/:id/webspaces/:id/locks/:id,80,0,80,0,80,0,0,0,0,0,80,0,0,0,0,0,0,80,0,0,0,0,0,0,0,0,0,
auth_identity_endpoint,/<user not set> | GET /v1/:tenant/redirect-farm,80,80,0,0,0,0,0,0,80,0,80,0,0,0,0,0,0,80,0,0,0,0,0,0,0,0,0,
auth_identity_endpoint,/<user not set> | GET /v1/:tenant/stack-instances,80,80,0,0,0,0,0,0,80,0,80,0,0,0,0,0,0,80,0,0,0,0,0,0,0,0,0,
auth_identity_endpoint,/<user not set> | GET /v1/:tenant/stack-instances/:id/databases/:id/locks,80,80,0,0,0,0,0,0,80,0,80,0,0,0,0,0,0,80,0,0,0,0,0,0,0,0,0,
auth_identity_endpoint,/<user not set> | GET /v1/:tenant/stack-instances/:id/databases/:id/locks/:id,80,80,0,0,0,0,0,0,80,0,80,0,0,0,0,0,0,80,0,0,0,0,0,0,0,0,0,
auth_identity_endpoint,/<user not set> | GET /v1/:tenant/stack-instances/:id/redirects,80,80,0,0,0,0,0,0,80,0,80,0,0,0,0,0,0,80,0,0,0,0,0,0,0,0,0,
auth_identity_endpoint,/<user not set> | GET /v1/:tenant/stack-instances/:id/redirects/:id,80,80,0,0,0,0,0,0,80,0,80,0,0,0,0,0,0,80,0,0,0,0,0,0,0,0,0,
auth_identity_endpoint,/<user not set> | GET /v1/:tenant/stack-instances/:id/webshield/:id,80,80,0,0,0,0,0,0,80,0,80,0,0,0,0,0,0,80,0,0,0,0,0,0,0,0,0,
auth_identity_endpoint,/<user not set> | GET /v1/:tenant/stack-instances/:id/webshield/:id/:id,80,80,0,0,0,0,0,0,80,0,80,0,0,0,0,0,0,80,0,0,0,0,0,0,0,0,0,
auth_identity_endpoint,/<user not set> | GET /v1/:tenant/stack-instances/:id/webshield/cdn-ips,80,80,0,0,0,0,0,0,80,0,80,0,0,0,0,0,0,80,0,0,0,0,0,0,0,0,0,
auth_identity_endpoint,/<user not set> | GET /v1/:tenant/stack-instances/:id/webshield/mappings/:id,80,80,0,0,0,0,0,0,80,0,80,0,0,0,0,0,0,80,0,0,0,0,0,0,0,0,0,
auth_identity_endpoint,/<user not set> | GET /v1/:tenant/stack-instances/:id/webshield/mappings/:id/certificate,80,80,0,0,0,0,0,0,80,0,80,0,0,0,0,0,0,80,0,0,0,0,0,0,0,0,0,
auth_identity_endpoint,/<user not set> | GET /v1/:tenant/stack-instances/:id/webspaces/:id/accounts,80,80,0,80,0,0,0,0,0,0,80,0,0,0,0,0,0,80,0,0,0,0,0,0,0,0,0,
auth_identity_endpoint,/<user not set> | GET /v1/:tenant/stack-instances/:id/webspaces/:id/domains,80,80,0,80,0,0,0,0,0,0,80,0,0,0,0,0,0,80,0,0,0,0,0,0,0,0,0,
auth_identity_endpoint,/<user not set> | GET /v1/:tenant/stack-instances/:id/webspaces/:id/locks,80,80,0,80,0,0,0,0,0,0,80,0,0,0,0,0,0,80,0,0,0,0,0,0,0,0,0,
auth_identity_endpoint,/<user not set> | GET /v1/:tenant/stack-instances/:id/webspaces/:id/locks/:id,80,80,0,80,0,0,0,0,0,0,80,0,0,0,0,0,0,80,0,0,0,0,0,0,0,0,0,
auth_identity_endpoint,/<user not set> | PATCH /v1/:tenant/stack-instances/:id/webshield/mappings,80,0,80,0,0,0,0,0,0,80,80,0,0,0,0,0,0,80,0,0,0,0,0,0,0,0,0,
auth_identity_endpoint,/<user not set> | POST /v1/:tenant/stack-instances/:id/databases/:id/accounts,80,0,80,0,0,0,0,0,0,80,80,0,0,0,0,0,0,80,0,0,0,0,0,0,0,0,0,
auth_identity_endpoint,/<user not set> | POST /v1/:tenant/stack-instances/:id/databases/:id/locks,80,0,80,0,0,0,0,0,0,80,80,0,0,0,0,0,0,80,0,0,0,0,0,0,0,0,0,
auth_identity_endpoint,/<user not set> | POST /v1/:tenant/stack-instances/:id/redirects,80,0,80,0,0,0,0,0,0,80,80,0,0,0,0,0,0,80,0,0,0,0,0,0,0,0,0,
auth_identity_endpoint,/<user not set> | POST /v1/:tenant/stack-instances/:id/webshield/:id,80,0,80,0,0,0,0,0,0,80,80,0,0,0,0,0,0,80,0,0,0,0,0,0,0,0,0,
auth_identity_endpoint,/<user not set> | POST /v1/:tenant/stack-instances/:id/webshield/mappings,80,0,80,0,0,0,0,0,0,80,80,0,0,0,0,0,0,80,0,0,0,0,0,0,0,0,0,
auth_identity_endpoint,/<user not set> | POST /v1/:tenant/stack-instances/:id/webspaces/:id/domains,80,0,80,0,80,0,0,0,0,0,80,0,0,0,0,0,0,80,0,0,0,0,0,0,0,0,0,
auth_identity_endpoint,/<user not set> | PUT /v1/:tenant/stack-instances/:id,80,0,80,0,0,0,0,0,0,80,80,0,0,0,0,0,0,80,0,0,0,0,0,0,0,0,0,
auth_identity_endpoint,/<user not set> | PUT /v1/:tenant/stack-instances/:id/databases/:id,80,0,80,0,0,0,0,0,0,80,80,0,0,0,0,0,0,80,0,0,0,0,0,0,0,0,0,
auth_identity_endpoint,/<user not set> | PUT /v1/:tenant/stack-instances/:id/databases/:id/accounts/:id,80,0,80,0,0,0,0,0,0,80,80,0,0,0,0,0,0,80,0,0,0,0,0,0,0,0,0,
auth_identity_endpoint,/<user not set> | PUT /v1/:tenant/stack-instances/:id/redirects/:id,80,0,80,0,0,0,0,0,0,80,80,0,0,0,0,0,0,80,0,0,0,0,0,0,0,0,0,
auth_identity_endpoint,/<user not set> | PUT /v1/:tenant/stack-instances/:id/webshield/mappings,80,0,80,0,0,0,0,0,0,80,80,0,0,0,0,0,0,80,0,0,0,0,0,0,0,0,0,
auth_identity_endpoint,/<user not set> | PUT /v1/:tenant/stack-instances/:id/webspaces/:id/accounts/:id,80,0,80,0,80,0,0,0,0,0,80,0,0,0,0,0,0,80,0,0,0,0,0,0,0,0,0,
auth_identity_endpoint,/<user not set> | PUT /v1/:tenant/stack-instances/:id/webspaces/:id/domains/:id,80,0,80,0,80,0,0,0,0,0,80,0,0,0,0,0,0,80,0,0,0,0,0,0,0,0,0,
auth_identity_endpoint,/<user not set> | PUT /v1/:tenant/verify-domain/:id,80,0,80,0,0,0,0,0,0,80,80,0,0,0,0,0,0,80,0,0,0,0,0,0,0,0,0,
auth_identity_endpoint,base_homepl/photnhomepl1prd | GET /v1/:tenant/stack-instances/:id/stretchspaces/:id/domains,80,80,0,0,0,0,0,0,80,0,0,0,0,0,0,80,0,0,0,0,0,0,0,0,0,0,0,
auth_identity_endpoint,qa_whic/phowhicprd | GET /v1/:tenant/stack-instances/:id/web-analytics-profiles,80,80,0,0,0,0,0,0,80,0,16,64,0,0,0,0,0,0,0,16,0,0,0,0,0,0,0,
auth_identity_endpoint,sandbox_qa_whic/phosstackcleanupprd | DELETE /v1/:tenant/stack-instances/:id,80,0,80,0,0,0,0,0,0,80,0,0,0,0,80,0,0,0,0,0,0,0,0,0,0,0,0,
auth_identity_endpoint,trial_strato/phosmwpstrasndbprd | POST /v1/:tenant/stack-instances/:id/stretchspaces/:id/accounts,80,0,80,0,0,0,0,0,0,80,62,0,0,18,0,0,0,0,0,62,0,0,0,0,0,0,0,
auth_identity_endpoint,OneAndOne/phosmwpionosprdbap | GET /v1/:tenant/stack-instances/:id/webspaces/:id/domains,79,79,0,79,0,0,0,0,0,0,0,0,0,0,0,79,0,0,0,0,0,0,0,0,0,0,0,
auth_identity_endpoint,sandbox_qa_whic/phowhicprd | PUT /v1/:tenant/stack-instances/:id/webspaces/:id,78,0,78,0,78,0,0,0,0,0,60,0,0,18,0,0,52,0,8,0,0,0,0,0,0,0,0,
auth_identity_endpoint,base_homepl/phosmwphomeplbap | POST /v1/:tenant/stack-instances/:id/databases/:id/accounts,77,0,77,0,0,0,0,0,0,77,0,0,0,77,0,0,0,0,0,0,0,0,0,0,0,0,0,
auth_identity_endpoint,dnd_qa_whic/phowhicprd | PUT /v1/:tenant/stack-instances/:id/webspaces/:id/accounts/:id,77,0,77,0,77,0,0,0,0,0,0,7,0,70,0,0,0,0,0,0,0,0,0,0,0,0,0,
auth_identity_endpoint,sandbox_qa_whic/phowhicprd | GET /v1/:tenant/stack-instances/:id/webspaces/:id/accounts/:id,76,76,0,76,0,0,0,0,0,0,64,12,0,0,0,0,0,0,8,56,0,0,0,0,0,0,0,
auth_identity_endpoint,base_homepl/phosmwphomeplprd | GET /v1/:tenant/stack-instances/:id/databases/:id,74,74,0,0,0,0,0,0,74,0,0,74,0,0,0,0,0,0,0,0,0,0,0,0,0,0,0,
auth_identity_endpoint,base_homepl/photnhomepl1prd | PUT /v1/:tenant/stack-instances/:id/stretchspaces/:id,74,0,74,0,0,0,0,0,0,74,0,0,0,74,0,0,0,0,0,0,0,0,0,0,0,0,0,
auth_identity_endpoint,base_piensa/ppiensawaaspro | POST /v1/:tenant/stack-instances/:id/stretchspaces/:id/domains,74,0,74,0,0,0,0,0,0,74,0,6,0,68,0,0,0,0,0,0,0,0,0,0,0,0,0,
auth_identity_endpoint,base_homepl/phosmwphomeplprd | POST /v1/:tenant/stack-instances/:id/stretchspaces/:id/domains,73,0,73,0,0,0,0,0,0,73,0,1,0,72,0,0,0,0,0,0,0,0,0,0,0,0,0,
auth_identity_endpoint,sandbox_udag/phosmwpudagsndbbap | PUT /v1/:tenant/eventing/notifications/history/pointer/:id,73,0,73,0,0,0,73,0,0,0,0,0,0,0,73,0,0,0,0,0,0,0,0,0,0,0,0,
auth_identity_endpoint,base_arsys/parsyswaaspro | GET /v1/:tenant/stack-instances/:id/stretchspaces/:id/accounts/:id,72,72,0,0,0,0,0,0,72,0,0,72,0,0,0,0,0,0,0,0,0,0,0,0,0,0,0,
auth_identity_endpoint,base_piensa/phosmwppiensaprdbap | POST /v1/:tenant/stack-instances/:id/databases/:id/accounts,72,0,72,0,0,0,0,0,0,72,0,0,0,72,0,0,0,0,0,0,0,0,0,0,0,0,0,
auth_identity_endpoint,UDAG/photnwudagprd | PUT /v1/:tenant/stack-instances/:id/webspaces/:id,71,0,71,0,71,0,0,0,0,0,0,0,0,71,0,0,0,0,0,0,0,0,0,0,0,0,0,
auth_identity_endpoint,base_arsys/phosmwpsysprd | GET /v1/:tenant/stack-instances/:id/databases/:id,71,71,0,0,0,0,0,0,71,0,0,71,0,0,0,0,0,0,0,0,0,0,0,0,0,0,0,
auth_identity_endpoint,gitspace_oneandone/pbtionosspaceprod | POST /v1/:tenant/stack-instances,71,0,71,0,0,0,0,0,0,71,0,0,71,0,0,0,0,0,0,0,0,0,0,0,0,0,0,
auth_identity_endpoint,base_homepl/phosmwphomeplprd | DELETE /v1/:tenant/stack-instances/:id/stretchspaces/:id/domains/:id,70,0,70,0,0,0,0,0,0,70,2,0,0,68,0,0,0,0,0,2,0,0,0,0,0,0,0,
auth_identity_endpoint,base_piensa/ppiensawaaspro | GET /v1/:tenant/stack-instances/:id/databases/:id/accounts,69,69,0,0,0,0,0,0,69,0,0,0,0,0,0,69,0,0,0,0,0,0,0,0,0,0,0,
auth_identity_endpoint,sandbox_udag/phosmwpudagsndbprd | PUT /v1/:tenant/eventing/notifications/history/pointer/:id,69,0,69,0,0,0,69,0,0,0,0,0,0,0,69,0,0,0,0,0,0,0,0,0,0,0,0,
auth_identity_endpoint,UDAG/phosmwpudagprdbap | POST /v1/:tenant/stack-instances/:id/databases/:id/accounts,68,0,68,0,0,0,0,0,0,68,0,0,0,68,0,0,0,0,0,0,0,0,0,0,0,0,0,
auth_identity_endpoint,base_piensa/phosmwppiensaprdbap | POST /v1/:tenant/stack-instances/:id/stretchspaces/:id/domains,68,0,68,0,0,0,0,0,0,68,0,0,0,68,0,0,0,0,0,0,0,0,0,0,0,0,0,
auth_identity_endpoint,qa_whic/phowhicprd | DELETE /v1/:tenant/stack-instances/:id/webshield/:id/:id,68,0,68,0,0,0,0,0,0,68,34,0,0,34,0,0,0,0,8,0,26,0,0,0,0,0,0,
auth_identity_endpoint,qa_whic/phowhicprd | GET /v1/:tenant/stack-instances/:id/webshield/:id,68,68,0,0,0,0,0,0,68,0,8,60,0,0,0,0,0,0,8,0,0,0,0,0,0,0,0,
auth_identity_endpoint,qa_whic/phowhicprd | PUT /v1/:tenant/stack-instances/:id/web-analytics-profiles/:id,68,0,68,0,0,0,0,0,0,68,16,52,0,0,0,0,0,0,0,16,0,0,0,0,0,0,0,
auth_identity_endpoint,base_arsys/phosmwpsysbap | POST /v1/:tenant/stack-instances/:id/stretchspaces/:id/domains,67,0,67,0,0,0,0,0,0,67,0,1,0,66,0,0,0,0,0,0,0,0,0,0,0,0,0,
auth_identity_endpoint,base_piensa/ppiensawaaspro | POST /v1/:tenant/stack-instances/:id/stretchspaces/:id/accounts,67,0,67,0,0,0,0,0,0,67,1,0,0,66,0,0,0,0,0,0,0,0,0,0,0,1,0,
auth_identity_endpoint,UDAG/phosmwpudagprd | POST /v1/:tenant/stack-instances/:id/stretchspaces/:id/domains,66,0,66,0,0,0,0,0,0,66,0,0,0,66,0,0,0,0,0,0,0,0,0,0,0,0,0,
auth_identity_endpoint,/phowhicprd | GET /v1/:tenant/stack-instances/:id,64,64,0,0,0,0,0,0,64,0,64,0,0,0,0,0,64,0,0,0,0,0,0,0,0,0,0,
auth_identity_endpoint,OneAndOne/phosmwpionosprd | DELETE /v1/:tenant/stack-instances/:id,64,0,64,0,0,0,0,0,0,64,0,0,0,0,64,0,0,0,0,0,0,0,0,0,0,0,0,
auth_identity_endpoint,base_fasthosts/pfhhostingprod | GET /v1/:tenant/stack-instances/:id/stretchspaces/:id/locks,64,64,0,0,0,0,0,0,64,0,0,64,0,0,0,0,0,0,0,0,0,0,0,0,0,0,0,
auth_identity_endpoint,base_homepl/photnhomepl1prd | POST /v1/:tenant/stack-instances/:id/stretchspaces/:id/accounts,64,0,64,0,0,0,0,0,0,64,0,0,0,64,0,0,0,0,0,0,0,0,0,0,0,0,0,
auth_identity_endpoint,sandbox_qa_whic/phowhicprd | GET /v1/:tenant/stack-instances/:id/webspaces/:id/domains,64,64,0,64,0,0,0,0,0,0,56,0,0,0,0,8,0,0,8,48,0,0,0,0,0,0,0,
auth_identity_endpoint,qa_whic/phowhicprd | PUT /v1/:tenant/stack-instances/:id/webshield/mappings/:id/:id/:id,63,0,63,0,0,0,0,0,0,63,8,0,0,0,55,0,0,0,8,0,0,0,0,0,0,0,0,
auth_identity_endpoint,sandbox_qa_whic/phowhicprd | POST /v1/:tenant/stack-instances/:id/databases/:id/accounts,63,0,63,0,0,0,0,0,0,63,22,0,0,41,0,0,14,0,8,0,0,0,0,0,0,0,0,
auth_identity_endpoint,base_homepl/phosmwphomeplbap | POST /v1/:tenant/stack-instances/:id/stretchspaces/:id/domains,62,0,62,0,0,0,0,0,0,62,0,1,0,61,0,0,0,0,0,0,0,0,0,0,0,0,0,
auth_identity_endpoint,base_worldforyou/photnw4ywaasprod | DELETE /v1/:tenant/stack-instances/:id/stretchspaces/:id/domains/:id,61,0,61,0,0,0,0,0,0,61,0,0,0,61,0,0,0,0,0,0,0,0,0,0,0,0,0,
auth_identity_endpoint,/parsyswaaspro | GET /api/v1/health,60,60,0,0,0,0,0,60,0,0,0,60,0,0,0,0,0,0,0,0,0,0,0,0,0,0,0,
auth_identity_endpoint,base_homepl/phosmwphomeplbap | POST /v1/:tenant/stack-instances/:id/redirects,60,0,60,0,0,0,0,0,0,60,0,0,0,60,0,0,0,0,0,0,0,0,0,0,0,0,0,
auth_identity_endpoint,UDAG/photnwudagprd | DELETE /v1/:tenant/stack-instances/:id,59,0,59,0,0,0,0,0,0,59,0,0,0,0,59,0,0,0,0,0,0,0,0,0,0,0,0,
auth_identity_endpoint,UDAG/photnwudagprd | DELETE /v1/:tenant/stack-instances/:id/webspaces/:id,59,0,59,0,59,0,0,0,0,0,0,0,0,59,0,0,0,0,0,0,0,0,0,0,0,0,0,
auth_identity_endpoint,gitspace_oneandone/pbtionosspaceprod | DELETE /v1/:tenant/stack-instances/:id/webspaces/:id/domains/:id,59,0,59,0,59,0,0,0,0,0,4,0,0,55,0,0,0,0,0,4,0,0,0,0,0,0,0,
auth_identity_endpoint,Domains/photlwaascheckprd | GET /v1/:tenant/stack-instances/:id,58,58,0,0,0,0,0,0,58,0,0,58,0,0,0,0,0,0,0,0,0,0,0,0,0,0,0,
auth_identity_endpoint,base_homepl/phosmwphomeplprd | POST /v1/:tenant/stack-instances/:id/redirects,58,0,58,0,0,0,0,0,0,58,0,0,0,58,0,0,0,0,0,0,0,0,0,0,0,0,0,
auth_identity_endpoint,base_webde/phosmwpwebdeprd | GET /v1/:tenant/stack-instances/:id/webspaces/:id/domains/:id,58,58,0,58,0,0,0,0,0,0,0,58,0,0,0,0,0,0,0,0,0,0,0,0,0,0,0,
auth_identity_endpoint,gitspace_oneandone/pbtionosspaceprod | DELETE /v1/:tenant/stack-instances/:id/webspaces/:id,58,0,58,0,58,0,0,0,0,0,0,0,0,58,0,0,0,0,0,0,0,0,0,0,0,0,0,
auth_identity_endpoint,UDAG/phosmwpudagprdbap | DELETE /v1/:tenant/stack-instances/:id/stretchspaces/:id/domains/:id,57,0,57,0,0,0,0,0,0,57,3,0,0,54,0,0,0,0,0,3,0,0,0,0,0,0,0,
auth_identity_endpoint,base_gmxde/phosmwpgmxprdbap | GET /v1/:tenant/stack-instances/:id/webspaces/:id/domains/:id,57,57,0,57,0,0,0,0,0,0,0,57,0,0,0,0,0,0,0,0,0,0,0,0,0,0,0,
auth_identity_endpoint,base_homepl/phosmwphomeplbap | DELETE /v1/:tenant/stack-instances/:id/stretchspaces/:id/domains/:id,57,0,57,0,0,0,0,0,0,57,1,0,0,56,0,0,0,0,0,1,0,0,0,0,0,0,0,
auth_identity_endpoint,base_webde/phosmwpwebdeprdbap | GET /v1/:tenant/stack-instances/:id/webspaces/:id/domains/:id,57,57,0,57,0,0,0,0,0,0,0,57,0,0,0,0,0,0,0,0,0,0,0,0,0,0,0,
auth_identity_endpoint,WhicQAdnd/phowhicdndprd | GET /v1/:tenant/stack-instances/:id/webspaces/:id,56,56,0,56,0,0,0,0,0,0,0,56,0,0,0,0,0,0,0,0,0,0,0,0,0,0,0,
auth_identity_endpoint,base_arsys/phosmwpsysprd | POST /v1/:tenant/stack-instances/:id/stretchspaces/:id/domains,56,0,56,0,0,0,0,0,0,56,0,2,0,54,0,0,0,0,0,0,0,0,0,0,0,0,0,
auth_identity_endpoint,base_gmxde/phosmwpgmxprd | GET /v1/:tenant/stack-instances/:id/webspaces/:id/domains/:id,56,56,0,56,0,0,0,0,0,0,0,56,0,0,0,0,0,0,0,0,0,0,0,0,0,0,0,
auth_identity_endpoint,base_worldforyou/photnw4ywaasprod | GET /v1/:tenant/stack-instances/:id/stretchspaces/:id/domains/:id,56,56,0,0,0,0,0,0,56,0,6,50,0,0,0,0,0,0,0,6,0,0,0,0,0,0,0,
auth_identity_endpoint,dnd_qa_whic/phowhicprd | GET /v1/:tenant/stack-instances/:id/webspaces/:id/accounts/:id,56,56,0,56,0,0,0,0,0,0,0,56,0,0,0,0,0,0,0,0,0,0,0,0,0,0,0,
auth_identity_endpoint,dnd_qa_whic/phowhicprd | POST /v1/:tenant/stack-instances/:id/databases,56,0,56,0,0,0,0,0,0,56,0,0,0,56,0,0,0,0,0,0,0,0,0,0,0,0,0,
auth_identity_endpoint,qa_whic/phowhicprd | DELETE /v1/:tenant/stack-instances/:id/redirects/:id,55,0,55,0,0,0,0,0,0,55,8,0,0,47,0,0,0,0,8,0,0,0,0,0,0,0,0,
auth_identity_endpoint,qa_whic/phowhicprd | DELETE /v1/:tenant/stack-instances/:id/web-analytics-profiles/:id,55,0,55,0,0,0,0,0,0,55,29,0,0,0,26,0,0,0,0,16,13,0,0,0,0,0,0,
auth_identity_endpoint,base_fasthosts/pfhhostingprod | DELETE /v1/:tenant/stack-instances/:id/webspaces/:id/locks/:id,54,0,54,0,54,0,0,0,0,0,1,0,0,53,0,0,0,0,0,1,0,0,0,0,0,0,0,
auth_identity_endpoint,base_arsys/parsyswaaspro | GET /v1/:tenant/stack-instances/:id/databases/:id/accounts,53,53,0,0,0,0,0,0,53,0,0,0,0,0,0,53,0,0,0,0,0,0,0,0,0,0,0,
auth_identity_endpoint,base_arsys/phosmwpsysbap | POST /v1/:tenant/stack-instances/:id/databases/:id/accounts,53,0,53,0,0,0,0,0,0,53,0,0,0,53,0,0,0,0,0,0,0,0,0,0,0,0,0,
auth_identity_endpoint,base_arsys/parsyswaaspro | DELETE /v1/:tenant/stack-instances/:id/stretchspaces/:id/domains/:id,52,0,52,0,0,0,0,0,0,52,0,0,0,52,0,0,0,0,0,0,0,0,0,0,0,0,0,
auth_identity_endpoint,base_piensa/phosmwppiensaprd | POST /v1/:tenant/stack-instances/:id/stretchspaces/:id/domains,52,0,52,0,0,0,0,0,0,52,0,0,0,52,0,0,0,0,0,0,0,0,0,0,0,0,0,
auth_identity_endpoint,base_piensa/phosmwppiensaprdbap | GET /v1/:tenant/stack-instances/:id/webshield/public-ips,52,52,0,0,0,0,0,0,52,0,0,52,0,0,0,0,0,0,0,0,0,0,0,0,0,0,0,
auth_identity_endpoint,base_piensa/phosmwppiensaprdbap | POST /v1/:tenant/stack-instances,52,0,52,0,0,0,0,0,0,52,0,0,52,0,0,0,0,0,0,0,0,0,0,0,0,0,0,
auth_identity_endpoint,base_piensa/phosmwppiensaprdbap | POST /v1/:tenant/stack-instances/:id/stretchspaces,52,0,52,0,0,0,0,0,0,52,0,0,0,52,0,0,0,0,0,0,0,0,0,0,0,0,0,
auth_identity_endpoint,qa_whic/phowhicadminmwprd | DELETE /v1/:tenant/stack-instances/:id,52,0,52,0,0,0,0,0,0,52,52,0,0,0,0,0,0,0,52,0,0,0,0,0,0,0,0,
auth_identity_endpoint,qa_whic/phowhicprd | PUT /v1/:tenant/stack-instances/:id/webshield/mappings/:id/:id,52,0,52,0,0,0,0,0,0,52,0,0,0,52,0,0,0,0,0,0,0,0,0,0,0,0,0,
auth_identity_endpoint,UDAG/phosmwpudagprdbap | POST /v1/:tenant/stack-instances/:id/stretchspaces/:id/domains,51,0,51,0,0,0,0,0,0,51,0,0,0,51,0,0,0,0,0,0,0,0,0,0,0,0,0,
auth_identity_endpoint,base_arsys/phosmwpsysbap | DELETE /v1/:tenant/stack-instances/:id/stretchspaces/:id/domains/:id,51,0,51,0,0,0,0,0,0,51,15,0,0,36,0,0,0,0,0,15,0,0,0,0,0,0,0,
auth_identity_endpoint,base_fasthosts/pfhhostingprod | GET /v1/:tenant/stack-instances/:id/webspaces/:id/locks,51,51,0,51,0,0,0,0,0,0,7,44,0,0,0,0,0,0,0,0,0,0,0,0,0,7,0,
auth_identity_endpoint,base_piensa/phosmwppiensaprdbap | PUT /v1/:tenant/stack-instances/:id/stretchspaces/:id,51,0,51,0,0,0,0,0,0,51,0,0,0,51,0,0,0,0,0,0,0,0,0,0,0,0,0,
auth_identity_endpoint,gitspace_oneandone/pbtionosspaceprod | DELETE /v1/:tenant/stack-instances/:id,51,0,51,0,0,0,0,0,0,51,0,0,0,0,51,0,0,0,0,0,0,0,0,0,0,0,0,
auth_identity_endpoint,qa_whic/phowhicprd | DELETE /v1/:tenant/stack-instances/:id/databases/:id/locks/:id,51,0,51,0,0,0,0,0,0,51,16,0,0,35,0,0,0,0,8,8,0,0,0,0,0,0,0,
auth_identity_endpoint,sandbox_qa_whic/phowhicprd | PUT /v1/:tenant/verify-domain/:id,51,0,51,0,0,0,0,0,0,51,51,0,0,0,0,0,0,0,8,43,0,0,0,0,0,0,0,
auth_identity_endpoint,OneAndOne/pwhpsswaasprod | GET /v1/:tenant/stack-instances/:id/webshield/mappings/:id,50,50,0,0,0,0,0,0,50,0,14,36,0,0,0,0,0,0,0,14,0,0,0,0,0,0,0,
auth_identity_endpoint,base_fasthosts/phosmwpfasthprdbap | GET /v1/:tenant/stack-instances/:id/webspaces/:id/accounts/:id,50,50,0,50,0,0,0,0,0,0,0,50,0,0,0,0,0,0,0,0,0,0,0,0,0,0,0,
auth_identity_endpoint,sandbox_qa_whic/phowhicprd | GET /v1/:tenant/stack-instances/:id/webshield/mappings/:id,50,50,0,0,0,0,0,0,50,0,8,42,0,0,0,0,0,0,8,0,0,0,0,0,0,0,0,
auth_identity_endpoint,base_piensa/phosmwppiensaprdbap | POST /v1/:tenant/stack-instances/:id/databases,49,0,49,0,0,0,0,0,0,49,0,0,0,49,0,0,0,0,0,0,0,0,0,0,0,0,0,
auth_identity_endpoint,/phowhicprd | GET /v1/:tenant/stack-instances/:id/redirects/:id,48,48,0,0,0,0,0,0,48,0,48,0,0,0,0,0,48,0,0,0,0,0,0,0,0,0,0,
auth_identity_endpoint,base_fasthosts/pfhhostingprod | GET /v1/:tenant/stack-instances/:id/databases/:id/accounts/:id,48,48,0,0,0,0,0,0,48,0,0,48,0,0,0,0,0,0,0,0,0,0,0,0,0,0,0,
auth_identity_endpoint,base_piensa/phosmwppiensaprd | POST /v1/:tenant/stack-instances/:id/databases,44,0,44,0,0,0,0,0,0,44,0,0,0,44,0,0,0,0,0,0,0,0,0,0,0,0,0,
auth_identity_endpoint,base_webde/phosmamdomprd | GET /v1/:tenant/stack-instances/:id/webshield/mappings/:id,44,44,0,0,0,0,0,0,44,0,2,42,0,0,0,0,0,0,0,2,0,0,0,0,0,0,0,
auth_identity_endpoint,UDAG/phosmwpudagprd | POST /v1/:tenant/stack-instances/:id/redirects,42,0,42,0,0,0,0,0,0,42,0,0,0,42,0,0,0,0,0,0,0,0,0,0,0,0,0,
auth_identity_endpoint,base_piensa/phosmwppiensaprd | PUT /v1/:tenant/stack-instances/:id/stretchspaces/:id,42,0,42,0,0,0,0,0,0,42,0,0,0,42,0,0,0,0,0,0,0,0,0,0,0,0,0,
auth_identity_endpoint,dnd_qa_whic/phowhicprd | GET /v1/:tenant/stack-instances/:id/stretchspaces/:id/accounts/:id,42,42,0,0,0,0,0,0,42,0,0,42,0,0,0,0,0,0,0,0,0,0,0,0,0,0,0,
auth_identity_endpoint,dnd_qa_whic/phowhicprd | PUT /v1/:tenant/stack-instances/:id/stretchspaces/:id/accounts/:id,42,0,42,0,0,0,0,0,0,42,0,0,0,42,0,0,0,0,0,0,0,0,0,0,0,0,0,
auth_identity_endpoint,qa_whic/phowhicprd | GET /v1/:tenant/stack-instances/:id/webshield/:id/:id,42,42,0,0,0,0,0,0,42,0,29,13,0,0,0,0,0,0,8,21,0,0,0,0,0,0,0,
auth_identity_endpoint,sandbox_qa_whic/phowhicprd | GET /v1/:tenant/stack-instances,42,42,0,0,0,0,0,0,42,0,16,0,0,0,0,26,0,0,8,0,0,8,0,0,0,0,0,
auth_identity_endpoint,UDAG/phosmwpudagprd | POST /v1/:tenant/stack-instances/:id/databases,41,0,41,0,0,0,0,0,0,41,0,0,0,41,0,0,0,0,0,0,0,0,0,0,0,0,0,
auth_identity_endpoint,base_arsys/phosmwpsysprd | DELETE /v1/:tenant/stack-instances/:id/stretchspaces/:id/domains/:id,41,0,41,0,0,0,0,0,0,41,6,0,0,35,0,0,0,0,0,6,0,0,0,0,0,0,0,
auth_identity_endpoint,base_homepl/phosmwphomeplprd | POST /v1/:tenant/stack-instances/:id/databases,41,0,41,0,0,0,0,0,0,41,0,0,0,41,0,0,0,0,0,0,0,0,0,0,0,0,0,
auth_identity_endpoint,base_piensa/phosmwppiensaprd | GET /v1/:tenant/stack-instances/:id/webshield/public-ips,41,41,0,0,0,0,0,0,41,0,0,41,0,0,0,0,0,0,0,0,0,0,0,0,0,0,0,
auth_identity_endpoint,base_piensa/phosmwppiensaprd | POST /v1/:tenant/stack-instances,41,0,41,0,0,0,0,0,0,41,0,0,41,0,0,0,0,0,0,0,0,0,0,0,0,0,0,
auth_identity_endpoint,base_piensa/phosmwppiensaprd | POST /v1/:tenant/stack-instances/:id/stretchspaces,41,0,41,0,0,0,0,0,0,41,0,0,0,41,0,0,0,0,0,0,0,0,0,0,0,0,0,
auth_identity_endpoint,trial_sfs/photnsfstrialprd | GET /v1/:tenant/:id,41,41,0,0,0,0,0,0,41,0,0,41,0,0,0,0,0,0,0,0,0,0,0,0,0,0,0,
auth_identity_endpoint,base_arsys/parsyswaaspro | DELETE /v1/:tenant/stack-instances/:id/stretchspaces/:id/locks/:id,40,0,40,0,0,0,0,0,0,40,35,0,0,5,0,0,0,0,0,35,0,0,0,0,0,0,0,
auth_identity_endpoint,base_arsys/phosmwpsysbap | POST /v1/:tenant/stack-instances/:id/databases,40,0,40,0,0,0,0,0,0,40,0,0,0,40,0,0,0,0,0,0,0,0,0,0,0,0,0,
auth_identity_endpoint,base_arsys/phosmwpsysprd | PUT /v1/:tenant/stack-instances/:id/stretchspaces/:id,40,0,40,0,0,0,0,0,0,40,0,0,0,40,0,0,0,0,0,0,0,0,0,0,0,0,0,
auth_identity_endpoint,base_homepl/phosmwphomeplbap | PUT /v1/:tenant/stack-instances/:id/stretchspaces/:id,40,0,40,0,0,0,0,0,0,40,0,0,0,40,0,0,0,0,0,0,0,0,0,0,0,0,0,
auth_identity_endpoint,sandbox_qa_whic/phowhicprd | POST /v1/:tenant/stack-instances/:id/webspaces/:id/accounts,40,0,40,0,40,0,0,0,0,0,22,0,0,18,0,0,14,0,8,0,0,0,0,0,0,0,0,
auth_identity_endpoint,base_fasthosts/phosmwpfasthprdbap | PUT /v1/:tenant/stack-instances/:id/webspaces/:id,39,0,39,0,39,0,0,0,0,0,0,12,0,27,0,0,0,0,0,0,0,0,0,0,0,0,0,
auth_identity_endpoint,base_homepl/phosmwphomeplprd | DELETE /v1/:tenant/stack-instances/:id/redirects/:id,39,0,39,0,0,0,0,0,0,39,0,0,0,39,0,0,0,0,0,0,0,0,0,0,0,0,0,
auth_identity_endpoint,base_piensa/phosmwppiensaprd | DELETE /v1/:tenant/stack-instances/:id/stretchspaces/:id/domains/:id,39,0,39,0,0,0,0,0,0,39,11,0,0,28,0,0,0,0,0,11,0,0,0,0,0,0,0,
auth_identity_endpoint,base_webde/phosmamdomprd | POST /v1/:tenant/stack-instances/:id/webspaces/:id/accounts,39,0,39,0,39,0,0,0,0,0,0,0,0,39,0,0,0,0,0,0,0,0,0,0,0,0,0,
auth_identity_endpoint,qa_whic/phowhicprd | GET /v1/:tenant/stack-instances/:id/webshield/mappings/:id/:id,39,39,0,0,0,0,0,0,39,0,26,13,0,0,0,0,0,0,0,26,0,0,0,0,0,0,0,
auth_identity_endpoint,trial_sfs/photnsfstrialprd | POST /v1/:tenant/stack-instances,39,0,39,0,0,0,0,0,0,39,0,0,39,0,0,0,0,0,0,0,0,0,0,0,0,0,0,
auth_identity_endpoint,base_arsys/parsyswaaspro | PUT /v1/:tenant/stack-instances/:id/stretchspaces/:id/domains/:id,38,0,38,0,0,0,0,0,0,38,0,26,0,12,0,0,0,0,0,0,0,0,0,0,0,0,0,
auth_identity_endpoint,base_arsys/phosmwpsysbap | GET /v1/:tenant/stack-instances/:id/webshield/public-ips,38,38,0,0,0,0,0,0,38,0,0,38,0,0,0,0,0,0,0,0,0,0,0,0,0,0,0,
auth_identity_endpoint,base_arsys/phosmwpsysbap | POST /v1/:tenant/stack-instances,38,0,38,0,0,0,0,0,0,38,0,0,38,0,0,0,0,0,0,0,0,0,0,0,0,0,0,
auth_identity_endpoint,base_arsys/phosmwpsysbap | POST /v1/:tenant/stack-instances/:id/stretchspaces,38,0,38,0,0,0,0,0,0,38,0,0,0,38,0,0,0,0,0,0,0,0,0,0,0,0,0,
auth_identity_endpoint,base_gmxde/phosmamdomprd | PUT /v1/:tenant/stack-instances/:id/databases/:id/accounts/:id,38,0,38,0,0,0,0,0,0,38,0,0,0,38,0,0,0,0,0,0,0,0,0,0,0,0,0,
auth_identity_endpoint,base_homepl/phosmwphomeplprd | GET /v1/:tenant/stack-instances/:id/webshield/public-ips,38,38,0,0,0,0,0,0,38,0,0,38,0,0,0,0,0,0,0,0,0,0,0,0,0,0,0,
auth_identity_endpoint,base_homepl/phosmwphomeplprd | POST /v1/:tenant/stack-instances,38,0,38,0,0,0,0,0,0,38,0,0,38,0,0,0,0,0,0,0,0,0,0,0,0,0,0,
auth_identity_endpoint,base_homepl/phosmwphomeplprd | POST /v1/:tenant/stack-instances/:id/stretchspaces,38,0,38,0,0,0,0,0,0,38,0,0,0,38,0,0,0,0,0,0,0,0,0,0,0,0,0,
auth_identity_endpoint,base_homepl/phosmwphomeplprd | PUT /v1/:tenant/stack-instances/:id/stretchspaces/:id,38,0,38,0,0,0,0,0,0,38,0,0,0,38,0,0,0,0,0,0,0,0,0,0,0,0,0,
auth_identity_endpoint,base_webde/phosmamdomprd | GET /v1/:tenant/stack-instances/:id/redirects/:id,38,38,0,0,0,0,0,0,38,0,2,36,0,0,0,0,0,0,0,2,0,0,0,0,0,0,0,
auth_identity_endpoint,base_homepl/phosmwphomeplbap | GET /v1/:tenant/stack-instances/:id/webshield/public-ips,37,37,0,0,0,0,0,0,37,0,0,37,0,0,0,0,0,0,0,0,0,0,0,0,0,0,0,
auth_identity_endpoint,base_homepl/phosmwphomeplbap | POST /v1/:tenant/stack-instances,37,0,37,0,0,0,0,0,0,37,0,0,37,0,0,0,0,0,0,0,0,0,0,0,0,0,0,
auth_identity_endpoint,base_homepl/phosmwphomeplbap | POST /v1/:tenant/stack-instances/:id/stretchspaces,37,0,37,0,0,0,0,0,0,37,0,0,0,37,0,0,0,0,0,0,0,0,0,0,0,0,0,
auth_identity_endpoint,base_piensa/ppiensawaaspro | GET /v1/:tenant/stack-instances/:id/stretchspaces/:id/accounts/:id,37,37,0,0,0,0,0,0,37,0,0,37,0,0,0,0,0,0,0,0,0,0,0,0,0,0,0,
auth_identity_endpoint,base_piensa/ppiensawaaspro | PUT /v1/:tenant/stack-instances/:id/stretchspaces/:id/domains/:id,37,0,37,0,0,0,0,0,0,37,0,15,0,22,0,0,0,0,0,0,0,0,0,0,0,0,0,
auth_identity_endpoint,UDAG/phosmwpudagprdbap | PUT /v1/:tenant/stack-instances/:id/stretchspaces/:id,36,0,36,0,0,0,0,0,0,36,0,0,0,36,0,0,0,0,0,0,0,0,0,0,0,0,0,
auth_identity_endpoint,base_arsys/phosmwpsysprd | GET /v1/:tenant/stack-instances/:id/webshield/public-ips,36,36,0,0,0,0,0,0,36,0,0,36,0,0,0,0,0,0,0,0,0,0,0,0,0,0,0,
auth_identity_endpoint,base_arsys/phosmwpsysprd | POST /v1/:tenant/stack-instances,36,0,36,0,0,0,0,0,0,36,0,0,36,0,0,0,0,0,0,0,0,0,0,0,0,0,0,
auth_identity_endpoint,base_arsys/phosmwpsysprd | POST /v1/:tenant/stack-instances/:id/stretchspaces,36,0,36,0,0,0,0,0,0,36,0,0,0,36,0,0,0,0,0,0,0,0,0,0,0,0,0,
auth_identity_endpoint,base_webde/phosmamdomprd | PUT /v1/:tenant/stack-instances/:id/databases/:id/accounts/:id,36,0,36,0,0,0,0,0,0,36,0,0,0,36,0,0,0,0,0,0,0,0,0,0,0,0,0,
auth_identity_endpoint,qa_whic/phowhicprd | GET /v1/:tenant/redirect-farm,36,36,0,0,0,0,0,0,36,0,0,36,0,0,0,0,0,0,0,0,0,0,0,0,0,0,0,
auth_identity_endpoint,sandbox_homepl/phosmwphoplsndbbap | POST /v1/:tenant/stack-instances/:id/stretchspaces/:id/accounts,36,0,36,0,0,0,0,0,0,36,36,0,0,0,0,0,0,0,0,36,0,0,0,0,0,0,0,
auth_identity_endpoint,sandbox_mws8_oneandone/photniomwsprod | GET /v1/:tenant/stack-instances/:id/webspaces/:id,36,36,0,36,0,0,0,0,0,0,0,36,0,0,0,0,0,0,0,0,0,0,0,0,0,0,0,
auth_identity_endpoint,sandbox_mws8_oneandone/photniomwsprod | GET /v1/:tenant/stack-instances/:id/webspaces/:id/accounts/:id,36,36,0,36,0,0,0,0,0,0,0,36,0,0,0,0,0,0,0,0,0,0,0,0,0,0,0,
auth_identity_endpoint,sandbox_mws8_oneandone/photniomwsprod | POST /v1/:tenant/stack-instances/:id/webspaces/:id/accounts,36,0,36,0,36,0,0,0,0,0,0,0,0,36,0,0,0,0,0,0,0,0,0,0,0,0,0,
auth_identity_endpoint,trial_sfs/photnsfstrialprd | GET /v1/:tenant/stack-instances/:id/webshield/cdn-ips,36,36,0,0,0,0,0,0,36,0,0,36,0,0,0,0,0,0,0,0,0,0,0,0,0,0,0,
auth_identity_endpoint,trial_sfs/photnsfstrialprd | PATCH /v1/:tenant/stack-instances/:id/webshield/mappings,36,0,36,0,0,0,0,0,0,36,0,0,0,36,0,0,0,0,0,0,0,0,0,0,0,0,0,
auth_identity_endpoint,OneAndOne/pwhpsswaasprod | GET /v1/:tenant/stack-instances/:id,35,35,0,0,0,0,0,0,35,0,0,35,0,0,0,0,0,0,0,0,0,0,0,0,0,0,0,
auth_identity_endpoint,UDAG/phosmwpudagprdbap | GET /v1/:tenant/stack-instances/:id/webshield/public-ips,35,35,0,0,0,0,0,0,35,0,0,35,0,0,0,0,0,0,0,0,0,0,0,0,0,0,0,
auth_identity_endpoint,UDAG/phosmwpudagprdbap | POST /v1/:tenant/stack-instances,35,0,35,0,0,0,0,0,0,35,0,0,35,0,0,0,0,0,0,0,0,0,0,0,0,0,0,
auth_identity_endpoint,UDAG/phosmwpudagprdbap | POST /v1/:tenant/stack-instances/:id/stretchspaces,35,0,35,0,0,0,0,0,0,35,0,0,0,35,0,0,0,0,0,0,0,0,0,0,0,0,0,
auth_identity_endpoint,base_arsys/phosmwpsysbap | DELETE /v1/:tenant/stack-instances/:id,35,0,35,0,0,0,0,0,0,35,0,0,0,0,35,0,0,0,0,0,0,0,0,0,0,0,0,
auth_identity_endpoint,base_arsys/phosmwpsysbap | PUT /v1/:tenant/stack-instances/:id/stretchspaces/:id,35,0,35,0,0,0,0,0,0,35,0,1,0,34,0,0,0,0,0,0,0,0,0,0,0,0,0,
auth_identity_endpoint,base_fasthosts/pfhhostingprod | DELETE /v1/:tenant/stack-instances/:id,35,0,35,0,0,0,0,0,0,35,0,0,0,0,35,0,0,0,0,0,0,0,0,0,0,0,0,
auth_identity_endpoint,base_fasthosts/pfhhostingprod | DELETE /v1/:tenant/stack-instances/:id/stretchspaces/:id/locks/:id,35,0,35,0,0,0,0,0,0,35,0,0,0,35,0,0,0,0,0,0,0,0,0,0,0,0,0,
auth_identity_endpoint,base_gmxde/phosmamdomprd | DELETE /v1/:tenant/stack-instances/:id,35,0,35,0,0,0,0,0,0,35,0,0,0,0,35,0,0,0,0,0,0,0,0,0,0,0,0,
auth_identity_endpoint,base_gmxde/phosmwpgmxprd | DELETE /v1/:tenant/stack-instances/:id/webspaces/:id/domains/:id,35,0,35,0,35,0,0,0,0,0,0,0,0,35,0,0,0,0,0,0,0,0,0,0,0,0,0,
auth_identity_endpoint,dnd_qa_whic/phowhicprd | POST /v1/:tenant/stack-instances/:id/webshield/mappings,35,0,35,0,0,0,0,0,0,35,0,0,0,35,0,0,0,0,0,0,0,0,0,0,0,0,0,
auth_identity_endpoint,strato_sfs/photnsfsstrwaasprd | DELETE /v1/:tenant/stack-instances/:id/webshield/mappings/:id,35,0,35,0,0,0,0,0,0,35,0,0,0,35,0,0,0,0,0,0,0,0,0,0,0,0,0,
auth_identity_endpoint,EShopOneAndOne/photniomwsprod | PUT /v1/:tenant/stack-instances/:id/webshield/mappings,34,0,34,0,0,0,0,0,0,34,0,0,0,34,0,0,0,0,0,0,0,0,0,0,0,0,0,
auth_identity_endpoint,base_arsys/parsyswaaspro | PUT /v1/:tenant/stack-instances/:id/stretchspaces/:id,34,0,34,0,0,0,0,0,0,34,0,0,0,34,0,0,0,0,0,0,0,0,0,0,0,0,0,
auth_identity_endpoint,base_arsys/phosmwpsysprd | POST /v1/:tenant/stack-instances/:id/databases,34,0,34,0,0,0,0,0,0,34,0,0,0,34,0,0,0,0,0,0,0,0,0,0,0,0,0,
auth_identity_endpoint,base_homepl/phosmwphomeplbap | POST /v1/:tenant/stack-instances/:id/databases,34,0,34,0,0,0,0,0,0,34,0,0,0,34,0,0,0,0,0,0,0,0,0,0,0,0,0,
auth_identity_endpoint,base_piensa/ppiensawaaspro | PUT /v1/:tenant/stack-instances/:id/webspaces/:id/domains/:id,34,0,34,0,34,0,0,0,0,0,0,4,0,30,0,0,0,0,0,0,0,0,0,0,0,0,0,
auth_identity_endpoint,dnd_qa_whic/phowhicprd | PUT /v1/:tenant/stack-instances/:id/webshield/mappings/:id/certificate,34,0,34,0,0,0,0,0,0,34,0,0,0,34,0,0,0,0,0,0,0,0,0,0,0,0,0,
auth_identity_endpoint,sandbox_qa_whic/phowhicprd | GET /v1/:tenant/tenant-profile,34,34,0,0,0,0,0,0,34,0,8,26,0,0,0,0,8,0,0,0,0,0,0,0,0,0,0,
auth_identity_endpoint,OneAndOne/photbackupmwprd | PUT /v1/:tenant/stack-instances/:id/webspaces/:id,33,0,33,0,33,0,0,0,0,0,0,0,0,33,0,0,0,0,0,0,0,0,0,0,0,0,0,
auth_identity_endpoint,OneAndOne/pwhpsswaasprod | GET /v1/:tenant/stack-instances/:id/stretchspaces,33,33,0,0,0,0,0,0,33,0,0,0,0,0,0,33,0,0,0,0,0,0,0,0,0,0,0,
auth_identity_endpoint,base_piensa/phosmwppiensaprdbap | DELETE /v1/:tenant/stack-instances/:id/stretchspaces/:id/domains/:id,33,0,33,0,0,0,0,0,0,33,10,0,0,23,0,0,0,0,0,10,0,0,0,0,0,0,0,
auth_identity_endpoint,base_webde/phosmwpwebdeprd | POST /v1/:tenant/stack-instances/:id/webspaces/:id/domains,33,0,33,0,33,0,0,0,0,0,0,0,0,33,0,0,0,0,0,0,0,0,0,0,0,0,0,
auth_identity_endpoint,base_webde/phosmwpwebdeprdbap | DELETE /v1/:tenant/stack-instances/:id/webspaces/:id/domains/:id,33,0,33,0,33,0,0,0,0,0,2,0,0,31,0,0,0,0,0,2,0,0,0,0,0,0,0,
auth_identity_endpoint,/phowhicprd | GET /v1/:tenant/stack-instances/:id/databases/:id,32,32,0,0,0,0,0,0,32,0,32,0,0,0,0,0,32,0,0,0,0,0,0,0,0,0,0,
auth_identity_endpoint,/phowhicprd | GET /v1/:tenant/stack-instances/:id/databases/:id/accounts/:id,32,32,0,0,0,0,0,0,32,0,32,0,0,0,0,0,32,0,0,0,0,0,0,0,0,0,0,
auth_identity_endpoint,UDAG/phosmwpudagprd | DELETE /v1/:tenant/stack-instances/:id/redirects/:id,32,0,32,0,0,0,0,0,0,32,0,0,0,32,0,0,0,0,0,0,0,0,0,0,0,0,0,
auth_identity_endpoint,UDAG/phosmwpudagprd | GET /v1/:tenant/stack-instances/:id/webshield/public-ips,32,32,0,0,0,0,0,0,32,0,0,32,0,0,0,0,0,0,0,0,0,0,0,0,0,0,0,
auth_identity_endpoint,UDAG/phosmwpudagprd | POST /v1/:tenant/stack-instances,32,0,32,0,0,0,0,0,0,32,0,0,32,0,0,0,0,0,0,0,0,0,0,0,0,0,0,
auth_identity_endpoint,UDAG/phosmwpudagprd | POST /v1/:tenant/stack-instances/:id/stretchspaces,32,0,32,0,0,0,0,0,0,32,0,0,0,32,0,0,0,0,0,0,0,0,0,0,0,0,0,
auth_identity_endpoint,base_arsys/parsyswaaspro | GET /v1/:tenant/stack-instances/:id/stretchspaces/:id/domains,32,32,0,0,0,0,0,0,32,0,0,0,0,0,0,32,0,0,0,0,0,0,0,0,0,0,0,
auth_identity_endpoint,base_gmxde/phosmwpgmxprd | POST /v1/:tenant/stack-instances/:id/webspaces/:id/domains,32,0,32,0,32,0,0,0,0,0,0,0,0,32,0,0,0,0,0,0,0,0,0,0,0,0,0,
auth_identity_endpoint,base_piensa/ppiensawaaspro | PUT /v1/:tenant/stack-instances/:id/stretchspaces/:id,32,0,32,0,0,0,0,0,0,32,0,0,0,32,0,0,0,0,0,0,0,0,0,0,0,0,0,
auth_identity_endpoint,base_webde/phosmwpwebdeprdbap | GET /v1/:tenant/stack-instances/:id/databases/:id,32,32,0,0,0,0,0,0,32,0,0,32,0,0,0,0,0,0,0,0,0,0,0,0,0,0,0,
auth_identity_endpoint,qa_whic/phowhicprd | GET /v1/:tenant/stack-instances/:id/webspaces/:id/domains,32,32,0,32,0,0,0,0,0,0,24,0,0,0,0,8,0,0,8,16,0,0,0,0,0,0,0,
auth_identity_endpoint,sandbox_qa_whic/phowhicprd | GET /v1/:tenant/stack-instances/:id/databases,32,32,0,0,0,0,0,0,32,0,24,0,0,0,0,8,0,0,8,16,0,0,0,0,0,0,0,
auth_identity_endpoint,sandbox_qa_whic/phowhicprd | GET /v1/:tenant/stack-instances/:id/redirects,32,32,0,0,0,0,0,0,32,0,24,0,0,0,0,8,0,0,8,16,0,0,0,0,0,0,0,
auth_identity_endpoint,sandbox_qa_whic/phowhicprd | GET /v1/:tenant/stack-instances/:id/stretchspaces,32,32,0,0,0,0,0,0,32,0,0,0,0,0,0,32,0,0,0,0,0,0,0,0,0,0,0,
auth_identity_endpoint,sandbox_qa_whic/phowhicprd | GET /v1/:tenant/stack-instances/:id/webspaces,32,32,0,32,0,0,0,0,0,0,24,0,0,0,0,8,0,0,8,16,0,0,0,0,0,0,0,
auth_identity_endpoint,UDAG/phosmwpudagprdbap | DELETE /v1/:tenant/stack-instances/:id,31,0,31,0,0,0,0,0,0,31,0,0,0,0,31,0,0,0,0,0,0,0,0,0,0,0,0,
auth_identity_endpoint,base_fasthosts/phosmwpfasthprdbap | GET /v1/:tenant/stack-instances/:id/stretchspaces/:id/accounts/:id,31,31,0,0,0,0,0,0,31,0,0,31,0,0,0,0,0,0,0,0,0,0,0,0,0,0,0,
auth_identity_endpoint,base_gmxde/phosmamdomprd | POST /v1/:tenant/stack-instances/:id/webspaces/:id/accounts,31,0,31,0,31,0,0,0,0,0,0,0,0,31,0,0,0,0,0,0,0,0,0,0,0,0,0,
auth_identity_endpoint,base_homepl/phosmwphomeplbap | DELETE /v1/:tenant/stack-instances/:id/redirects/:id,31,0,31,0,0,0,0,0,0,31,0,0,0,31,0,0,0,0,0,0,0,0,0,0,0,0,0,
auth_identity_endpoint,trial_strato/pstratoswhtp | GET /v1/:tenant/lookup/resource/:id,31,31,0,0,0,0,0,0,31,0,0,31,0,0,0,0,0,0,0,0,0,0,0,0,0,0,0,
auth_identity_endpoint,/<user not set> | GET /v1/:tenant/stack-instances/:id/stretchspaces/:id/domains/:id,30,30,0,0,0,0,0,0,30,0,30,0,0,0,0,0,0,30,0,0,0,0,0,0,0,0,0,
auth_identity_endpoint,Domains/pdnspiensawaasprod | DELETE /v1/:tenant/stack-instances/:id,30,0,30,0,0,0,0,0,0,30,0,0,0,0,30,0,0,0,0,0,0,0,0,0,0,0,0,
auth_identity_endpoint,Domains/pdnspiensawaasprod | GET /v1/:tenant/stack-instances/:id/webshield/mappings,30,30,0,0,0,0,0,0,30,0,0,30,0,0,0,0,0,0,0,0,0,0,0,0,0,0,0,
auth_identity_endpoint,OneAndOne/pwhpsswaasprod | DELETE /v1/:tenant/stack-instances/:id/databases/:id/locks/:id,30,0,30,0,0,0,0,0,0,30,27,0,0,3,0,0,0,0,0,27,0,0,0,0,0,0,0,
auth_identity_endpoint,base_fasthosts/phosmwpfasthprdbap | GET /v1/:tenant/stack-instances/:id/webshield/mappings,30,30,0,0,0,0,0,0,30,0,0,30,0,0,0,0,0,0,0,0,0,0,0,0,0,0,0,
auth_identity_endpoint,base_piensa/ppiensawaaspro | DELETE /v1/:tenant/stack-instances/:id/stretchspaces/:id/domains/:id,30,0,30,0,0,0,0,0,0,30,0,0,0,30,0,0,0,0,0,0,0,0,0,0,0,0,0,
auth_identity_endpoint,base_webde/phosmamdomprd | PUT /v1/:tenant/stack-instances/:id/redirects/:id,30,0,30,0,0,0,0,0,0,30,0,0,0,30,0,0,0,0,0,0,0,0,0,0,0,0,0,
auth_identity_endpoint,base_webde/phosmwpwebdeprd | DELETE /v1/:tenant/stack-instances/:id/webspaces/:id/domains/:id,30,0,30,0,30,0,0,0,0,0,1,0,0,29,0,0,0,0,0,1,0,0,0,0,0,0,0,
auth_identity_endpoint,sandbox_shl_to/gilbert | GET /v1/:tenant/eventing/notifications/history,30,30,0,0,0,30,0,0,0,0,0,30,0,0,0,0,0,0,0,0,0,0,0,0,0,0,0,
auth_identity_endpoint,UDAG/phosmwpudagprdbap | DELETE /v1/:tenant/stack-instances/:id/redirects/:id,28,0,28,0,0,0,0,0,0,28,0,0,0,28,0,0,0,0,0,0,0,0,0,0,0,0,0,
auth_identity_endpoint,base_piensa/ppiensawaaspro | GET /v1/:tenant/stack-instances/:id/stretchspaces/:id/domains,28,28,0,0,0,0,0,0,28,0,0,0,0,0,0,28,0,0,0,0,0,0,0,0,0,0,0,
auth_identity_endpoint,dnd_qa_whic/phowhicprd | DELETE /v1/:tenant/stack-instances/:id/webspaces/:id/accounts/:id,28,0,28,0,28,0,0,0,0,0,0,0,0,28,0,0,0,0,0,0,0,0,0,0,0,0,0,
auth_identity_endpoint,dnd_qa_whic/phowhicprd | POST /v1/:tenant/stack-instances/:id/webspaces/:id/accounts,28,0,28,0,28,0,0,0,0,0,0,0,0,28,0,0,0,0,0,0,0,0,0,0,0,0,0,
auth_identity_endpoint,sandbox_qa_whic/phowhicprd | POST /v1/:tenant/stack-instances/:id/webspaces/:id/domains,28,0,28,0,28,0,0,0,0,0,22,0,0,6,0,0,14,0,8,0,0,0,0,0,0,0,0,
auth_identity_endpoint,base_gmxde/phosmwpgmxprdbap | DELETE /v1/:tenant/stack-instances/:id/webspaces/:id/domains/:id,27,0,27,0,27,0,0,0,0,0,0,0,0,27,0,0,0,0,0,0,0,0,0,0,0,0,0,
auth_identity_endpoint,base_webde/phosmwpwebdeprdbap | POST /v1/:tenant/stack-instances/:id/webspaces/:id/domains,27,0,27,0,27,0,0,0,0,0,0,1,0,26,0,0,0,0,0,0,0,0,0,0,0,0,0,
auth_identity_endpoint,base_worldforyou/photnw4ywaasprod | GET /v1/:tenant/stack-instances/:id/redirects/:id,27,27,0,0,0,0,0,0,27,0,21,6,0,0,0,0,0,0,0,21,0,0,0,0,0,0,0,
auth_identity_endpoint,qa_whic/phowhicprd | GET /v1/:tenant/stack-instances/:id/webspaces/:id/:id,27,27,0,27,0,0,0,0,0,0,0,27,0,0,0,0,0,0,0,0,0,0,0,0,0,0,0,
auth_identity_endpoint,sandbox_homepl/phosmwphoplsndbprd | POST /v1/:tenant/stack-instances/:id/stretchspaces/:id/accounts,27,0,27,0,0,0,0,0,0,27,27,0,0,0,0,0,0,0,0,27,0,0,0,0,0,0,0,
auth_identity_endpoint,UDAG/phosmwpudagprdbap | POST /v1/:tenant/stack-instances/:id/databases,26,0,26,0,0,0,0,0,0,26,0,0,0,26,0,0,0,0,0,0,0,0,0,0,0,0,0,
auth_identity_endpoint,base_fasthosts/pfhhostingprod | POST /v1/:tenant/stack-instances/:id/webspaces/:id/domains,26,0,26,0,26,0,0,0,0,0,0,0,0,26,0,0,0,0,0,0,0,0,0,0,0,0,0,
auth_identity_endpoint,base_gmxde/phosmwpgmxprdbap | POST /v1/:tenant/stack-instances/:id/webspaces/:id/domains,26,0,26,0,26,0,0,0,0,0,0,0,0,26,0,0,0,0,0,0,0,0,0,0,0,0,0,
auth_identity_endpoint,base_homepl/photnhomepl1prd | DELETE /v1/:tenant/stack-instances/:id/stretchspaces/:id/accounts/:id,26,0,26,0,0,0,0,0,0,26,0,0,0,26,0,0,0,0,0,0,0,0,0,0,0,0,0,
auth_identity_endpoint,base_piensa/phosmwppiensaprd | DELETE /v1/:tenant/stack-instances/:id,26,0,26,0,0,0,0,0,0,26,0,0,0,0,26,0,0,0,0,0,0,0,0,0,0,0,0,
auth_identity_endpoint,base_piensa/phosmwppiensaprdbap | DELETE /v1/:tenant/stack-instances/:id/redirects/:id,26,0,26,0,0,0,0,0,0,26,0,0,0,26,0,0,0,0,0,0,0,0,0,0,0,0,0,
auth_identity_endpoint,base_piensa/ppiensawaaspro | PUT /v1/:tenant/stack-instances/:id/webspaces/:id,26,0,26,0,26,0,0,0,0,0,0,0,0,26,0,0,0,0,0,0,0,0,0,0,0,0,0,
auth_identity_endpoint,base_arsys/phosmwpsysbap | GET /v1/:tenant/lookup/resource/:id,25,25,0,0,0,0,0,0,25,0,0,25,0,0,0,0,0,0,0,0,0,0,0,0,0,0,0,
auth_identity_endpoint,base_arsys/phosmwpsysbap | GET /v1/:tenant/stack-instances/:id/stretchspaces/:id/accounts/:id,25,25,0,0,0,0,0,0,25,0,0,25,0,0,0,0,0,0,0,0,0,0,0,0,0,0,0,
auth_identity_endpoint,base_arsys/phosmwpsysbap | POST /v1/:tenant/stack-instances/:id/redirects,25,0,25,0,0,0,0,0,0,25,0,0,0,25,0,0,0,0,0,0,0,0,0,0,0,0,0,
auth_identity_endpoint,base_fasthosts/phosmwpfasthprd | PUT /v1/:tenant/stack-instances/:id/webspaces/:id,25,0,25,0,25,0,0,0,0,0,0,11,0,14,0,0,0,0,0,0,0,0,0,0,0,0,0,
auth_identity_endpoint,sandbox_mws8_oneandone/photniomwsprod | DELETE /v1/:tenant/stack-instances/:id/webspaces/:id/domains/:id,25,0,25,0,25,0,0,0,0,0,11,0,0,14,0,0,0,0,0,11,0,0,0,0,0,0,0,
auth_identity_endpoint,OneAndOne/pwhpsswaasprod | GET /v1/:tenant/eventing/notifications,24,24,0,0,0,24,0,0,0,0,1,23,0,0,0,0,0,0,1,0,0,0,0,0,0,0,0,
auth_identity_endpoint,UDAG/phosmwpudagprdbap | POST /v1/:tenant/stack-instances/:id/redirects,24,0,24,0,0,0,0,0,0,24,0,0,0,24,0,0,0,0,0,0,0,0,0,0,0,0,0,
auth_identity_endpoint,base_arsys/phosmwpsysbap | DELETE /v1/:tenant/stack-instances/:id/redirects/:id,24,0,24,0,0,0,0,0,0,24,0,0,0,24,0,0,0,0,0,0,0,0,0,0,0,0,0,
auth_identity_endpoint,dnd_qa_whic/phowhicprd | POST /v1/:tenant/stack-instances/:id/redirects,24,0,24,0,0,0,0,0,0,24,0,0,0,24,0,0,0,0,0,0,0,0,0,0,0,0,0,
auth_identity_endpoint,qa_whic/phowhicrdrprd | DELETE /v1/:tenant/stack-instances/:id,24,0,24,0,0,0,0,0,0,24,24,0,0,0,0,0,0,0,24,0,0,0,0,0,0,0,0,
auth_identity_endpoint,qa_whic/phowhicrdrprd | GET /v1/:tenant/stack-instances/:id,24,24,0,0,0,0,0,0,24,0,8,16,0,0,0,0,0,0,8,0,0,0,0,0,0,0,0,
auth_identity_endpoint,qa_whic/phowhicrdrprd | POST /v1/:tenant/stack-instances,24,0,24,0,0,0,0,0,0,24,24,0,0,0,0,0,0,0,24,0,0,0,0,0,0,0,0,
auth_identity_endpoint,base_gmxde/phosmwpgmxprdbap | GET /v1/:tenant/stack-instances/:id/databases/:id,23,23,0,0,0,0,0,0,23,0,0,23,0,0,0,0,0,0,0,0,0,0,0,0,0,0,0,
auth_identity_endpoint,base_homepl/photnhomepl1prd | GET /v1/:tenant/tenant-profile,23,23,0,0,0,0,0,0,23,0,0,23,0,0,0,0,0,0,0,0,0,0,0,0,0,0,0,
auth_identity_endpoint,base_piensa/phosmwppiensaprdbap | DELETE /v1/:tenant/stack-instances/:id,23,0,23,0,0,0,0,0,0,23,0,0,0,0,23,0,0,0,0,0,0,0,0,0,0,0,0,
auth_identity_endpoint,base_worldforyou/photnw4ywaasprod | DELETE /v1/:tenant/stack-instances/:id/webshield/mappings/:id/certificate,23,0,23,0,0,0,0,0,0,23,0,0,0,23,0,0,0,0,0,0,0,0,0,0,0,0,0,
auth_identity_endpoint,sandbox_homepl/phosmwphoplsndbprd | PUT /v1/:tenant/eventing/notifications/history/pointer/:id,23,0,23,0,0,0,23,0,0,0,0,0,0,0,23,0,0,0,0,0,0,0,0,0,0,0,0,
auth_identity_endpoint,EShopOneAndOne/photniomwsprod | DELETE /v1/:tenant/stack-instances/:id,22,0,22,0,0,0,0,0,0,22,0,0,0,0,22,0,0,0,0,0,0,0,0,0,0,0,0,
auth_identity_endpoint,OneAndOne/phosmwpionosprdbap | GET /v1/:tenant/stack-instances/:id/databases,22,22,0,0,0,0,0,0,22,0,0,0,0,0,0,22,0,0,0,0,0,0,0,0,0,0,0,
auth_identity_endpoint,OneAndOne/phosmwpionosprdbap | PUT /v1/:tenant/stack-instances/:id/databases/:id/accounts/:id,22,0,22,0,0,0,0,0,0,22,0,0,0,22,0,0,0,0,0,0,0,0,0,0,0,0,0,
auth_identity_endpoint,UDAG/phosmwpudagprd | DELETE /v1/:tenant/stack-instances/:id,22,0,22,0,0,0,0,0,0,22,0,0,0,0,22,0,0,0,0,0,0,0,0,0,0,0,0,
auth_identity_endpoint,WhicQAdnd/phowhicdndprd | DELETE /v1/:tenant/stack-instances/:id,22,0,22,0,0,0,0,0,0,22,0,0,0,0,22,0,0,0,0,0,0,0,0,0,0,0,0,
auth_identity_endpoint,base_fasthosts/pfhhostingprod | POST /v1/:tenant/stack-instances/:id/databases/:id/accounts,22,0,22,0,0,0,0,0,0,22,0,0,0,22,0,0,0,0,0,0,0,0,0,0,0,0,0,
auth_identity_endpoint,base_fasthosts/phosmwpfasthprdbap | POST /v1/:tenant/stack-instances/:id/webspaces,22,0,22,0,22,0,0,0,0,0,0,0,0,22,0,0,0,0,0,0,0,0,0,0,0,0,0,
auth_identity_endpoint,base_gmxde/phosmamdomprd | GET /v1/:tenant/stack-instances/:id/webshield/public-ips,22,22,0,0,0,0,0,0,22,0,0,22,0,0,0,0,0,0,0,0,0,0,0,0,0,0,0,
auth_identity_endpoint,base_gmxde/phosmamdomprd | POST /v1/:tenant/stack-instances,22,0,22,0,0,0,0,0,0,22,0,0,22,0,0,0,0,0,0,0,0,0,0,0,0,0,0,
auth_identity_endpoint,base_gmxde/phosmamdomprd | POST /v1/:tenant/stack-instances/:id/databases,22,0,22,0,0,0,0,0,0,22,0,0,0,22,0,0,0,0,0,0,0,0,0,0,0,0,0,
auth_identity_endpoint,base_gmxde/phosmamdomprd | POST /v1/:tenant/stack-instances/:id/webspaces,22,0,22,0,22,0,0,0,0,0,0,0,0,22,0,0,0,0,0,0,0,0,0,0,0,0,0,
auth_identity_endpoint,base_strato/phosmwpstratoprd | GET /v1/:tenant/stack-instances/:id/databases,22,22,0,0,0,0,0,0,22,0,0,0,0,0,0,22,0,0,0,0,0,0,0,0,0,0,0,
auth_identity_endpoint,base_strato/phosmwpstratoprd | PUT /v1/:tenant/stack-instances/:id/databases/:id/accounts/:id,22,0,22,0,0,0,0,0,0,22,0,0,0,22,0,0,0,0,0,0,0,0,0,0,0,0,0,
auth_identity_endpoint,base_webde/phosmamdomprd | GET /v1/:tenant/stack-instances/:id/webshield/mappings,22,22,0,0,0,0,0,0,22,0,2,20,0,0,0,0,0,0,0,2,0,0,0,0,0,0,0,
auth_identity_endpoint,base_webde/phosmamdomprd | GET /v1/:tenant/stack-instances/:id/webshield/public-ips,22,22,0,0,0,0,0,0,22,0,0,22,0,0,0,0,0,0,0,0,0,0,0,0,0,0,0,
auth_identity_endpoint,base_webde/phosmamdomprd | POST /v1/:tenant/stack-instances/:id/webshield/mappings,22,0,22,0,0,0,0,0,0,22,22,0,0,0,0,0,0,0,0,0,0,0,22,0,0,0,0,
auth_identity_endpoint,qa_whic/phowhicprd | GET /v1/:tenant/tenant-profile,22,22,0,0,0,0,0,0,22,0,8,14,0,0,0,0,8,0,0,0,0,0,0,0,0,0,0,
auth_identity_endpoint,/<user not set> | DELETE /v1/:tenant/stack-instances/:id/stretchspaces/:id/domains/:id,21,0,21,0,0,0,0,0,0,21,21,0,0,0,0,0,0,21,0,0,0,0,0,0,0,0,0,
auth_identity_endpoint,WhicQAdnd/phowhicdndprd | POST /v1/:tenant/stack-instances/:id/webspaces,21,0,21,0,21,0,0,0,0,0,14,0,0,7,0,0,14,0,0,0,0,0,0,0,0,0,0,
auth_identity_endpoint,base_gmxde/phosmamdomprd | GET /v1/:tenant/stack-instances/:id/webshield/mappings/:id,21,21,0,0,0,0,0,0,21,0,0,21,0,0,0,0,0,0,0,0,0,0,0,0,0,0,0,
auth_identity_endpoint,base_piensa/phosmwppiensaprdbap | GET /v1/:tenant/stack-instances/:id/stretchspaces/:id/accounts/:id,21,21,0,0,0,0,0,0,21,0,0,21,0,0,0,0,0,0,0,0,0,0,0,0,0,0,0,
auth_identity_endpoint,base_webde/phosmamdomprd | POST /v1/:tenant/stack-instances,21,0,21,0,0,0,0,0,0,21,0,0,21,0,0,0,0,0,0,0,0,0,0,0,0,0,0,
auth_identity_endpoint,base_webde/phosmamdomprd | POST /v1/:tenant/stack-instances/:id/webspaces,21,0,21,0,21,0,0,0,0,0,1,0,0,20,0,0,0,0,0,0,1,0,0,0,0,0,0,
auth_identity_endpoint,base_worldforyou/photnw4ywaasprod | POST /v1/:tenant/stack-instances/:id/redirects,21,0,21,0,0,0,0,0,0,21,0,0,0,21,0,0,0,0,0,0,0,0,0,0,0,0,0,
auth_identity_endpoint,dnd_qa_whic/phowhicprd | DELETE /v1/:tenant/stack-instances/:id/stretchspaces/:id/accounts/:id,21,0,21,0,0,0,0,0,0,21,0,0,0,21,0,0,0,0,0,0,0,0,0,0,0,0,0,
auth_identity_endpoint,dnd_qa_whic/phowhicprd | DELETE /v1/:tenant/stack-instances/:id/stretchspaces/:id/domains/:id,21,0,21,0,0,0,0,0,0,21,0,0,0,21,0,0,0,0,0,0,0,0,0,0,0,0,0,
auth_identity_endpoint,dnd_qa_whic/phowhicprd | POST /v1/:tenant/stack-instances/:id/stretchspaces/:id/accounts,21,0,21,0,0,0,0,0,0,21,0,0,0,21,0,0,0,0,0,0,0,0,0,0,0,0,0,
auth_identity_endpoint,dnd_qa_whic/phowhicprd | POST /v1/:tenant/stack-instances/:id/stretchspaces/:id/domains,21,0,21,0,0,0,0,0,0,21,0,0,0,21,0,0,0,0,0,0,0,0,0,0,0,0,0,
auth_identity_endpoint,sandbox_homepl/phosmwphoplsndbbap | PUT /v1/:tenant/eventing/notifications/history/pointer/:id,21,0,21,0,0,0,21,0,0,0,0,0,0,0,21,0,0,0,0,0,0,0,0,0,0,0,0,
auth_identity_endpoint,base_arsys/phosmwpsysprd | DELETE /v1/:tenant/stack-instances/:id/redirects/:id,20,0,20,0,0,0,0,0,0,20,0,0,0,20,0,0,0,0,0,0,0,0,0,0,0,0,0,
auth_identity_endpoint,base_webde/phosmamdomprd | POST /v1/:tenant/stack-instances/:id/databases,20,0,20,0,0,0,0,0,0,20,0,0,0,20,0,0,0,0,0,0,0,0,0,0,0,0,0,
auth_identity_endpoint,base_arsys/phosmwpsysprd | POST /v1/:tenant/stack-instances/:id/redirects,19,0,19,0,0,0,0,0,0,19,0,0,0,19,0,0,0,0,0,0,0,0,0,0,0,0,0,
auth_identity_endpoint,base_piensa/phosmwppiensaprd | POST /v1/:tenant/stack-instances/:id/redirects,19,0,19,0,0,0,0,0,0,19,0,0,0,19,0,0,0,0,0,0,0,0,0,0,0,0,0,
auth_identity_endpoint,base_piensa/phosmwppiensaprdbap | DELETE /v1/:tenant/stack-instances/:id/webspaces/:id/domains/:id,19,0,19,0,19,0,0,0,0,0,0,0,0,19,0,0,0,0,0,0,0,0,0,0,0,0,0,
auth_identity_endpoint,sandbox_piensa/phosstackcleanupprd | DELETE /v1/:tenant/stack-instances/:id,19,0,19,0,0,0,0,0,0,19,0,0,0,0,19,0,0,0,0,0,0,0,0,0,0,0,0,
auth_identity_endpoint,base_webde/phosmwpwebdeprdbap | POST /v1/:tenant/stack-instances/:id/databases/:id/accounts,18,0,18,0,0,0,0,0,0,18,0,0,0,18,0,0,0,0,0,0,0,0,0,0,0,0,0,
auth_identity_endpoint,gitspace_oneandone/pbtionosspaceprod | GET /v1/:tenant/stack-instances/:id/databases/:id,18,18,0,0,0,0,0,0,18,0,0,18,0,0,0,0,0,0,0,0,0,0,0,0,0,0,0,
auth_identity_endpoint,gitspace_oneandone/pbtionosspaceprod | POST /v1/:tenant/stack-instances/:id/databases,18,0,18,0,0,0,0,0,0,18,0,0,0,18,0,0,0,0,0,0,0,0,0,0,0,0,0,
auth_identity_endpoint,OneAndOne/pwhpsswaasprod | GET /v1/:tenant/stack-instances/:id/webspaces,17,17,0,17,0,0,0,0,0,0,0,0,0,0,0,17,0,0,0,0,0,0,0,0,0,0,0,
auth_identity_endpoint,base_fasthosts/phosmwpfasthprdbap | GET /v1/:tenant/stack-instances/:id/webspaces/:id/domains,17,17,0,17,0,0,0,0,0,0,0,0,0,0,0,17,0,0,0,0,0,0,0,0,0,0,0,
auth_identity_endpoint,base_ionoscloud/pstncdnwafwaasprod | DELETE /v1/:tenant/stack-instances/:id,17,0,17,0,0,0,0,0,0,17,0,0,0,0,17,0,0,0,0,0,0,0,0,0,0,0,0,
auth_identity_endpoint,base_ionoscloud/pstncdnwafwaasprod | DELETE /v1/:tenant/stack-instances/:id/webshield/mappings/:id,17,0,17,0,0,0,0,0,0,17,0,0,0,17,0,0,0,0,0,0,0,0,0,0,0,0,0,
auth_identity_endpoint,base_piensa/phosmwppiensaprdbap | POST /v1/:tenant/stack-instances/:id/redirects,17,0,17,0,0,0,0,0,0,17,0,0,0,17,0,0,0,0,0,0,0,0,0,0,0,0,0,
auth_identity_endpoint,base_webde/phosmwpwebdeprd | GET /v1/:tenant/stack-instances/:id/databases/:id,17,17,0,0,0,0,0,0,17,0,0,17,0,0,0,0,0,0,0,0,0,0,0,0,0,0,0,
auth_identity_endpoint,sandbox_mws8_oneandone/photniomwsprod | GET /v1/:tenant/:id,17,17,0,0,0,0,0,0,17,0,0,17,0,0,0,0,0,0,0,0,0,0,0,0,0,0,0,
auth_identity_endpoint,sandbox_mws8_oneandone/photniomwsprod | GET /v1/:tenant/stack-instances/:id/webshield/public-ips,17,17,0,0,0,0,0,0,17,0,0,17,0,0,0,0,0,0,0,0,0,0,0,0,0,0,0,
auth_identity_endpoint,sandbox_mws8_oneandone/photniomwsprod | POST /v1/:tenant/stack-instances/:id/webspaces/:id/domains,17,0,17,0,17,0,0,0,0,0,0,3,0,14,0,0,0,0,0,0,0,0,0,0,0,0,0,
auth_identity_endpoint,trial_strato/pstratoswhtp | GET /v1/:tenant/stack-instances/:id/webshield/mappings/:id,17,17,0,0,0,0,0,0,17,0,0,17,0,0,0,0,0,0,0,0,0,0,0,0,0,0,0,
auth_identity_endpoint,/phowhicprd | GET /v1/:tenant/eventing/notifications/history,16,16,0,0,0,16,0,0,0,0,16,0,0,0,0,0,16,0,0,0,0,0,0,0,0,0,0,
auth_identity_endpoint,/phowhicprd | GET /v1/:tenant/stack-instances/:id/webshield/mappings,16,16,0,0,0,0,0,0,16,0,16,0,0,0,0,0,16,0,0,0,0,0,0,0,0,0,0,
auth_identity_endpoint,/phowhicprd | GET /v1/:tenant/stack-instances/:id/webspaces/:id,16,16,0,16,0,0,0,0,0,0,16,0,0,0,0,0,16,0,0,0,0,0,0,0,0,0,0,
auth_identity_endpoint,/phowhicprd | GET /v1/:tenant/stack-instances/:id/webspaces/:id/accounts/:id,16,16,0,16,0,0,0,0,0,0,16,0,0,0,0,0,16,0,0,0,0,0,0,0,0,0,0,
auth_identity_endpoint,/phowhicprd | GET /v1/:tenant/stack-instances/:id/webspaces/:id/domains/:id,16,16,0,16,0,0,0,0,0,0,16,0,0,0,0,0,16,0,0,0,0,0,0,0,0,0,0,
auth_identity_endpoint,OneAndOne/phosmwpionosprdbap | GET /v1/:tenant/stack-instances/:id/stretchspaces/:id,16,16,0,0,0,0,0,0,16,0,0,16,0,0,0,0,0,0,0,0,0,0,0,0,0,0,0,
auth_identity_endpoint,UDAG/phosmwpudagprd | GET /v1/:tenant/lookup/resource/:id,16,16,0,0,0,0,0,0,16,0,0,16,0,0,0,0,0,0,0,0,0,0,0,0,0,0,0,
auth_identity_endpoint,UDAG/phosmwpudagprd | GET /v1/:tenant/stack-instances/:id/stretchspaces/:id/accounts/:id,16,16,0,0,0,0,0,0,16,0,0,16,0,0,0,0,0,0,0,0,0,0,0,0,0,0,0,
auth_identity_endpoint,base_piensa/ppiensawaaspro | PUT /v1/:tenant/stack-instances/:id/databases/:id/accounts/:id,16,0,16,0,0,0,0,0,0,16,0,0,0,16,0,0,0,0,0,0,0,0,0,0,0,0,0,
auth_identity_endpoint,base_piensa/ppiensawaaspro | PUT /v1/:tenant/stack-instances/:id/webspaces/:id/accounts/:id,16,0,16,0,16,0,0,0,0,0,0,0,0,16,0,0,0,0,0,0,0,0,0,0,0,0,0,
auth_identity_endpoint,qa_whic/phowhicprd | GET /v1/:tenant/stack-instances/:id/databases/:id/locks,16,16,0,0,0,0,0,0,16,0,8,0,0,0,0,8,0,0,8,0,0,0,0,0,0,0,0,
auth_identity_endpoint,qa_whic/phowhicprd | GET /v1/:tenant/stack-instances/:id/databases/:id/locks/:id,16,16,0,0,0,0,0,0,16,0,16,0,0,0,0,0,0,0,8,8,0,0,0,0,0,0,0,
auth_identity_endpoint,qa_whic/phowhicprd | GET /v1/:tenant/stack-instances/:id/webspaces/:id/locks/:id,16,16,0,16,0,0,0,0,0,0,16,0,0,0,0,0,0,0,8,8,0,0,0,0,0,0,0,
auth_identity_endpoint,qa_whic/phowhicprd2nd | GET /v1/:tenant/eventing/notifications/history,16,16,0,0,0,16,0,0,0,0,0,16,0,0,0,0,0,0,0,0,0,0,0,0,0,0,0,
auth_identity_endpoint,qa_whic/phowhicrdrprd | DELETE /v1/:tenant/stack-instances/:id/databases/:id/accounts/:id,16,0,16,0,0,0,0,0,0,16,16,0,0,0,0,0,0,0,16,0,0,0,0,0,0,0,0,
auth_identity_endpoint,qa_whic/phowhicrdrprd | DELETE /v1/:tenant/stack-instances/:id/databases/:id/locks/:id,16,0,16,0,0,0,0,0,0,16,16,0,0,0,0,0,0,0,16,0,0,0,0,0,0,0,0,
auth_identity_endpoint,qa_whic/phowhicrdrprd | DELETE /v1/:tenant/stack-instances/:id/redirects/:id,16,0,16,0,0,0,0,0,0,16,16,0,0,0,0,0,0,0,16,0,0,0,0,0,0,0,0,
auth_identity_endpoint,qa_whic/phowhicrdrprd | DELETE /v1/:tenant/stack-instances/:id/webshield/:id/:id,16,0,16,0,0,0,0,0,0,16,16,0,0,0,0,0,0,0,16,0,0,0,0,0,0,0,0,
auth_identity_endpoint,qa_whic/phowhicrdrprd | DELETE /v1/:tenant/stack-instances/:id/webshield/mappings/:id,16,0,16,0,0,0,0,0,0,16,16,0,0,0,0,0,0,0,16,0,0,0,0,0,0,0,0,
auth_identity_endpoint,qa_whic/phowhicrdrprd | DELETE /v1/:tenant/stack-instances/:id/webshield/mappings/:id/certificate,16,0,16,0,0,0,0,0,0,16,16,0,0,0,0,0,0,0,16,0,0,0,0,0,0,0,0,
auth_identity_endpoint,qa_whic/phowhicrdrprd | DELETE /v1/:tenant/stack-instances/:id/webspaces/:id/accounts/:id,16,0,16,0,16,0,0,0,0,0,16,0,0,0,0,0,0,0,16,0,0,0,0,0,0,0,0,
auth_identity_endpoint,qa_whic/phowhicrdrprd | DELETE /v1/:tenant/stack-instances/:id/webspaces/:id/domains/:id,16,0,16,0,16,0,0,0,0,0,16,0,0,0,0,0,0,0,16,0,0,0,0,0,0,0,0,
auth_identity_endpoint,qa_whic/phowhicrdrprd | DELETE /v1/:tenant/stack-instances/:id/webspaces/:id/locks/:id,16,0,16,0,16,0,0,0,0,0,16,0,0,0,0,0,0,0,16,0,0,0,0,0,0,0,0,
auth_identity_endpoint,qa_whic/phowhicrdrprd | GET /v1/:tenant/:id,16,16,0,0,0,0,0,0,16,0,8,8,0,0,0,0,8,0,0,0,0,0,0,0,0,0,0,
auth_identity_endpoint,qa_whic/phowhicrdrprd | GET /v1/:tenant/lookup/resource/:id,16,16,0,0,0,0,0,0,16,0,8,8,0,0,0,0,8,0,0,0,0,0,0,0,0,0,0,
auth_identity_endpoint,qa_whic/phowhicrdrprd | GET /v1/:tenant/redirect-farm,16,16,0,0,0,0,0,0,16,0,0,16,0,0,0,0,0,0,0,0,0,0,0,0,0,0,0,
auth_identity_endpoint,qa_whic/phowhicrdrprd | GET /v1/:tenant/stack-instances,16,16,0,0,0,0,0,0,16,0,8,0,0,0,0,8,0,0,8,0,0,0,0,0,0,0,0,
auth_identity_endpoint,qa_whic/phowhicrdrprd | GET /v1/:tenant/stack-instances/:id/databases,16,16,0,0,0,0,0,0,16,0,8,0,0,0,0,8,0,0,8,0,0,0,0,0,0,0,0,
auth_identity_endpoint,qa_whic/phowhicrdrprd | GET /v1/:tenant/stack-instances/:id/databases/:id,16,16,0,0,0,0,0,0,16,0,8,8,0,0,0,0,0,0,8,0,0,0,0,0,0,0,0,
auth_identity_endpoint,qa_whic/phowhicrdrprd | GET /v1/:tenant/stack-instances/:id/databases/:id/accounts,16,16,0,0,0,0,0,0,16,0,8,0,0,0,0,8,0,0,8,0,0,0,0,0,0,0,0,
auth_identity_endpoint,qa_whic/phowhicrdrprd | GET /v1/:tenant/stack-instances/:id/databases/:id/accounts/:id,16,16,0,0,0,0,0,0,16,0,16,0,0,0,0,0,0,0,8,8,0,0,0,0,0,0,0,
auth_identity_endpoint,qa_whic/phowhicrdrprd | GET /v1/:tenant/stack-instances/:id/databases/:id/locks,16,16,0,0,0,0,0,0,16,0,8,0,0,0,0,8,0,0,8,0,0,0,0,0,0,0,0,
auth_identity_endpoint,qa_whic/phowhicrdrprd | GET /v1/:tenant/stack-instances/:id/databases/:id/locks/:id,16,16,0,0,0,0,0,0,16,0,16,0,0,0,0,0,0,0,8,8,0,0,0,0,0,0,0,
auth_identity_endpoint,qa_whic/phowhicrdrprd | GET /v1/:tenant/stack-instances/:id/redirects,16,16,0,0,0,0,0,0,16,0,8,0,0,0,0,8,0,0,8,0,0,0,0,0,0,0,0,
auth_identity_endpoint,qa_whic/phowhicrdrprd | GET /v1/:tenant/stack-instances/:id/redirects/:id,16,16,0,0,0,0,0,0,16,0,16,0,0,0,0,0,0,0,8,8,0,0,0,0,0,0,0,
auth_identity_endpoint,qa_whic/phowhicrdrprd | GET /v1/:tenant/stack-instances/:id/webshield/:id,16,16,0,0,0,0,0,0,16,0,8,8,0,0,0,0,0,0,8,0,0,0,0,0,0,0,0,
auth_identity_endpoint,qa_whic/phowhicrdrprd | GET /v1/:tenant/stack-instances/:id/webshield/:id/:id,16,16,0,0,0,0,0,0,16,0,16,0,0,0,0,0,0,0,8,8,0,0,0,0,0,0,0,
auth_identity_endpoint,qa_whic/phowhicrdrprd | GET /v1/:tenant/stack-instances/:id/webshield/cdn-ips,16,16,0,0,0,0,0,0,16,0,8,8,0,0,0,0,0,0,8,0,0,0,0,0,0,0,0,
auth_identity_endpoint,qa_whic/phowhicrdrprd | GET /v1/:tenant/stack-instances/:id/webshield/mappings,16,16,0,0,0,0,0,0,16,0,8,8,0,0,0,0,0,0,8,0,0,0,0,0,0,0,0,
auth_identity_endpoint,qa_whic/phowhicrdrprd | GET /v1/:tenant/stack-instances/:id/webshield/mappings/:id,16,16,0,0,0,0,0,0,16,0,16,0,0,0,0,0,0,0,8,8,0,0,0,0,0,0,0,
auth_identity_endpoint,qa_whic/phowhicrdrprd | GET /v1/:tenant/stack-instances/:id/webshield/mappings/:id/certificate,16,16,0,0,0,0,0,0,16,0,16,0,0,0,0,0,0,0,8,8,0,0,0,0,0,0,0,
auth_identity_endpoint,qa_whic/phowhicrdrprd | GET /v1/:tenant/stack-instances/:id/webshield/public-ips,16,16,0,0,0,0,0,0,16,0,8,8,0,0,0,0,0,0,8,0,0,0,0,0,0,0,0,
auth_identity_endpoint,qa_whic/phowhicrdrprd | GET /v1/:tenant/stack-instances/:id/webspaces,16,16,0,16,0,0,0,0,0,0,8,0,0,0,0,8,0,0,8,0,0,0,0,0,0,0,0,
auth_identity_endpoint,qa_whic/phowhicrdrprd | GET /v1/:tenant/stack-instances/:id/webspaces/:id,16,16,0,16,0,0,0,0,0,0,8,8,0,0,0,0,0,0,8,0,0,0,0,0,0,0,0,
auth_identity_endpoint,qa_whic/phowhicrdrprd | GET /v1/:tenant/stack-instances/:id/webspaces/:id/accounts,16,16,0,16,0,0,0,0,0,0,8,0,0,0,0,8,0,0,8,0,0,0,0,0,0,0,0,
auth_identity_endpoint,qa_whic/phowhicrdrprd | GET /v1/:tenant/stack-instances/:id/webspaces/:id/accounts/:id,16,16,0,16,0,0,0,0,0,0,16,0,0,0,0,0,0,0,8,8,0,0,0,0,0,0,0,
auth_identity_endpoint,qa_whic/phowhicrdrprd | GET /v1/:tenant/stack-instances/:id/webspaces/:id/domains,16,16,0,16,0,0,0,0,0,0,8,0,0,0,0,8,0,0,8,0,0,0,0,0,0,0,0,
auth_identity_endpoint,qa_whic/phowhicrdrprd | GET /v1/:tenant/stack-instances/:id/webspaces/:id/domains/:id,16,16,0,16,0,0,0,0,0,0,16,0,0,0,0,0,0,0,8,8,0,0,0,0,0,0,0,
auth_identity_endpoint,qa_whic/phowhicrdrprd | GET /v1/:tenant/stack-instances/:id/webspaces/:id/locks,16,16,0,16,0,0,0,0,0,0,8,8,0,0,0,0,0,0,8,0,0,0,0,0,0,0,0,
auth_identity_endpoint,qa_whic/phowhicrdrprd | GET /v1/:tenant/stack-instances/:id/webspaces/:id/locks/:id,16,16,0,16,0,0,0,0,0,0,16,0,0,0,0,0,0,0,8,8,0,0,0,0,0,0,0,
auth_identity_endpoint,qa_whic/phowhicrdrprd | GET /v1/:tenant/tenant-profile,16,16,0,0,0,0,0,0,16,0,8,8,0,0,0,0,8,0,0,0,0,0,0,0,0,0,0,
auth_identity_endpoint,qa_whic/phowhicrdrprd | PATCH /v1/:tenant/stack-instances/:id/webshield/mappings,16,0,16,0,0,0,0,0,0,16,16,0,0,0,0,0,0,0,16,0,0,0,0,0,0,0,0,
auth_identity_endpoint,qa_whic/phowhicrdrprd | POST /v1/:tenant/stack-instances/:id/databases,16,0,16,0,0,0,0,0,0,16,16,0,0,0,0,0,0,0,16,0,0,0,0,0,0,0,0,
auth_identity_endpoint,qa_whic/phowhicrdrprd | POST /v1/:tenant/stack-instances/:id/databases/:id/accounts,16,0,16,0,0,0,0,0,0,16,16,0,0,0,0,0,0,0,16,0,0,0,0,0,0,0,0,
auth_identity_endpoint,qa_whic/phowhicrdrprd | POST /v1/:tenant/stack-instances/:id/databases/:id/locks,16,0,16,0,0,0,0,0,0,16,16,0,0,0,0,0,0,0,16,0,0,0,0,0,0,0,0,
auth_identity_endpoint,qa_whic/phowhicrdrprd | POST /v1/:tenant/stack-instances/:id/redirects,16,0,16,0,0,0,0,0,0,16,16,0,0,0,0,0,0,0,16,0,0,0,0,0,0,0,0,
auth_identity_endpoint,qa_whic/phowhicrdrprd | POST /v1/:tenant/stack-instances/:id/stretchspaces/import,16,0,16,0,0,0,0,0,0,16,16,0,0,0,0,0,0,0,16,0,0,0,0,0,0,0,0,
auth_identity_endpoint,qa_whic/phowhicrdrprd | POST /v1/:tenant/stack-instances/:id/webshield/:id,16,0,16,0,0,0,0,0,0,16,16,0,0,0,0,0,0,0,16,0,0,0,0,0,0,0,0,
auth_identity_endpoint,qa_whic/phowhicrdrprd | POST /v1/:tenant/stack-instances/:id/webshield/mappings,16,0,16,0,0,0,0,0,0,16,16,0,0,0,0,0,0,0,16,0,0,0,0,0,0,0,0,
auth_identity_endpoint,qa_whic/phowhicrdrprd | POST /v1/:tenant/stack-instances/:id/webspaces,16,0,16,0,16,0,0,0,0,0,16,0,0,0,0,0,0,0,16,0,0,0,0,0,0,0,0,
auth_identity_endpoint,qa_whic/phowhicrdrprd | POST /v1/:tenant/stack-instances/:id/webspaces/:id/accounts,16,0,16,0,16,0,0,0,0,0,16,0,0,0,0,0,0,0,16,0,0,0,0,0,0,0,0,
auth_identity_endpoint,qa_whic/phowhicrdrprd | POST /v1/:tenant/stack-instances/:id/webspaces/:id/domains,16,0,16,0,16,0,0,0,0,0,16,0,0,0,0,0,0,0,16,0,0,0,0,0,0,0,0,
auth_identity_endpoint,qa_whic/phowhicrdrprd | POST /v1/:tenant/stack-instances/:id/webspaces/:id/locks,16,0,16,0,16,0,0,0,0,0,16,0,0,0,0,0,0,0,16,0,0,0,0,0,0,0,0,
auth_identity_endpoint,qa_whic/phowhicrdrprd | PUT /v1/:tenant/stack-instances/:id,16,0,16,0,0,0,0,0,0,16,16,0,0,0,0,0,0,0,16,0,0,0,0,0,0,0,0,
auth_identity_endpoint,qa_whic/phowhicrdrprd | PUT /v1/:tenant/stack-instances/:id/databases/:id,16,0,16,0,0,0,0,0,0,16,16,0,0,0,0,0,0,0,16,0,0,0,0,0,0,0,0,
auth_identity_endpoint,qa_whic/phowhicrdrprd | PUT /v1/:tenant/stack-instances/:id/databases/:id/accounts/:id,16,0,16,0,0,0,0,0,0,16,16,0,0,0,0,0,0,0,16,0,0,0,0,0,0,0,0,
auth_identity_endpoint,qa_whic/phowhicrdrprd | PUT /v1/:tenant/stack-instances/:id/redirects/:id,16,0,16,0,0,0,0,0,0,16,16,0,0,0,0,0,0,0,16,0,0,0,0,0,0,0,0,
auth_identity_endpoint,qa_whic/phowhicrdrprd | PUT /v1/:tenant/stack-instances/:id/webshield/mappings,16,0,16,0,0,0,0,0,0,16,16,0,0,0,0,0,0,0,16,0,0,0,0,0,0,0,0,
auth_identity_endpoint,qa_whic/phowhicrdrprd | PUT /v1/:tenant/stack-instances/:id/webshield/mappings/:id/:id/:id,16,0,16,0,0,0,0,0,0,16,16,0,0,0,0,0,0,0,16,0,0,0,0,0,0,0,0,
auth_identity_endpoint,qa_whic/phowhicrdrprd | PUT /v1/:tenant/stack-instances/:id/webshield/mappings/:id/certificate,16,0,16,0,0,0,0,0,0,16,16,0,0,0,0,0,0,0,16,0,0,0,0,0,0,0,0,
auth_identity_endpoint,qa_whic/phowhicrdrprd | PUT /v1/:tenant/stack-instances/:id/webspaces/:id,16,0,16,0,16,0,0,0,0,0,16,0,0,0,0,0,0,0,16,0,0,0,0,0,0,0,0,
auth_identity_endpoint,qa_whic/phowhicrdrprd | PUT /v1/:tenant/stack-instances/:id/webspaces/:id/accounts/:id,16,0,16,0,16,0,0,0,0,0,16,0,0,0,0,0,0,0,16,0,0,0,0,0,0,0,0,
auth_identity_endpoint,qa_whic/phowhicrdrprd | PUT /v1/:tenant/stack-instances/:id/webspaces/:id/domains/:id,16,0,16,0,16,0,0,0,0,0,16,0,0,0,0,0,0,0,16,0,0,0,0,0,0,0,0,
auth_identity_endpoint,qa_whic/phowhicrdrprd | PUT /v1/:tenant/verify-domain/:id,16,0,16,0,0,0,0,0,0,16,16,0,0,0,0,0,0,0,16,0,0,0,0,0,0,0,0,
auth_identity_endpoint,sandbox_qa_whic/phowhicprd | DELETE /v1/:tenant/stack-instances/:id/databases/:id/accounts/:id,16,0,16,0,0,0,0,0,0,16,16,0,0,0,0,0,0,0,8,8,0,0,0,0,0,0,0,
auth_identity_endpoint,sandbox_qa_whic/phowhicprd | DELETE /v1/:tenant/stack-instances/:id/databases/:id/locks/:id,16,0,16,0,0,0,0,0,0,16,16,0,0,0,0,0,0,0,8,8,0,0,0,0,0,0,0,
auth_identity_endpoint,sandbox_qa_whic/phowhicprd | DELETE /v1/:tenant/stack-instances/:id/redirects/:id,16,0,16,0,0,0,0,0,0,16,8,0,0,8,0,0,0,0,8,0,0,0,0,0,0,0,0,
auth_identity_endpoint,sandbox_qa_whic/phowhicprd | DELETE /v1/:tenant/stack-instances/:id/webshield/:id/:id,16,0,16,0,0,0,0,0,0,16,8,0,0,8,0,0,0,0,8,0,0,0,0,0,0,0,0,
auth_identity_endpoint,sandbox_qa_whic/phowhicprd | DELETE /v1/:tenant/stack-instances/:id/webshield/mappings/:id/certificate,16,0,16,0,0,0,0,0,0,16,8,0,0,8,0,0,0,0,8,0,0,0,0,0,0,0,0,
auth_identity_endpoint,sandbox_qa_whic/phowhicprd | DELETE /v1/:tenant/stack-instances/:id/webspaces/:id/accounts/:id,16,0,16,0,16,0,0,0,0,0,16,0,0,0,0,0,0,0,8,8,0,0,0,0,0,0,0,
auth_identity_endpoint,sandbox_qa_whic/phowhicprd | DELETE /v1/:tenant/stack-instances/:id/webspaces/:id/domains/:id,16,0,16,0,16,0,0,0,0,0,16,0,0,0,0,0,0,0,8,8,0,0,0,0,0,0,0,
auth_identity_endpoint,sandbox_qa_whic/phowhicprd | DELETE /v1/:tenant/stack-instances/:id/webspaces/:id/locks/:id,16,0,16,0,16,0,0,0,0,0,16,0,0,0,0,0,0,0,8,8,0,0,0,0,0,0,0,
auth_identity_endpoint,sandbox_qa_whic/phowhicprd | GET /v1/:tenant/:id,16,16,0,0,0,0,0,0,16,0,8,8,0,0,0,0,8,0,0,0,0,0,0,0,0,0,0,
auth_identity_endpoint,sandbox_qa_whic/phowhicprd | GET /v1/:tenant/lookup/resource/:id,16,16,0,0,0,0,0,0,16,0,8,8,0,0,0,0,8,0,0,0,0,0,0,0,0,0,0,
auth_identity_endpoint,sandbox_qa_whic/phowhicprd | GET /v1/:tenant/redirect-farm,16,16,0,0,0,0,0,0,16,0,0,16,0,0,0,0,0,0,0,0,0,0,0,0,0,0,0,
auth_identity_endpoint,sandbox_qa_whic/phowhicprd | GET /v1/:tenant/stack-instances/:id/databases/:id/accounts,16,16,0,0,0,0,0,0,16,0,8,0,0,0,0,8,0,0,8,0,0,0,0,0,0,0,0,
auth_identity_endpoint,sandbox_qa_whic/phowhicprd | GET /v1/:tenant/stack-instances/:id/databases/:id/locks,16,16,0,0,0,0,0,0,16,0,8,0,0,0,0,8,0,0,8,0,0,0,0,0,0,0,0,
auth_identity_endpoint,sandbox_qa_whic/phowhicprd | GET /v1/:tenant/stack-instances/:id/databases/:id/locks/:id,16,16,0,0,0,0,0,0,16,0,16,0,0,0,0,0,0,0,8,8,0,0,0,0,0,0,0,
auth_identity_endpoint,sandbox_qa_whic/phowhicprd | GET /v1/:tenant/stack-instances/:id/webshield/:id,16,16,0,0,0,0,0,0,16,0,8,8,0,0,0,0,0,0,8,0,0,0,0,0,0,0,0,
auth_identity_endpoint,sandbox_qa_whic/phowhicprd | GET /v1/:tenant/stack-instances/:id/webshield/:id/:id,16,16,0,0,0,0,0,0,16,0,16,0,0,0,0,0,0,0,8,8,0,0,0,0,0,0,0,
auth_identity_endpoint,sandbox_qa_whic/phowhicprd | GET /v1/:tenant/stack-instances/:id/webshield/cdn-ips,16,16,0,0,0,0,0,0,16,0,8,8,0,0,0,0,0,0,8,0,0,0,0,0,0,0,0,
auth_identity_endpoint,sandbox_qa_whic/phowhicprd | GET /v1/:tenant/stack-instances/:id/webshield/mappings/:id/certificate,16,16,0,0,0,0,0,0,16,0,16,0,0,0,0,0,0,0,8,8,0,0,0,0,0,0,0,
auth_identity_endpoint,sandbox_qa_whic/phowhicprd | GET /v1/:tenant/stack-instances/:id/webshield/public-ips,16,16,0,0,0,0,0,0,16,0,8,8,0,0,0,0,0,0,8,0,0,0,0,0,0,0,0,
auth_identity_endpoint,sandbox_qa_whic/phowhicprd | GET /v1/:tenant/stack-instances/:id/webspaces/:id/accounts,16,16,0,16,0,0,0,0,0,0,8,0,0,0,0,8,0,0,8,0,0,0,0,0,0,0,0,
auth_identity_endpoint,sandbox_qa_whic/phowhicprd | GET /v1/:tenant/stack-instances/:id/webspaces/:id/domains/:id,16,16,0,16,0,0,0,0,0,0,16,0,0,0,0,0,0,0,8,8,0,0,0,0,0,0,0,
auth_identity_endpoint,sandbox_qa_whic/phowhicprd | GET /v1/:tenant/stack-instances/:id/webspaces/:id/locks,16,16,0,16,0,0,0,0,0,0,8,8,0,0,0,0,0,0,8,0,0,0,0,0,0,0,0,
auth_identity_endpoint,sandbox_qa_whic/phowhicprd | GET /v1/:tenant/stack-instances/:id/webspaces/:id/locks/:id,16,16,0,16,0,0,0,0,0,0,16,0,0,0,0,0,0,0,8,8,0,0,0,0,0,0,0,
auth_identity_endpoint,sandbox_qa_whic/phowhicprd | PATCH /v1/:tenant/stack-instances/:id/webshield/mappings,16,0,16,0,0,0,0,0,0,16,8,0,0,8,0,0,0,0,8,0,0,0,0,0,0,0,0,
auth_identity_endpoint,sandbox_qa_whic/phowhicprd | POST /v1/:tenant/stack-instances/:id/databases/:id/locks,16,0,16,0,0,0,0,0,0,16,16,0,0,0,0,0,8,0,8,0,0,0,0,0,0,0,0,
auth_identity_endpoint,sandbox_qa_whic/phowhicprd | POST /v1/:tenant/stack-instances/:id/webshield/:id,16,0,16,0,0,0,0,0,0,16,16,0,0,0,0,0,8,0,8,0,0,0,0,0,0,0,0,
auth_identity_endpoint,sandbox_qa_whic/phowhicprd | POST /v1/:tenant/stack-instances/:id/webspaces/:id/locks,16,0,16,0,16,0,0,0,0,0,16,0,0,0,0,0,8,0,8,0,0,0,0,0,0,0,0,
auth_identity_endpoint,sandbox_qa_whic/phowhicprd | PUT /v1/:tenant/stack-instances/:id,16,0,16,0,0,0,0,0,0,16,8,8,0,0,0,0,0,0,8,0,0,0,0,0,0,0,0,
auth_identity_endpoint,sandbox_qa_whic/phowhicprd | PUT /v1/:tenant/stack-instances/:id/databases/:id,16,0,16,0,0,0,0,0,0,16,16,0,0,0,0,0,8,0,8,0,0,0,0,0,0,0,0,
auth_identity_endpoint,sandbox_qa_whic/phowhicprd | PUT /v1/:tenant/stack-instances/:id/databases/:id/accounts/:id,16,0,16,0,0,0,0,0,0,16,16,0,0,0,0,0,8,0,8,0,0,0,0,0,0,0,0,
auth_identity_endpoint,sandbox_qa_whic/phowhicprd | PUT /v1/:tenant/stack-instances/:id/redirects/:id,16,0,16,0,0,0,0,0,0,16,8,0,0,8,0,0,0,0,8,0,0,0,0,0,0,0,0,
auth_identity_endpoint,sandbox_qa_whic/phowhicprd | PUT /v1/:tenant/stack-instances/:id/webshield/mappings,16,0,16,0,0,0,0,0,0,16,8,0,0,8,0,0,0,0,8,0,0,0,0,0,0,0,0,
auth_identity_endpoint,sandbox_qa_whic/phowhicprd | PUT /v1/:tenant/stack-instances/:id/webshield/mappings/:id/:id/:id,16,0,16,0,0,0,0,0,0,16,8,0,0,0,8,0,0,0,8,0,0,0,0,0,0,0,0,
auth_identity_endpoint,sandbox_qa_whic/phowhicprd | PUT /v1/:tenant/stack-instances/:id/webshield/mappings/:id/certificate,16,0,16,0,0,0,0,0,0,16,16,0,0,0,0,0,8,0,8,0,0,0,0,0,0,0,0,
auth_identity_endpoint,sandbox_qa_whic/phowhicprd | PUT /v1/:tenant/stack-instances/:id/webspaces,16,0,16,0,16,0,0,0,0,0,16,0,0,0,0,0,0,0,0,0,0,0,0,0,0,0,0,"{""405"": 16}"
auth_identity_endpoint,sandbox_qa_whic/phowhicprd | PUT /v1/:tenant/stack-instances/:id/webspaces/:id/accounts/:id,16,0,16,0,16,0,0,0,0,0,16,0,0,0,0,0,8,0,8,0,0,0,0,0,0,0,0,
auth_identity_endpoint,sandbox_qa_whic/phowhicprd | PUT /v1/:tenant/stack-instances/:id/webspaces/:id/domains/:id,16,0,16,0,16,0,0,0,0,0,16,0,0,0,0,0,8,0,8,0,0,0,0,0,0,0,0,
auth_identity_endpoint,sandbox_qa_whic/phowhicrdrprd | DELETE /v1/:tenant/stack-instances/:id,16,0,16,0,0,0,0,0,0,16,16,0,0,0,0,0,0,0,16,0,0,0,0,0,0,0,0,
auth_identity_endpoint,sandbox_qa_whic/phowhicrdrprd | DELETE /v1/:tenant/stack-instances/:id/databases/:id/accounts/:id,16,0,16,0,0,0,0,0,0,16,16,0,0,0,0,0,0,0,16,0,0,0,0,0,0,0,0,
auth_identity_endpoint,sandbox_qa_whic/phowhicrdrprd | DELETE /v1/:tenant/stack-instances/:id/databases/:id/locks/:id,16,0,16,0,0,0,0,0,0,16,16,0,0,0,0,0,0,0,16,0,0,0,0,0,0,0,0,
auth_identity_endpoint,sandbox_qa_whic/phowhicrdrprd | DELETE /v1/:tenant/stack-instances/:id/redirects/:id,16,0,16,0,0,0,0,0,0,16,16,0,0,0,0,0,0,0,16,0,0,0,0,0,0,0,0,
auth_identity_endpoint,sandbox_qa_whic/phowhicrdrprd | DELETE /v1/:tenant/stack-instances/:id/webshield/:id/:id,16,0,16,0,0,0,0,0,0,16,16,0,0,0,0,0,0,0,16,0,0,0,0,0,0,0,0,
auth_identity_endpoint,sandbox_qa_whic/phowhicrdrprd | DELETE /v1/:tenant/stack-instances/:id/webshield/mappings/:id,16,0,16,0,0,0,0,0,0,16,16,0,0,0,0,0,0,0,16,0,0,0,0,0,0,0,0,
auth_identity_endpoint,sandbox_qa_whic/phowhicrdrprd | DELETE /v1/:tenant/stack-instances/:id/webshield/mappings/:id/certificate,16,0,16,0,0,0,0,0,0,16,16,0,0,0,0,0,0,0,16,0,0,0,0,0,0,0,0,
auth_identity_endpoint,sandbox_qa_whic/phowhicrdrprd | DELETE /v1/:tenant/stack-instances/:id/webspaces/:id/accounts/:id,16,0,16,0,16,0,0,0,0,0,16,0,0,0,0,0,0,0,16,0,0,0,0,0,0,0,0,
auth_identity_endpoint,sandbox_qa_whic/phowhicrdrprd | DELETE /v1/:tenant/stack-instances/:id/webspaces/:id/domains/:id,16,0,16,0,16,0,0,0,0,0,16,0,0,0,0,0,0,0,16,0,0,0,0,0,0,0,0,
auth_identity_endpoint,sandbox_qa_whic/phowhicrdrprd | DELETE /v1/:tenant/stack-instances/:id/webspaces/:id/locks/:id,16,0,16,0,16,0,0,0,0,0,16,0,0,0,0,0,0,0,16,0,0,0,0,0,0,0,0,
auth_identity_endpoint,sandbox_qa_whic/phowhicrdrprd | GET /v1/:tenant/:id,16,16,0,0,0,0,0,0,16,0,8,8,0,0,0,0,8,0,0,0,0,0,0,0,0,0,0,
auth_identity_endpoint,sandbox_qa_whic/phowhicrdrprd | GET /v1/:tenant/lookup/resource/:id,16,16,0,0,0,0,0,0,16,0,8,8,0,0,0,0,8,0,0,0,0,0,0,0,0,0,0,
auth_identity_endpoint,sandbox_qa_whic/phowhicrdrprd | GET /v1/:tenant/redirect-farm,16,16,0,0,0,0,0,0,16,0,0,16,0,0,0,0,0,0,0,0,0,0,0,0,0,0,0,
auth_identity_endpoint,sandbox_qa_whic/phowhicrdrprd | GET /v1/:tenant/stack-instances,16,16,0,0,0,0,0,0,16,0,8,0,0,0,0,8,0,0,8,0,0,0,0,0,0,0,0,
auth_identity_endpoint,sandbox_qa_whic/phowhicrdrprd | GET /v1/:tenant/stack-instances/:id,16,16,0,0,0,0,0,0,16,0,8,8,0,0,0,0,0,0,8,0,0,0,0,0,0,0,0,
auth_identity_endpoint,sandbox_qa_whic/phowhicrdrprd | GET /v1/:tenant/stack-instances/:id/databases,16,16,0,0,0,0,0,0,16,0,8,0,0,0,0,8,0,0,8,0,0,0,0,0,0,0,0,
auth_identity_endpoint,sandbox_qa_whic/phowhicrdrprd | GET /v1/:tenant/stack-instances/:id/databases/:id,16,16,0,0,0,0,0,0,16,0,8,8,0,0,0,0,0,0,8,0,0,0,0,0,0,0,0,
auth_identity_endpoint,sandbox_qa_whic/phowhicrdrprd | GET /v1/:tenant/stack-instances/:id/databases/:id/accounts,16,16,0,0,0,0,0,0,16,0,8,0,0,0,0,8,0,0,8,0,0,0,0,0,0,0,0,
auth_identity_endpoint,sandbox_qa_whic/phowhicrdrprd | GET /v1/:tenant/stack-instances/:id/databases/:id/accounts/:id,16,16,0,0,0,0,0,0,16,0,16,0,0,0,0,0,0,0,8,8,0,0,0,0,0,0,0,
auth_identity_endpoint,sandbox_qa_whic/phowhicrdrprd | GET /v1/:tenant/stack-instances/:id/databases/:id/locks,16,16,0,0,0,0,0,0,16,0,8,0,0,0,0,8,0,0,8,0,0,0,0,0,0,0,0,
auth_identity_endpoint,sandbox_qa_whic/phowhicrdrprd | GET /v1/:tenant/stack-instances/:id/databases/:id/locks/:id,16,16,0,0,0,0,0,0,16,0,16,0,0,0,0,0,0,0,8,8,0,0,0,0,0,0,0,
auth_identity_endpoint,sandbox_qa_whic/phowhicrdrprd | GET /v1/:tenant/stack-instances/:id/redirects,16,16,0,0,0,0,0,0,16,0,8,0,0,0,0,8,0,0,8,0,0,0,0,0,0,0,0,
auth_identity_endpoint,sandbox_qa_whic/phowhicrdrprd | GET /v1/:tenant/stack-instances/:id/redirects/:id,16,16,0,0,0,0,0,0,16,0,16,0,0,0,0,0,0,0,8,8,0,0,0,0,0,0,0,
auth_identity_endpoint,sandbox_qa_whic/phowhicrdrprd | GET /v1/:tenant/stack-instances/:id/webshield/:id,16,16,0,0,0,0,0,0,16,0,8,8,0,0,0,0,0,0,8,0,0,0,0,0,0,0,0,
auth_identity_endpoint,sandbox_qa_whic/phowhicrdrprd | GET /v1/:tenant/stack-instances/:id/webshield/:id/:id,16,16,0,0,0,0,0,0,16,0,16,0,0,0,0,0,0,0,8,8,0,0,0,0,0,0,0,
auth_identity_endpoint,sandbox_qa_whic/phowhicrdrprd | GET /v1/:tenant/stack-instances/:id/webshield/cdn-ips,16,16,0,0,0,0,0,0,16,0,8,8,0,0,0,0,0,0,8,0,0,0,0,0,0,0,0,
auth_identity_endpoint,sandbox_qa_whic/phowhicrdrprd | GET /v1/:tenant/stack-instances/:id/webshield/mappings,16,16,0,0,0,0,0,0,16,0,8,8,0,0,0,0,0,0,8,0,0,0,0,0,0,0,0,
auth_identity_endpoint,sandbox_qa_whic/phowhicrdrprd | GET /v1/:tenant/stack-instances/:id/webshield/mappings/:id,16,16,0,0,0,0,0,0,16,0,16,0,0,0,0,0,0,0,8,8,0,0,0,0,0,0,0,
auth_identity_endpoint,sandbox_qa_whic/phowhicrdrprd | GET /v1/:tenant/stack-instances/:id/webshield/mappings/:id/certificate,16,16,0,0,0,0,0,0,16,0,16,0,0,0,0,0,0,0,8,8,0,0,0,0,0,0,0,
auth_identity_endpoint,sandbox_qa_whic/phowhicrdrprd | GET /v1/:tenant/stack-instances/:id/webshield/public-ips,16,16,0,0,0,0,0,0,16,0,8,8,0,0,0,0,0,0,8,0,0,0,0,0,0,0,0,
auth_identity_endpoint,sandbox_qa_whic/phowhicrdrprd | GET /v1/:tenant/stack-instances/:id/webspaces,16,16,0,16,0,0,0,0,0,0,8,0,0,0,0,8,0,0,8,0,0,0,0,0,0,0,0,
auth_identity_endpoint,sandbox_qa_whic/phowhicrdrprd | GET /v1/:tenant/stack-instances/:id/webspaces/:id,16,16,0,16,0,0,0,0,0,0,8,8,0,0,0,0,0,0,8,0,0,0,0,0,0,0,0,
auth_identity_endpoint,sandbox_qa_whic/phowhicrdrprd | GET /v1/:tenant/stack-instances/:id/webspaces/:id/accounts,16,16,0,16,0,0,0,0,0,0,8,0,0,0,0,8,0,0,8,0,0,0,0,0,0,0,0,
auth_identity_endpoint,sandbox_qa_whic/phowhicrdrprd | GET /v1/:tenant/stack-instances/:id/webspaces/:id/accounts/:id,16,16,0,16,0,0,0,0,0,0,16,0,0,0,0,0,0,0,8,8,0,0,0,0,0,0,0,
auth_identity_endpoint,sandbox_qa_whic/phowhicrdrprd | GET /v1/:tenant/stack-instances/:id/webspaces/:id/domains,16,16,0,16,0,0,0,0,0,0,8,0,0,0,0,8,0,0,8,0,0,0,0,0,0,0,0,
auth_identity_endpoint,sandbox_qa_whic/phowhicrdrprd | GET /v1/:tenant/stack-instances/:id/webspaces/:id/domains/:id,16,16,0,16,0,0,0,0,0,0,16,0,0,0,0,0,0,0,8,8,0,0,0,0,0,0,0,
auth_identity_endpoint,sandbox_qa_whic/phowhicrdrprd | GET /v1/:tenant/stack-instances/:id/webspaces/:id/locks,16,16,0,16,0,0,0,0,0,0,8,8,0,0,0,0,0,0,8,0,0,0,0,0,0,0,0,
auth_identity_endpoint,sandbox_qa_whic/phowhicrdrprd | GET /v1/:tenant/stack-instances/:id/webspaces/:id/locks/:id,16,16,0,16,0,0,0,0,0,0,16,0,0,0,0,0,0,0,8,8,0,0,0,0,0,0,0,
auth_identity_endpoint,sandbox_qa_whic/phowhicrdrprd | GET /v1/:tenant/tenant-profile,16,16,0,0,0,0,0,0,16,0,8,8,0,0,0,0,8,0,0,0,0,0,0,0,0,0,0,
auth_identity_endpoint,sandbox_qa_whic/phowhicrdrprd | PATCH /v1/:tenant/stack-instances/:id/webshield/mappings,16,0,16,0,0,0,0,0,0,16,16,0,0,0,0,0,0,0,16,0,0,0,0,0,0,0,0,
auth_identity_endpoint,sandbox_qa_whic/phowhicrdrprd | POST /v1/:tenant/stack-instances,16,0,16,0,0,0,0,0,0,16,16,0,0,0,0,0,0,0,16,0,0,0,0,0,0,0,0,
auth_identity_endpoint,sandbox_qa_whic/phowhicrdrprd | POST /v1/:tenant/stack-instances/:id/databases,16,0,16,0,0,0,0,0,0,16,16,0,0,0,0,0,0,0,16,0,0,0,0,0,0,0,0,
auth_identity_endpoint,sandbox_qa_whic/phowhicrdrprd | POST /v1/:tenant/stack-instances/:id/databases/:id/accounts,16,0,16,0,0,0,0,0,0,16,16,0,0,0,0,0,0,0,16,0,0,0,0,0,0,0,0,
auth_identity_endpoint,sandbox_qa_whic/phowhicrdrprd | POST /v1/:tenant/stack-instances/:id/databases/:id/locks,16,0,16,0,0,0,0,0,0,16,16,0,0,0,0,0,0,0,16,0,0,0,0,0,0,0,0,
auth_identity_endpoint,sandbox_qa_whic/phowhicrdrprd | POST /v1/:tenant/stack-instances/:id/redirects,16,0,16,0,0,0,0,0,0,16,16,0,0,0,0,0,0,0,16,0,0,0,0,0,0,0,0,
auth_identity_endpoint,sandbox_qa_whic/phowhicrdrprd | POST /v1/:tenant/stack-instances/:id/stretchspaces/import,16,0,16,0,0,0,0,0,0,16,16,0,0,0,0,0,0,0,16,0,0,0,0,0,0,0,0,
auth_identity_endpoint,sandbox_qa_whic/phowhicrdrprd | POST /v1/:tenant/stack-instances/:id/webshield/:id,16,0,16,0,0,0,0,0,0,16,16,0,0,0,0,0,0,0,16,0,0,0,0,0,0,0,0,
auth_identity_endpoint,sandbox_qa_whic/phowhicrdrprd | POST /v1/:tenant/stack-instances/:id/webshield/mappings,16,0,16,0,0,0,0,0,0,16,16,0,0,0,0,0,0,0,16,0,0,0,0,0,0,0,0,
auth_identity_endpoint,sandbox_qa_whic/phowhicrdrprd | POST /v1/:tenant/stack-instances/:id/webspaces,16,0,16,0,16,0,0,0,0,0,16,0,0,0,0,0,0,0,16,0,0,0,0,0,0,0,0,
auth_identity_endpoint,sandbox_qa_whic/phowhicrdrprd | POST /v1/:tenant/stack-instances/:id/webspaces/:id/accounts,16,0,16,0,16,0,0,0,0,0,16,0,0,0,0,0,0,0,16,0,0,0,0,0,0,0,0,
auth_identity_endpoint,sandbox_qa_whic/phowhicrdrprd | POST /v1/:tenant/stack-instances/:id/webspaces/:id/domains,16,0,16,0,16,0,0,0,0,0,16,0,0,0,0,0,0,0,16,0,0,0,0,0,0,0,0,
auth_identity_endpoint,sandbox_qa_whic/phowhicrdrprd | POST /v1/:tenant/stack-instances/:id/webspaces/:id/locks,16,0,16,0,16,0,0,0,0,0,16,0,0,0,0,0,0,0,16,0,0,0,0,0,0,0,0,
auth_identity_endpoint,sandbox_qa_whic/phowhicrdrprd | PUT /v1/:tenant/stack-instances/:id,16,0,16,0,0,0,0,0,0,16,16,0,0,0,0,0,0,0,16,0,0,0,0,0,0,0,0,
auth_identity_endpoint,sandbox_qa_whic/phowhicrdrprd | PUT /v1/:tenant/stack-instances/:id/databases/:id,16,0,16,0,0,0,0,0,0,16,16,0,0,0,0,0,0,0,16,0,0,0,0,0,0,0,0,
auth_identity_endpoint,sandbox_qa_whic/phowhicrdrprd | PUT /v1/:tenant/stack-instances/:id/databases/:id/accounts/:id,16,0,16,0,0,0,0,0,0,16,16,0,0,0,0,0,0,0,16,0,0,0,0,0,0,0,0,
auth_identity_endpoint,sandbox_qa_whic/phowhicrdrprd | PUT /v1/:tenant/stack-instances/:id/redirects/:id,16,0,16,0,0,0,0,0,0,16,16,0,0,0,0,0,0,0,16,0,0,0,0,0,0,0,0,
auth_identity_endpoint,sandbox_qa_whic/phowhicrdrprd | PUT /v1/:tenant/stack-instances/:id/webshield/mappings,16,0,16,0,0,0,0,0,0,16,16,0,0,0,0,0,0,0,16,0,0,0,0,0,0,0,0,
auth_identity_endpoint,sandbox_qa_whic/phowhicrdrprd | PUT /v1/:tenant/stack-instances/:id/webshield/mappings/:id/:id/:id,16,0,16,0,0,0,0,0,0,16,16,0,0,0,0,0,0,0,16,0,0,0,0,0,0,0,0,
auth_identity_endpoint,sandbox_qa_whic/phowhicrdrprd | PUT /v1/:tenant/stack-instances/:id/webshield/mappings/:id/certificate,16,0,16,0,0,0,0,0,0,16,16,0,0,0,0,0,0,0,16,0,0,0,0,0,0,0,0,
auth_identity_endpoint,sandbox_qa_whic/phowhicrdrprd | PUT /v1/:tenant/stack-instances/:id/webspaces/:id,16,0,16,0,16,0,0,0,0,0,16,0,0,0,0,0,0,0,16,0,0,0,0,0,0,0,0,
auth_identity_endpoint,sandbox_qa_whic/phowhicrdrprd | PUT /v1/:tenant/stack-instances/:id/webspaces/:id/accounts/:id,16,0,16,0,16,0,0,0,0,0,16,0,0,0,0,0,0,0,16,0,0,0,0,0,0,0,0,
auth_identity_endpoint,sandbox_qa_whic/phowhicrdrprd | PUT /v1/:tenant/stack-instances/:id/webspaces/:id/domains/:id,16,0,16,0,16,0,0,0,0,0,16,0,0,0,0,0,0,0,16,0,0,0,0,0,0,0,0,
auth_identity_endpoint,sandbox_qa_whic/phowhicrdrprd | PUT /v1/:tenant/verify-domain/:id,16,0,16,0,0,0,0,0,0,16,16,0,0,0,0,0,0,0,16,0,0,0,0,0,0,0,0,
auth_identity_endpoint,sandbox_worldforyou/photnw4ywaasqa | GET /v1/:tenant/stack-instances/:id/webshield/public-ips,16,16,0,0,0,0,0,0,16,0,0,16,0,0,0,0,0,0,0,0,0,0,0,0,0,0,0,
auth_identity_endpoint,trial_strato/pstratoswhtp | GET /v1/:tenant/stack-instances/:id,16,16,0,0,0,0,0,0,16,0,0,16,0,0,0,0,0,0,0,0,0,0,0,0,0,0,0,
auth_identity_endpoint,OneAndOne/phosmwpionosprdbap | POST /v1/:tenant/stack-instances/:id/stretchspaces/:id/accounts,15,0,15,0,0,0,0,0,0,15,0,0,0,15,0,0,0,0,0,0,0,0,0,0,0,0,0,
auth_identity_endpoint,base_arsys/phosmwpsysprd | DELETE /v1/:tenant/stack-instances/:id,15,0,15,0,0,0,0,0,0,15,0,0,0,0,15,0,0,0,0,0,0,0,0,0,0,0,0,
auth_identity_endpoint,base_ionoscloud/pstncdnwafwaasprod | GET /v1/:tenant/:id,15,15,0,0,0,0,0,0,15,0,0,15,0,0,0,0,0,0,0,0,0,0,0,0,0,0,0,
auth_identity_endpoint,base_ionoscloud/pstncdnwafwaasprod | POST /v1/:tenant/stack-instances,15,0,15,0,0,0,0,0,0,15,0,0,15,0,0,0,0,0,0,0,0,0,0,0,0,0,0,
auth_identity_endpoint,base_ionoscloud/pstncdnwafwaasprod | POST /v1/:tenant/stack-instances/:id/webshield/mappings,15,0,15,0,0,0,0,0,0,15,0,0,0,15,0,0,0,0,0,0,0,0,0,0,0,0,0,
auth_identity_endpoint,base_ionoscloud/pstncdnwafwaasprod | PUT /v1/:tenant/stack-instances/:id/webshield/mappings,15,0,15,0,0,0,0,0,0,15,0,0,0,15,0,0,0,0,0,0,0,0,0,0,0,0,0,
auth_identity_endpoint,base_webde/phosmamdomprd | GET /v1/:tenant/stack-instances/:id/redirects,15,15,0,0,0,0,0,0,15,0,1,0,0,0,0,14,0,0,0,1,0,0,0,0,0,0,0,
auth_identity_endpoint,gitspace_oneandone/pbtionosspaceprod | GET /v1/:tenant/stack-instances/:id/webspaces/:id/accounts/:id,15,15,0,15,0,0,0,0,0,0,0,15,0,0,0,0,0,0,0,0,0,0,0,0,0,0,0,
auth_identity_endpoint,gitspace_oneandone/pbtionosspaceprod | POST /v1/:tenant/stack-instances/:id/webspaces/:id/accounts,15,0,15,0,15,0,0,0,0,0,0,0,0,15,0,0,0,0,0,0,0,0,0,0,0,0,0,
auth_identity_endpoint,sandbox_fasthosts/pfhhostingtest | PUT /v1/:tenant/eventing/notifications/history/pointer/:id,15,0,15,0,0,0,15,0,0,0,0,0,0,0,15,0,0,0,0,0,0,0,0,0,0,0,0,
auth_identity_endpoint,sandbox_gitspace_oneandone/phosstackcleanupprd | DELETE /v1/:tenant/stack-instances/:id,15,0,15,0,0,0,0,0,0,15,0,0,0,0,15,0,0,0,0,0,0,0,0,0,0,0,0,
auth_identity_endpoint,trial_sfs/photnsfstrialprd | DELETE /v1/:tenant/stack-instances/:id/webshield/mappings/:id,15,0,15,0,0,0,0,0,0,15,0,0,0,15,0,0,0,0,0,0,0,0,0,0,0,0,0,
auth_identity_endpoint,/phowhicprd | GET /v1/:tenant/stack-instances,14,14,0,0,0,0,0,0,14,0,14,0,0,0,0,0,14,0,0,0,0,0,0,0,0,0,0,
auth_identity_endpoint,WhicQAdnd/phowhicdndprd | GET /v1/:tenant/stack-instances/:id/webspaces/:id/accounts/:id,14,14,0,14,0,0,0,0,0,0,0,14,0,0,0,0,0,0,0,0,0,0,0,0,0,0,0,
auth_identity_endpoint,WhicQAdnd/phowhicdndprd | PUT /v1/:tenant/stack-instances/:id/webspaces/:id/accounts/:id,14,0,14,0,14,0,0,0,0,0,0,0,0,14,0,0,0,0,0,0,0,0,0,0,0,0,0,
auth_identity_endpoint,base_fasthosts/phosmwpfasthprdbap | DELETE /v1/:tenant/stack-instances/:id/webshield/mappings/:id,14,0,14,0,0,0,0,0,0,14,14,0,0,0,0,0,0,0,0,0,0,0,14,0,0,0,0,
auth_identity_endpoint,base_gmxde/phosmamdomprd | GET /v1/:tenant/stack-instances/:id/redirects/:id,14,14,0,0,0,0,0,0,14,0,0,14,0,0,0,0,0,0,0,0,0,0,0,0,0,0,0,
auth_identity_endpoint,base_gmxde/phosmwpgmxprd | DELETE /v1/:tenant/stack-instances/:id/redirects/:id,14,0,14,0,0,0,0,0,0,14,0,0,0,14,0,0,0,0,0,0,0,0,0,0,0,0,0,
auth_identity_endpoint,base_gmxde/phosmwpgmxprdbap | DELETE /v1/:tenant/stack-instances/:id/redirects/:id,14,0,14,0,0,0,0,0,0,14,0,0,0,14,0,0,0,0,0,0,0,0,0,0,0,0,0,
auth_identity_endpoint,base_homepl/phosmwphomeplprd | DELETE /v1/:tenant/stack-instances/:id,14,0,14,0,0,0,0,0,0,14,0,0,0,0,14,0,0,0,0,0,0,0,0,0,0,0,0,
auth_identity_endpoint,base_piensa/phosmwppiensaprdbap | GET /v1/:tenant/stack-instances/:id/webspaces/:id/domains/:id,14,14,0,14,0,0,0,0,0,0,0,14,0,0,0,0,0,0,0,0,0,0,0,0,0,0,0,
auth_identity_endpoint,base_webde/phosmwpwebdeprd | DELETE /v1/:tenant/stack-instances/:id/redirects/:id,14,0,14,0,0,0,0,0,0,14,0,0,0,14,0,0,0,0,0,0,0,0,0,0,0,0,0,
auth_identity_endpoint,sandbox_worldforyou/photnw4ywaasqa | DELETE /v1/:tenant/stack-instances/:id,14,0,14,0,0,0,0,0,0,14,0,0,0,0,14,0,0,0,0,0,0,0,0,0,0,0,0,
auth_identity_endpoint,OneAndOne/phosmwpionosprd | POST /v1/:tenant/stack-instances/:id/stretchspaces/:id/accounts,13,0,13,0,0,0,0,0,0,13,0,0,0,13,0,0,0,0,0,0,0,0,0,0,0,0,0,
auth_identity_endpoint,OneAndOne/pwhpsswaasprod | DELETE /v1/:tenant/stack-instances/:id,13,0,13,0,0,0,0,0,0,13,0,0,0,0,13,0,0,0,0,0,0,0,0,0,0,0,0,
auth_identity_endpoint,base_arsys/parsyswaaspro | POST /v1/:tenant/stack-instances/:id/stretchspaces/:id/locks,13,0,13,0,0,0,0,0,0,13,0,0,0,13,0,0,0,0,0,0,0,0,0,0,0,0,0,
auth_identity_endpoint,base_gmxde/phosmwpgmxprdbap | POST /v1/:tenant/stack-instances/:id/redirects,13,0,13,0,0,0,0,0,0,13,0,0,0,13,0,0,0,0,0,0,0,0,0,0,0,0,0,
auth_identity_endpoint,base_piensa/phosmwppiensaprd | DELETE /v1/:tenant/stack-instances/:id/redirects/:id,13,0,13,0,0,0,0,0,0,13,0,0,0,13,0,0,0,0,0,0,0,0,0,0,0,0,0,
auth_identity_endpoint,base_piensa/phosmwppiensaprd | GET /v1/:tenant/stack-instances/:id/webspaces/:id/domains/:id,13,13,0,13,0,0,0,0,0,0,0,13,0,0,0,0,0,0,0,0,0,0,0,0,0,0,0,
auth_identity_endpoint,base_piensa/ppiensawaaspro | DELETE /v1/:tenant/stack-instances/:id/webspaces/:id/domains/:id,13,0,13,0,13,0,0,0,0,0,1,0,0,12,0,0,0,0,0,1,0,0,0,0,0,0,0,
auth_identity_endpoint,qa_whic/phowhicprd | DELETE /v1/:tenant/stack-instances/:id/webshield/mappings/:id/:id,13,0,13,0,0,0,0,0,0,13,0,0,0,13,0,0,0,0,0,0,0,0,0,0,0,0,0,
auth_identity_endpoint,sandbox_worldforyou/photnw4ywaasqa | GET /v1/:tenant/stack-instances/:id/stretchspaces,13,13,0,0,0,0,0,0,13,0,0,0,0,0,0,13,0,0,0,0,0,0,0,0,0,0,0,
auth_identity_endpoint,sandbox_worldforyou/photnw4ywaasqa | GET /v1/:tenant/stack-instances/:id/stretchspaces/:id/domains,13,13,0,0,0,0,0,0,13,0,0,0,0,0,0,13,0,0,0,0,0,0,0,0,0,0,0,
auth_identity_endpoint,trial_strato/pstratoswhtp | GET /v1/:tenant/stack-instances/:id/webshield/mappings/:id/certificate,13,13,0,0,0,0,0,0,13,0,6,7,0,0,0,0,0,0,0,6,0,0,0,0,0,0,0,
auth_identity_endpoint,EShopOneAndOne/photniomwsprod | GET /v1/:tenant/:id,12,12,0,0,0,0,0,0,12,0,0,12,0,0,0,0,0,0,0,0,0,0,0,0,0,0,0,
auth_identity_endpoint,EShopOneAndOne/photniomwsprod | GET /v1/:tenant/stack-instances/:id/webshield/public-ips,12,12,0,0,0,0,0,0,12,0,0,12,0,0,0,0,0,0,0,0,0,0,0,0,0,0,0,
auth_identity_endpoint,OneAndOne/pwhpsswaasprod | DELETE /v1/:tenant/stack-instances/:id/databases/:id/accounts/:id,12,0,12,0,0,0,0,0,0,12,0,0,0,12,0,0,0,0,0,0,0,0,0,0,0,0,0,
auth_identity_endpoint,base_arsys/parsyswaaspro | PUT /v1/:tenant/stack-instances/:id/stretchspaces/:id/accounts/:id,12,0,12,0,0,0,0,0,0,12,0,0,0,12,0,0,0,0,0,0,0,0,0,0,0,0,0,
auth_identity_endpoint,base_fasthosts/phosmwpfasthprdbap | GET /v1/:tenant/stack-instances/:id/webspaces,12,12,0,12,0,0,0,0,0,0,0,0,0,0,0,12,0,0,0,0,0,0,0,0,0,0,0,
auth_identity_endpoint,base_gmxde/phosmamdomprd | DELETE /v1/:tenant/stack-instances/:id/redirects/:id,12,0,12,0,0,0,0,0,0,12,0,0,0,12,0,0,0,0,0,0,0,0,0,0,0,0,0,
auth_identity_endpoint,base_gmxde/phosmamdomprd | GET /v1/:tenant/stack-instances/:id/webshield/mappings,12,12,0,0,0,0,0,0,12,0,0,12,0,0,0,0,0,0,0,0,0,0,0,0,0,0,0,
auth_identity_endpoint,base_gmxde/phosmwpgmxprdbap | POST /v1/:tenant/stack-instances/:id/databases/:id/accounts,12,0,12,0,0,0,0,0,0,12,0,0,0,12,0,0,0,0,0,0,0,0,0,0,0,0,0,
auth_identity_endpoint,base_webde/phosmwpwebdeprdbap | DELETE /v1/:tenant/stack-instances/:id,12,0,12,0,0,0,0,0,0,12,0,0,0,0,12,0,0,0,0,0,0,0,0,0,0,0,0,
auth_identity_endpoint,base_webde/phosmwpwebdeprdbap | DELETE /v1/:tenant/stack-instances/:id/redirects/:id,12,0,12,0,0,0,0,0,0,12,0,0,0,12,0,0,0,0,0,0,0,0,0,0,0,0,0,
auth_identity_endpoint,sandbox_qa_whic/phowhicprd | GET /v1/:tenant/stack-instances/:id/stretchspaces/:id/accounts/:id,12,12,0,0,0,0,0,0,12,0,0,12,0,0,0,0,0,0,0,0,0,0,0,0,0,0,0,
auth_identity_endpoint,sandbox_qa_whic/phowhicprd | POST /v1/:tenant/stack-instances/:id/stretchspaces/:id/accounts,12,0,12,0,0,0,0,0,0,12,0,0,0,12,0,0,0,0,0,0,0,0,0,0,0,0,0,
auth_identity_endpoint,OneAndOne/phosmwpionosprd | GET /v1/:tenant/stack-instances/:id/stretchspaces/:id,11,11,0,0,0,0,0,0,11,0,0,11,0,0,0,0,0,0,0,0,0,0,0,0,0,0,0,
auth_identity_endpoint,base_fasthosts/pfhhostingprod | PUT /v1/:tenant/stack-instances/:id/databases/:id/accounts/:id,11,0,11,0,0,0,0,0,0,11,0,0,0,11,0,0,0,0,0,0,0,0,0,0,0,0,0,
auth_identity_endpoint,base_fasthosts/phosmwpfasthprd | POST /v1/:tenant/stack-instances/:id/webspaces,11,0,11,0,11,0,0,0,0,0,0,0,0,11,0,0,0,0,0,0,0,0,0,0,0,0,0,
auth_identity_endpoint,base_gmxde/phosmwpgmxprd | GET /v1/:tenant/stack-instances/:id/databases/:id,11,11,0,0,0,0,0,0,11,0,0,11,0,0,0,0,0,0,0,0,0,0,0,0,0,0,0,
auth_identity_endpoint,base_webde/phosmwpwebdeprd | PUT /v1/:tenant/stack-instances/:id/webspaces/:id,11,0,11,0,11,0,0,0,0,0,0,0,0,11,0,0,0,0,0,0,0,0,0,0,0,0,0,
auth_identity_endpoint,base_webde/phosmwpwebdeprdbap | GET /v1/:tenant/stack-instances/:id/webshield/public-ips,11,11,0,0,0,0,0,0,11,0,0,11,0,0,0,0,0,0,0,0,0,0,0,0,0,0,0,
auth_identity_endpoint,base_webde/phosmwpwebdeprdbap | POST /v1/:tenant/stack-instances,11,0,11,0,0,0,0,0,0,11,0,0,11,0,0,0,0,0,0,0,0,0,0,0,0,0,0,
auth_identity_endpoint,base_webde/phosmwpwebdeprdbap | POST /v1/:tenant/stack-instances/:id/webspaces,11,0,11,0,11,0,0,0,0,0,0,0,0,11,0,0,0,0,0,0,0,0,0,0,0,0,0,
auth_identity_endpoint,sandbox_mws8_oneandone/photniomwsprod | DELETE /v1/:tenant/stack-instances/:id,11,0,11,0,0,0,0,0,0,11,0,0,0,0,11,0,0,0,0,0,0,0,0,0,0,0,0,
auth_identity_endpoint,sandbox_mws8_oneandone/photniomwsprod | POST /v1/:tenant/stack-instances,11,0,11,0,0,0,0,0,0,11,0,0,11,0,0,0,0,0,0,0,0,0,0,0,0,0,0,
auth_identity_endpoint,sandbox_mws8_oneandone/photniomwsprod | POST /v1/:tenant/stack-instances/:id/webspaces,11,0,11,0,11,0,0,0,0,0,0,0,0,11,0,0,0,0,0,0,0,0,0,0,0,0,0,
auth_identity_endpoint,sandbox_worldforyou/photnw4ywaasqa | POST /v1/:tenant/stack-instances,11,0,11,0,0,0,0,0,0,11,0,0,11,0,0,0,0,0,0,0,0,0,0,0,0,0,0,
auth_identity_endpoint,sandbox_worldforyou/photnw4ywaasqa | POST /v1/:tenant/stack-instances/:id/stretchspaces,11,0,11,0,0,0,0,0,0,11,2,0,0,9,0,0,0,0,0,0,2,0,0,0,0,0,0,
auth_identity_endpoint,trial_strato/pstratoswhtp | GET /v1/:tenant/stack-instances,11,11,0,0,0,0,0,0,11,0,6,0,0,0,0,5,0,0,0,0,0,6,0,0,0,0,0,
auth_identity_endpoint,UDAG/photnwudagprd | POST /v1/:tenant/stack-instances/:id/databases/:id/accounts,10,0,10,0,0,0,0,0,0,10,0,0,0,10,0,0,0,0,0,0,0,0,0,0,0,0,0,
auth_identity_endpoint,base_gmxde/phosmwpgmxprd | DELETE /v1/:tenant/stack-instances/:id,10,0,10,0,0,0,0,0,0,10,0,0,0,0,10,0,0,0,0,0,0,0,0,0,0,0,0,
auth_identity_endpoint,base_webde/phosmwpwebdeprd | POST /v1/:tenant/stack-instances/:id/databases,10,0,10,0,0,0,0,0,0,10,0,0,0,10,0,0,0,0,0,0,0,0,0,0,0,0,0,
auth_identity_endpoint,base_webde/phosmwpwebdeprdbap | GET /v1/:tenant/lookup/resource/:id,10,10,0,0,0,0,0,0,10,0,0,10,0,0,0,0,0,0,0,0,0,0,0,0,0,0,0,
auth_identity_endpoint,gitspace_oneandone/pbtionosspaceprod | POST /v1/:tenant/stack-instances/:id/databases/:id/locks,10,0,10,0,0,0,0,0,0,10,0,0,0,10,0,0,0,0,0,0,0,0,0,0,0,0,0,
auth_identity_endpoint,sandbox_fasthosts/phosmwpfasthsndbbap | PUT /v1/:tenant/eventing/notifications/history/pointer/:id,10,0,10,0,0,0,10,0,0,0,0,0,0,0,10,0,0,0,0,0,0,0,0,0,0,0,0,
auth_identity_endpoint,sandbox_worldforyou/photnw4ywaasqa | PUT /v1/:tenant/stack-instances/:id/stretchspaces/:id,10,0,10,0,0,0,0,0,0,10,0,0,0,10,0,0,0,0,0,0,0,0,0,0,0,0,0,
auth_identity_endpoint,trial_strato/pstratoswhtp | PUT /v1/:tenant/stack-instances/:id/webshield/mappings/:id/:id/:id,10,0,10,0,0,0,0,0,0,10,0,0,0,0,10,0,0,0,0,0,0,0,0,0,0,0,0,
auth_identity_endpoint,/<user not set> | DELETE /v1/:tenant/stack-instances/:id/stretchspaces/:id/accounts/:id,9,0,9,0,0,0,0,0,0,9,9,0,0,0,0,0,0,9,0,0,0,0,0,0,0,0,0,
auth_identity_endpoint,OneAndOne/phosmwpionosprd | GET /v1/:tenant/lookup/resource/:id,9,9,0,0,0,0,0,0,9,0,0,9,0,0,0,0,0,0,0,0,0,0,0,0,0,0,0,
auth_identity_endpoint,base_gmxde/phosmwpgmxprd | POST /v1/:tenant/stack-instances/:id/redirects,9,0,9,0,0,0,0,0,0,9,0,0,0,9,0,0,0,0,0,0,0,0,0,0,0,0,0,
auth_identity_endpoint,base_homepl/phosmwphomeplbap | DELETE /v1/:tenant/stack-instances/:id,9,0,9,0,0,0,0,0,0,9,0,0,0,0,9,0,0,0,0,0,0,0,0,0,0,0,0,
auth_identity_endpoint,base_piensa/phosmwppiensaprdbap | POST /v1/:tenant/stack-instances/:id/webspaces/:id/domains,9,0,9,0,9,0,0,0,0,0,0,0,0,9,0,0,0,0,0,0,0,0,0,0,0,0,0,
auth_identity_endpoint,base_webde/phosmamdomprd | GET /v1/:tenant/stack-instances/:id/webspaces,9,9,0,9,0,0,0,0,0,0,5,0,0,0,0,4,0,0,2,3,0,0,0,0,0,0,0,
auth_identity_endpoint,base_webde/phosmwpwebdeprd | DELETE /v1/:tenant/stack-instances/:id,9,0,9,0,0,0,0,0,0,9,0,0,0,0,9,0,0,0,0,0,0,0,0,0,0,0,0,
auth_identity_endpoint,base_webde/phosmwpwebdeprdbap | POST /v1/:tenant/stack-instances/:id/redirects,9,0,9,0,0,0,0,0,0,9,0,0,0,9,0,0,0,0,0,0,0,0,0,0,0,0,0,
auth_identity_endpoint,sandbox_fasthosts/phosmwpfasthsndbprd | PUT /v1/:tenant/eventing/notifications/history/pointer/:id,9,0,9,0,0,0,9,0,0,0,0,0,0,0,9,0,0,0,0,0,0,0,0,0,0,0,0,
auth_identity_endpoint,trial_sfs/photnsfstrialprd | DELETE /v1/:tenant/stack-instances/:id,9,0,9,0,0,0,0,0,0,9,0,0,0,0,9,0,0,0,0,0,0,0,0,0,0,0,0,
auth_identity_endpoint,/phowhicprd | GET /v1/:tenant/stack-instances/:id/webshield/mappings/:id,8,8,0,0,0,0,0,0,8,0,8,0,0,0,0,0,8,0,0,0,0,0,0,0,0,0,0,
auth_identity_endpoint,/phowhicprd | POST /v1/:tenant/stack-instances/:id/webspaces/:id/accounts,8,0,8,0,8,0,0,0,0,0,8,0,0,0,0,0,0,0,0,8,0,0,0,0,0,0,0,
auth_identity_endpoint,WhicQAdnd/phowhicdndprd | GET /v1/:tenant/stack-instances/:id,8,8,0,0,0,0,0,0,8,0,0,8,0,0,0,0,0,0,0,0,0,0,0,0,0,0,0,
auth_identity_endpoint,WhicQAdnd/phowhicdndprd | PUT /v1/:tenant/stack-instances/:id,8,0,8,0,0,0,0,0,0,8,8,0,0,0,0,0,8,0,0,0,0,0,0,0,0,0,0,
auth_identity_endpoint,WhicQAdnd/phowhicprd | POST /v1/:tenant/stack-instances,8,0,8,0,0,0,0,0,0,8,8,0,0,0,0,0,0,0,8,0,0,0,0,0,0,0,0,
auth_identity_endpoint,base_gmxde/phosmwpgmxprd | GET /v1/:tenant/stack-instances/:id/webshield/public-ips,8,8,0,0,0,0,0,0,8,0,0,8,0,0,0,0,0,0,0,0,0,0,0,0,0,0,0,
auth_identity_endpoint,base_gmxde/phosmwpgmxprd | POST /v1/:tenant/stack-instances,8,0,8,0,0,0,0,0,0,8,0,0,8,0,0,0,0,0,0,0,0,0,0,0,0,0,0,
auth_identity_endpoint,base_gmxde/phosmwpgmxprd | POST /v1/:tenant/stack-instances/:id/webspaces,8,0,8,0,8,0,0,0,0,0,0,0,0,8,0,0,0,0,0,0,0,0,0,0,0,0,0,
auth_identity_endpoint,base_gmxde/phosmwpgmxprdbap | POST /v1/:tenant/stack-instances/:id/databases,8,0,8,0,0,0,0,0,0,8,0,0,0,8,0,0,0,0,0,0,0,0,0,0,0,0,0,
auth_identity_endpoint,base_gmxde/phosmwpgmxprdbap | PUT /v1/:tenant/stack-instances/:id/webspaces/:id,8,0,8,0,8,0,0,0,0,0,0,0,0,8,0,0,0,0,0,0,0,0,0,0,0,0,0,
auth_identity_endpoint,base_piensa/ppiensawaaspro | POST /v1/:tenant/stack-instances/:id/stretchspaces/:id/locks,8,0,8,0,0,0,0,0,0,8,0,0,0,8,0,0,0,0,0,0,0,0,0,0,0,0,0,
auth_identity_endpoint,base_webde/phosmwpwebdeprd | POST /v1/:tenant/stack-instances/:id/redirects,8,0,8,0,0,0,0,0,0,8,0,0,0,8,0,0,0,0,0,0,0,0,0,0,0,0,0,
auth_identity_endpoint,qa_whic/phowhicprd | DELETE /v1/:tenant/stack-instances/:id/webshield/mappings,8,0,8,0,0,0,0,0,0,8,8,0,0,0,0,0,0,0,0,0,0,0,0,0,0,0,0,"{""405"": 8}"
auth_identity_endpoint,qa_whic/phowhicprd2nd | POST /v1/:tenant/stack-instances/:id/stretchspaces/import,8,0,8,0,0,0,0,0,0,8,8,0,0,0,0,0,0,0,8,0,0,0,0,0,0,0,0,
auth_identity_endpoint,qa_whic/phowhicprd2nd | PUT /v1/:tenant/eventing/notifications/history/pointer/:id,8,0,8,0,0,0,8,0,0,0,0,0,0,0,8,0,0,0,0,0,0,0,0,0,0,0,0,
auth_identity_endpoint,qa_whic/phowhicrdrprd | DELETE /v1/:tenant/eventing/notifications/:id,8,0,8,0,0,0,8,0,0,0,8,0,0,0,0,0,0,0,8,0,0,0,0,0,0,0,0,
auth_identity_endpoint,qa_whic/phowhicrdrprd | GET /v1/:tenant/eventing/notifications,8,8,0,0,0,8,0,0,0,0,0,8,0,0,0,0,0,0,0,0,0,0,0,0,0,0,0,
auth_identity_endpoint,qa_whic/phowhicrdrprd | GET /v1/:tenant/eventing/notifications/history,8,8,0,0,0,8,0,0,0,0,0,8,0,0,0,0,0,0,0,0,0,0,0,0,0,0,0,
auth_identity_endpoint,qa_whic/phowhicrdrprd | PUT /v1/:tenant/eventing/notifications/history/pointer/:id,8,0,8,0,0,0,8,0,0,0,8,0,0,0,0,0,8,0,0,0,0,0,0,0,0,0,0,
auth_identity_endpoint,sandbox_qa_whic/phowhicprd | PUT /v1/:tenant/eventing/notifications/history/pointer/:id,8,0,8,0,0,0,8,0,0,0,8,0,0,0,0,0,8,0,0,0,0,0,0,0,0,0,0,
auth_identity_endpoint,sandbox_qa_whic/phowhicrdrprd | DELETE /v1/:tenant/eventing/notifications/:id,8,0,8,0,0,0,8,0,0,0,8,0,0,0,0,0,0,0,8,0,0,0,0,0,0,0,0,
auth_identity_endpoint,sandbox_qa_whic/phowhicrdrprd | GET /v1/:tenant/eventing/notifications,8,8,0,0,0,8,0,0,0,0,0,8,0,0,0,0,0,0,0,0,0,0,0,0,0,0,0,
auth_identity_endpoint,sandbox_qa_whic/phowhicrdrprd | GET /v1/:tenant/eventing/notifications/history,8,8,0,0,0,8,0,0,0,0,0,8,0,0,0,0,0,0,0,0,0,0,0,0,0,0,0,
auth_identity_endpoint,sandbox_qa_whic/phowhicrdrprd | PUT /v1/:tenant/eventing/notifications/history/pointer/:id,8,0,8,0,0,0,8,0,0,0,8,0,0,0,0,0,8,0,0,0,0,0,0,0,0,0,0,
auth_identity_endpoint,trial_strato/pstratoswhtp | POST /v1/:tenant/stack-instances/:id/redirects,8,0,8,0,0,0,0,0,0,8,0,0,0,8,0,0,0,0,0,0,0,0,0,0,0,0,0,
auth_identity_endpoint,Domains/pdnspiensawaasprod | GET /v1/:tenant/redirect-farm,7,7,0,0,0,0,0,0,7,0,0,7,0,0,0,0,0,0,0,0,0,0,0,0,0,0,0,
auth_identity_endpoint,WhicQAdnd/phowhicdndprd | DELETE /v1/:tenant/stack-instances/:id/webspaces/:id/accounts/:id,7,0,7,0,7,0,0,0,0,0,0,0,0,7,0,0,0,0,0,0,0,0,0,0,0,0,0,
auth_identity_endpoint,WhicQAdnd/phowhicdndprd | DELETE /v1/:tenant/stack-instances/:id/webspaces/:id/domains/:id,7,0,7,0,7,0,0,0,0,0,0,0,0,7,0,0,0,0,0,0,0,0,0,0,0,0,0,
auth_identity_endpoint,WhicQAdnd/phowhicdndprd | POST /v1/:tenant/stack-instances/:id/webspaces/:id/accounts,7,0,7,0,7,0,0,0,0,0,0,0,0,7,0,0,0,0,0,0,0,0,0,0,0,0,0,
auth_identity_endpoint,WhicQAdnd/phowhicdndprd | POST /v1/:tenant/stack-instances/:id/webspaces/:id/domains,7,0,7,0,7,0,0,0,0,0,0,0,0,7,0,0,0,0,0,0,0,0,0,0,0,0,0,
auth_identity_endpoint,autodeploy_mon_whic/pwaasautodeploypre | GET /v1/:tenant/stack-instances,7,7,0,0,0,0,0,0,7,0,0,0,0,0,0,7,0,0,0,0,0,0,0,0,0,0,0,
auth_identity_endpoint,base_fasthosts/phosmwpfasthprdbap | GET /v1/:tenant/stack-instances/:id/databases,7,7,0,0,0,0,0,0,7,0,0,0,0,0,0,7,0,0,0,0,0,0,0,0,0,0,0,
auth_identity_endpoint,base_fasthosts/phosmwpfasthprdbap | PUT /v1/:tenant/stack-instances/:id/databases/:id/accounts/:id,7,0,7,0,0,0,0,0,0,7,0,0,0,7,0,0,0,0,0,0,0,0,0,0,0,0,0,
auth_identity_endpoint,base_gmxde/phosmwpgmxprdbap | DELETE /v1/:tenant/stack-instances/:id,7,0,7,0,0,0,0,0,0,7,0,0,0,0,7,0,0,0,0,0,0,0,0,0,0,0,0,
auth_identity_endpoint,base_piensa/ppiensawaaspro | GET /v1/:tenant/stack-instances/:id/databases/:id/accounts/:id,7,7,0,0,0,0,0,0,7,0,0,7,0,0,0,0,0,0,0,0,0,0,0,0,0,0,0,
auth_identity_endpoint,base_piensa/ppiensawaaspro | PUT /v1/:tenant/stack-instances/:id/stretchspaces/:id/accounts/:id,7,0,7,0,0,0,0,0,0,7,0,0,0,7,0,0,0,0,0,0,0,0,0,0,0,0,0,
auth_identity_endpoint,base_webde/phosmwpwebdeprdbap | GET /v1/:tenant/stack-instances/:id/webspaces/:id/accounts/:id,7,7,0,7,0,0,0,0,0,0,0,7,0,0,0,0,0,0,0,0,0,0,0,0,0,0,0,
auth_identity_endpoint,base_webde/phosmwpwebdeprdbap | POST /v1/:tenant/stack-instances/:id/databases,7,0,7,0,0,0,0,0,0,7,0,0,0,7,0,0,0,0,0,0,0,0,0,0,0,0,0,
auth_identity_endpoint,sandbox_shl_to/gilbert | DELETE /v1/:tenant/stack-instances/:id,7,0,7,0,0,0,0,0,0,7,0,0,0,0,7,0,0,0,0,0,0,0,0,0,0,0,0,
auth_identity_endpoint,sandbox_shl_to/gilbert | GET /v1/:tenant/stack-instances/:id/databases/:id,7,7,0,0,0,0,0,0,7,0,0,7,0,0,0,0,0,0,0,0,0,0,0,0,0,0,0,
auth_identity_endpoint,sandbox_shl_to/gilbert | GET /v1/:tenant/stack-instances/:id/stretchspaces/:id,7,7,0,0,0,0,0,0,7,0,0,7,0,0,0,0,0,0,0,0,0,0,0,0,0,0,0,
auth_identity_endpoint,sandbox_shl_to/gilbert | POST /v1/:tenant/stack-instances,7,0,7,0,0,0,0,0,0,7,0,0,7,0,0,0,0,0,0,0,0,0,0,0,0,0,0,
auth_identity_endpoint,sandbox_shl_to/gilbert | POST /v1/:tenant/stack-instances/:id/databases,7,0,7,0,0,0,0,0,0,7,0,0,0,7,0,0,0,0,0,0,0,0,0,0,0,0,0,
auth_identity_endpoint,sandbox_shl_to/gilbert | POST /v1/:tenant/stack-instances/:id/stretchspaces,7,0,7,0,0,0,0,0,0,7,0,0,0,7,0,0,0,0,0,0,0,0,0,0,0,0,0,
auth_identity_endpoint,sandbox_worldforyou/photnw4ywaasqa | GET /v1/:tenant/stack-instances,7,7,0,0,0,0,0,0,7,0,0,0,0,0,0,7,0,0,0,0,0,0,0,0,0,0,0,
auth_identity_endpoint,sandbox_worldforyou/photnw4ywaasqa | GET /v1/:tenant/tenant-profile,7,7,0,0,0,0,0,0,7,0,0,7,0,0,0,0,0,0,0,0,0,0,0,0,0,0,0,
auth_identity_endpoint,/ | GET /v1/:tenant/stack-instances/:id/webspaces/:id/locks,6,6,0,6,0,0,0,0,0,0,6,0,0,0,0,0,6,0,0,0,0,0,0,0,0,0,0,
auth_identity_endpoint,OneAndOne/phosmwpionosprdbap | GET /v1/:tenant/stack-instances/:id/webshield/mappings,6,6,0,0,0,0,0,0,6,0,4,2,0,0,0,0,0,0,0,4,0,0,0,0,0,0,0,
auth_identity_endpoint,autodeploy_mon_whic/pwaasautodeploy | GET /v1/:tenant/stack-instances,6,6,0,0,0,0,0,0,6,0,0,0,0,0,0,6,0,0,0,0,0,0,0,0,0,0,0,
auth_identity_endpoint,base_gmxde/phosmwpgmxprdbap | POST /v1/:tenant/stack-instances/:id/stretchspaces/:id/accounts,6,0,6,0,0,0,0,0,0,6,6,0,0,0,0,0,0,0,0,6,0,0,0,0,0,0,0,
auth_identity_endpoint,base_homepl/phosmwphomeplprd | POST /v1/:tenant/stack-instances/:id/webspaces/:id/accounts,6,0,6,0,6,0,0,0,0,0,6,0,0,0,0,0,0,0,0,6,0,0,0,0,0,0,0,
auth_identity_endpoint,base_piensa/phosmwppiensaprd | DELETE /v1/:tenant/stack-instances/:id/webspaces/:id/domains/:id,6,0,6,0,6,0,0,0,0,0,0,0,0,6,0,0,0,0,0,0,0,0,0,0,0,0,0,
auth_identity_endpoint,base_webde/phosmamdomprd | DELETE /v1/:tenant/stack-instances/:id/redirects/:id,6,0,6,0,0,0,0,0,0,6,0,0,0,6,0,0,0,0,0,0,0,0,0,0,0,0,0,
auth_identity_endpoint,base_webde/phosmwpwebdeprd | GET /v1/:tenant/stack-instances/:id/webshield/public-ips,6,6,0,0,0,0,0,0,6,0,0,6,0,0,0,0,0,0,0,0,0,0,0,0,0,0,0,
auth_identity_endpoint,base_webde/phosmwpwebdeprd | POST /v1/:tenant/stack-instances,6,0,6,0,0,0,0,0,0,6,0,0,6,0,0,0,0,0,0,0,0,0,0,0,0,0,0,
auth_identity_endpoint,base_webde/phosmwpwebdeprd | POST /v1/:tenant/stack-instances/:id/webspaces,6,0,6,0,6,0,0,0,0,0,0,0,0,6,0,0,0,0,0,0,0,0,0,0,0,0,0,
auth_identity_endpoint,base_webde/phosmwpwebdeprdbap | PUT /v1/:tenant/stack-instances/:id/webspaces/:id,6,0,6,0,6,0,0,0,0,0,0,0,0,6,0,0,0,0,0,0,0,0,0,0,0,0,0,
auth_identity_endpoint,base_worldforyou/photnw4ywaasprod | DELETE /v1/:tenant/stack-instances/:id/redirects/:id,6,0,6,0,0,0,0,0,0,6,0,0,0,6,0,0,0,0,0,0,0,0,0,0,0,0,0,
auth_identity_endpoint,sandbox_piensa/ppiensawaasqa | GET /v1/:tenant/stack-instances/:id/webshield/public-ips,6,6,0,0,0,0,0,0,6,0,0,6,0,0,0,0,0,0,0,0,0,0,0,0,0,0,0,
auth_identity_endpoint,sandbox_worldforyou/photnw4ywaasqa | GET /v1/:tenant/stack-instances/:id/stretchspaces/:id/accounts/:id,6,6,0,0,0,0,0,0,6,0,0,6,0,0,0,0,0,0,0,0,0,0,0,0,0,0,0,
auth_identity_endpoint,sandbox_worldforyou/photnw4ywaasqa | GET /v1/:tenant/stack-instances/:id/stretchspaces/:id/domains/:id,6,6,0,0,0,0,0,0,6,0,0,6,0,0,0,0,0,0,0,0,0,0,0,0,0,0,0,
auth_identity_endpoint,trial_sfs/photnsfstrialspcman | POST /v1/:tenant/stack-instances,6,0,6,0,0,0,0,0,0,6,0,0,6,0,0,0,0,0,0,0,0,0,0,0,0,0,0,
auth_identity_endpoint,trial_sfs/photnsfstrialspcman | POST /v1/:tenant/stack-instances/:id/databases,6,0,6,0,0,0,0,0,0,6,0,0,0,6,0,0,0,0,0,0,0,0,0,0,0,0,0,
auth_identity_endpoint,Domains/pdnsarsyswaasprod | GET /v1/:tenant/redirect-farm,5,5,0,0,0,0,0,0,5,0,0,5,0,0,0,0,0,0,0,0,0,0,0,0,0,0,0,
auth_identity_endpoint,OneAndOne/phosmwpionosprd | GET /v1/:tenant/stack-instances/:id/webspaces/:id/accounts/:id,5,5,0,5,0,0,0,0,0,0,0,5,0,0,0,0,0,0,0,0,0,0,0,0,0,0,0,
auth_identity_endpoint,base_fasthosts/pfhhostingprod | PUT /v1/:tenant/stack-instances/:id/webspaces/:id/accounts/:id,5,0,5,0,5,0,0,0,0,0,0,0,0,5,0,0,0,0,0,0,0,0,0,0,0,0,0,
auth_identity_endpoint,base_piensa/phosmwppiensaprd | POST /v1/:tenant/stack-instances/:id/webspaces/:id/domains,5,0,5,0,5,0,0,0,0,0,0,0,0,5,0,0,0,0,0,0,0,0,0,0,0,0,0,
auth_identity_endpoint,sandbox_fasthosts/phosmwpfasthsndbbap | POST /v1/:tenant/stack-instances/:id/webspaces/:id/accounts,5,0,5,0,5,0,0,0,0,0,5,0,0,0,0,0,0,0,0,5,0,0,0,0,0,0,0,
auth_identity_endpoint,sandbox_piensa/phosmwppiensasbxbap | GET /v1/:tenant/stack-instances/:id/stretchspaces/:id,5,5,0,0,0,0,0,0,5,0,0,5,0,0,0,0,0,0,0,0,0,0,0,0,0,0,0,
auth_identity_endpoint,OneAndOne/pwhpsswaasprod | GET /v1/:tenant/stack-instances/:id/databases/:id/locks,4,4,0,0,0,0,0,0,4,0,0,0,0,0,0,4,0,0,0,0,0,0,0,0,0,0,0,
auth_identity_endpoint,OneAndOne/pwhpsswaasprod | GET /v1/:tenant/stack-instances/:id/stretchspaces/:id/locks,4,4,0,0,0,0,0,0,4,0,0,4,0,0,0,0,0,0,0,0,0,0,0,0,0,0,0,
auth_identity_endpoint,UDAG/photnwudagprd | DELETE /v1/:tenant/stack-instances/:id/databases/:id/accounts/:id,4,0,4,0,0,0,0,0,0,4,0,0,0,4,0,0,0,0,0,0,0,0,0,0,0,0,0,
auth_identity_endpoint,UDAG/photnwudagprd | DELETE /v1/:tenant/stack-instances/:id/webspaces/:id/accounts/:id,4,0,4,0,4,0,0,0,0,0,0,0,0,4,0,0,0,0,0,0,0,0,0,0,0,0,0,
auth_identity_endpoint,UDAG/photnwudagprd | POST /v1/:tenant/stack-instances/:id/webspaces/:id/accounts,4,0,4,0,4,0,0,0,0,0,0,0,0,4,0,0,0,0,0,0,0,0,0,0,0,0,0,
auth_identity_endpoint,base_fasthosts/pfhhostingprod | GET /v1/:tenant/stack-instances/:id/stretchspaces/:id/domains,4,4,0,0,0,0,0,0,4,0,0,0,0,0,0,4,0,0,0,0,0,0,0,0,0,0,0,
auth_identity_endpoint,base_gmxde/phosmamdomprd | GET /v1/:tenant/eventing/notifications/history,4,4,0,0,0,4,0,0,0,0,0,4,0,0,0,0,0,0,0,0,0,0,0,0,0,0,0,
auth_identity_endpoint,base_gmxde/phosmamdomprd | GET /v1/:tenant/lookup/resource/:id,4,4,0,0,0,0,0,0,4,0,0,4,0,0,0,0,0,0,0,0,0,0,0,0,0,0,0,
auth_identity_endpoint,base_gmxde/phosmwpgmxprd | POST /v1/:tenant/stack-instances/:id/databases,4,0,4,0,0,0,0,0,0,4,0,0,0,4,0,0,0,0,0,0,0,0,0,0,0,0,0,
auth_identity_endpoint,base_gmxde/phosmwpgmxprd | PUT /v1/:tenant/stack-instances/:id/webspaces/:id,4,0,4,0,4,0,0,0,0,0,0,0,0,4,0,0,0,0,0,0,0,0,0,0,0,0,0,
auth_identity_endpoint,base_gmxde/phosmwpgmxprdbap | GET /v1/:tenant/stack-instances/:id/webshield/public-ips,4,4,0,0,0,0,0,0,4,0,0,4,0,0,0,0,0,0,0,0,0,0,0,0,0,0,0,
auth_identity_endpoint,base_gmxde/phosmwpgmxprdbap | POST /v1/:tenant/stack-instances,4,0,4,0,0,0,0,0,0,4,0,0,4,0,0,0,0,0,0,0,0,0,0,0,0,0,0,
auth_identity_endpoint,base_gmxde/phosmwpgmxprdbap | POST /v1/:tenant/stack-instances/:id/webspaces,4,0,4,0,4,0,0,0,0,0,0,0,0,4,0,0,0,0,0,0,0,0,0,0,0,0,0,
auth_identity_endpoint,base_homepl/phosmwphomeplprd | GET /v1/:tenant/lookup/resource/:id,4,4,0,0,0,0,0,0,4,0,0,4,0,0,0,0,0,0,0,0,0,0,0,0,0,0,0,
auth_identity_endpoint,base_homepl/phosmwphomeplprd | GET /v1/:tenant/stack-instances/:id/stretchspaces/:id/accounts/:id,4,4,0,0,0,0,0,0,4,0,0,4,0,0,0,0,0,0,0,0,0,0,0,0,0,0,0,
auth_identity_endpoint,base_homepl/photnhomepl1prd | PUT /v1/:tenant/stack-instances/:id/stretchspaces/:id/domains/:id,4,0,4,0,0,0,0,0,0,4,0,0,0,4,0,0,0,0,0,0,0,0,0,0,0,0,0,
auth_identity_endpoint,base_piensa/ppiensawaaspro | DELETE /v1/:tenant/stack-instances/:id/webspaces/:id/accounts/:id,4,0,4,0,4,0,0,0,0,0,0,0,0,4,0,0,0,0,0,0,0,0,0,0,0,0,0,
auth_identity_endpoint,base_piensa/ppiensawaaspro | POST /v1/:tenant/stack-instances/:id/webspaces/:id/locks,4,0,4,0,4,0,0,0,0,0,0,0,0,4,0,0,0,0,0,0,0,0,0,0,0,0,0,
auth_identity_endpoint,base_webde/phosmamdomprd | GET /v1/:tenant/lookup/resource/:id,4,4,0,0,0,0,0,0,4,0,0,4,0,0,0,0,0,0,0,0,0,0,0,0,0,0,0,
auth_identity_endpoint,base_webde/phosmwpwebdeprdbap | GET /v1/:tenant/stack-instances/:id/webshield/mappings,4,4,0,0,0,0,0,0,4,0,0,4,0,0,0,0,0,0,0,0,0,0,0,0,0,0,0,
auth_identity_endpoint,gitspace_oneandone/pbtionosspaceprod | DELETE /v1/:tenant/stack-instances/:id/webspaces/:id/locks/:id,4,0,4,0,4,0,0,0,0,0,0,0,0,4,0,0,0,0,0,0,0,0,0,0,0,0,0,
auth_identity_endpoint,sandbox_gitspace_oneandone/pbtionosspaceac1 | GET /v1/:tenant/eventing/notifications,4,4,0,0,0,4,0,0,0,0,0,4,0,0,0,0,0,0,0,0,0,0,0,0,0,0,0,
auth_identity_endpoint,sandbox_worldforyou/photnw4ywaasqa | PUT /v1/:tenant/stack-instances/:id/stretchspaces/:id/domains/:id,4,0,4,0,0,0,0,0,0,4,0,0,0,4,0,0,0,0,0,0,0,0,0,0,0,0,0,
auth_identity_endpoint,trial_strato/pstratoswhtp | DELETE /v1/:tenant/stack-instances/:id/webshield/mappings/:id/certificate,4,0,4,0,0,0,0,0,0,4,0,0,0,4,0,0,0,0,0,0,0,0,0,0,0,0,0,
auth_identity_endpoint,trial_strato/pstratoswhtp | PUT /v1/:tenant/stack-instances/:id/webshield/mappings/:id/certificate,4,0,4,0,0,0,0,0,0,4,1,0,0,3,0,0,0,0,0,0,1,0,0,0,0,0,0,
auth_identity_endpoint,OneAndOne/pwhpsswaasprod | GET /v1/:tenant/lookup/:id,3,3,0,0,0,0,0,0,3,0,3,0,0,0,0,0,0,0,0,3,0,0,0,0,0,0,0,
auth_identity_endpoint,OneAndOne/pwhpsswaasprod | GET /v1/:tenant/stack-instances/:id/webshield/mappings/:id/certificate,3,3,0,0,0,0,0,0,3,0,0,3,0,0,0,0,0,0,0,0,0,0,0,0,0,0,0,
auth_identity_endpoint,UDAG/phosmwpudagprd | PUT /v1/:tenant/stack-instances/:id/databases/:id,3,0,3,0,0,0,0,0,0,3,0,0,0,3,0,0,0,0,0,0,0,0,0,0,0,0,0,
auth_identity_endpoint,base_gmxde/phosmamdomprd | GET /v1/:tenant/resource/:id,3,3,0,0,0,0,0,0,3,0,3,0,0,0,0,0,0,0,0,3,0,0,0,0,0,0,0,
auth_identity_endpoint,base_gmxde/phosmamdomprd | GET /v1/:tenant/stack-instances/:id/redirects,3,3,0,0,0,0,0,0,3,0,0,0,0,0,0,3,0,0,0,0,0,0,0,0,0,0,0,
auth_identity_endpoint,base_gmxde/phosmamdomprd | GET /v1/:tenant/stack-instances/:id/webspaces,3,3,0,3,0,0,0,0,0,0,0,0,0,0,0,3,0,0,0,0,0,0,0,0,0,0,0,
auth_identity_endpoint,base_gmxde/phosmamdomprd | POST /v1/:tenant/stack-instances/:id/webshield/mappings,3,0,3,0,0,0,0,0,0,3,3,0,0,0,0,0,0,0,0,0,0,0,3,0,0,0,0,
auth_identity_endpoint,base_gmxde/phosmwpgmxprd | POST /v1/:tenant/stack-instances/:id/stretchspaces/:id/accounts,3,0,3,0,0,0,0,0,0,3,3,0,0,0,0,0,0,0,0,3,0,0,0,0,0,0,0,
auth_identity_endpoint,base_webde/phosmamdomprd | GET /v1/:tenant/eventing/notifications/history,3,3,0,0,0,3,0,0,0,0,0,3,0,0,0,0,0,0,0,0,0,0,0,0,0,0,0,
auth_identity_endpoint,base_worldforyou/photnw4ywaasprod | PUT /v1/:tenant/stack-instances/:id/databases/:id/accounts/:id,3,0,3,0,0,0,0,0,0,3,0,0,0,3,0,0,0,0,0,0,0,0,0,0,0,0,0,
auth_identity_endpoint,gitspace_oneandone/pbtionosspaceprod | DELETE /v1/:tenant/stack-instances/:id/databases/:id,3,0,3,0,0,0,0,0,0,3,0,0,0,3,0,0,0,0,0,0,0,0,0,0,0,0,0,
auth_identity_endpoint,sandbox_worldforyou/photnw4ywaasqa | GET /v1/:tenant/stack-instances/:id/databases/:id/accounts/:id,3,3,0,0,0,0,0,0,3,0,0,3,0,0,0,0,0,0,0,0,0,0,0,0,0,0,0,
auth_identity_endpoint,sandbox_worldforyou/photnw4ywaasqa | POST /v1/:tenant/stack-instances/:id/databases,3,0,3,0,0,0,0,0,0,3,0,0,0,3,0,0,0,0,0,0,0,0,0,0,0,0,0,
auth_identity_endpoint,trial_strato/pstratoswhtp | POST /v1/:tenant/stack-instances/:id/databases,3,0,3,0,0,0,0,0,0,3,0,0,0,3,0,0,0,0,0,0,0,0,0,0,0,0,0,
auth_identity_endpoint,trial_strato/pstratoswhtp | PUT /v1/:tenant/stack-instances/:id/databases/:id/accounts/:id,3,0,3,0,0,0,0,0,0,3,0,0,0,3,0,0,0,0,0,0,0,0,0,0,0,0,0,
auth_identity_endpoint,trial_strato/pstratoswhtp | PUT /v1/:tenant/stack-instances/:id/stretchspaces/:id,3,0,3,0,0,0,0,0,0,3,0,0,0,3,0,0,0,0,0,0,0,0,0,0,0,0,0,
auth_identity_endpoint,/ | GET /v1/:tenant/stack-instances/:id/stretchspaces/:id/accounts,2,2,0,0,0,0,0,0,2,0,2,0,0,0,0,0,2,0,0,0,0,0,0,0,0,0,0,
auth_identity_endpoint,/ | GET /v1/:tenant/stack-instances/:id/stretchspaces/:id/locks,2,2,0,0,0,0,0,0,2,0,2,0,0,0,0,0,2,0,0,0,0,0,0,0,0,0,0,
auth_identity_endpoint,/<user not set> | DELETE /v1/:tenant/stack-instances/:id/webspaces/:id,2,0,2,0,2,0,0,0,0,0,2,0,0,0,0,0,0,2,0,0,0,0,0,0,0,0,0,
auth_identity_endpoint,/pfhhostingtest | GET /api/v1/health,2,2,0,0,0,0,0,2,0,0,0,2,0,0,0,0,0,0,0,0,0,0,0,0,0,0,0,
auth_identity_endpoint,Domains/photonosuplegdomprd | GET /v1/:tenant/lookup/resource/:id,2,2,0,0,0,0,0,0,2,0,0,2,0,0,0,0,0,0,0,0,0,0,0,0,0,0,0,
auth_identity_endpoint,OneAndOne/phosmwpionosprdbap | DELETE /v1/:tenant/stack-instances/:id/stretchspaces/:id/domains/:id,2,0,2,0,0,0,0,0,0,2,0,0,0,2,0,0,0,0,0,0,0,0,0,0,0,0,0,
auth_identity_endpoint,OneAndOne/phosmwpionosprdbap | DELETE /v1/:tenant/stack-instances/:id/webshield/mappings/:id,2,0,2,0,0,0,0,0,0,2,2,0,0,0,0,0,0,0,0,0,0,0,2,0,0,0,0,
auth_identity_endpoint,OneAndOne/pwhpsswaasprod | GET /v1/:tenant/stack-instances/:id/databases/:id/accounts/:id,2,2,0,0,0,0,0,0,2,0,0,2,0,0,0,0,0,0,0,0,0,0,0,0,0,0,0,
auth_identity_endpoint,OneAndOne/pwhpsswaasprod | GET /v1/:tenant/stack-instances/:id/webshield/mappings,2,2,0,0,0,0,0,0,2,0,0,2,0,0,0,0,0,0,0,0,0,0,0,0,0,0,0,
auth_identity_endpoint,OneAndOne/pwhpsswaasprod | GET /v1/:tenant/stack-instances/:id/webshield/mappings/:id/:id,2,2,0,0,0,0,0,0,2,0,2,0,0,0,0,0,0,0,0,2,0,0,0,0,0,0,0,
auth_identity_endpoint,OneAndOne/pwhpsswaasprod | POST /v1/:tenant/stack-instances/:id/databases/:id/accounts,2,0,2,0,0,0,0,0,0,2,0,0,0,2,0,0,0,0,0,0,0,0,0,0,0,0,0,
auth_identity_endpoint,UDAG/phosmwpudagprd | PUT /v1/:tenant/stack-instances/:id/databases/:id/accounts/:id,2,0,2,0,0,0,0,0,0,2,0,0,0,2,0,0,0,0,0,0,0,0,0,0,0,0,0,
auth_identity_endpoint,base_arsys/parsyswaaspro | PUT /v1/:tenant/stack-instances/:id/databases/:id/accounts/:id,2,0,2,0,0,0,0,0,0,2,0,0,0,2,0,0,0,0,0,0,0,0,0,0,0,0,0,
auth_identity_endpoint,base_fasthosts/pfhhostingprod | PUT /v1/:tenant/stack-instances/:id/stretchspaces/:id/accounts/:id,2,0,2,0,0,0,0,0,0,2,0,0,0,2,0,0,0,0,0,0,0,0,0,0,0,0,0,
auth_identity_endpoint,base_gmxde/phosmamdomprd | GET /v1/:tenant/stack-instances/:id/webspaces/:id/domains,2,2,0,2,0,0,0,0,0,0,0,0,0,0,0,2,0,0,0,0,0,0,0,0,0,0,0,
auth_identity_endpoint,base_gmxde/phosmamdomprd | PUT /v1/:tenant/stack-instances/:id/redirects/:id,2,0,2,0,0,0,0,0,0,2,0,0,0,2,0,0,0,0,0,0,0,0,0,0,0,0,0,
auth_identity_endpoint,base_homepl/phosmwphomeplbap | POST /v1/:tenant/stack-instances/:id/webspaces/:id/accounts,2,0,2,0,2,0,0,0,0,0,2,0,0,0,0,0,0,0,0,2,0,0,0,0,0,0,0,
auth_identity_endpoint,base_homepl/photnhomepl1prd | DELETE /v1/:tenant/stack-instances/:id/databases/:id/accounts/:id,2,0,2,0,0,0,0,0,0,2,0,0,0,2,0,0,0,0,0,0,0,0,0,0,0,0,0,
auth_identity_endpoint,base_piensa/ppiensawaaspro | POST /v1/:tenant/stack-instances/:id/databases/:id/accounts,2,0,2,0,0,0,0,0,0,2,0,0,0,2,0,0,0,0,0,0,0,0,0,0,0,0,0,
auth_identity_endpoint,base_piensa/ppiensawaaspro | POST /v1/:tenant/stack-instances/:id/webspaces/:id/domains,2,0,2,0,2,0,0,0,0,0,0,0,0,2,0,0,0,0,0,0,0,0,0,0,0,0,0,
auth_identity_endpoint,base_piensa/ppiensawaaspro | PUT /v1/:tenant/stack-instances/:id/databases/:id,2,0,2,0,0,0,0,0,0,2,0,0,0,2,0,0,0,0,0,0,0,0,0,0,0,0,0,
auth_identity_endpoint,base_strato/phosmwpstratoprd | GET /v1/:tenant/stack-instances/:id/webspaces/:id,2,2,0,2,0,0,0,0,0,0,2,0,0,0,0,0,0,0,0,2,0,0,0,0,0,0,0,
auth_identity_endpoint,base_webde/phosmamdomprd | GET /v1/:tenant/stack-instances/:id/webspaces/:id/domains,2,2,0,2,0,0,0,0,0,0,0,0,0,0,0,2,0,0,0,0,0,0,0,0,0,0,0,
auth_identity_endpoint,base_webde/phosmamdomprd | POST /v1/:tenant/stack-instances/:id/databases/:id/accounts,2,0,2,0,0,0,0,0,0,2,0,0,0,2,0,0,0,0,0,0,0,0,0,0,0,0,0,
auth_identity_endpoint,base_webde/phosmwpwebdeprdbap | DELETE /v1/:tenant/stack-instances/:id/webshield/mappings/:id,2,0,2,0,0,0,0,0,0,2,2,0,0,0,0,0,0,0,0,0,0,0,2,0,0,0,0,
auth_identity_endpoint,base_webde/phosmwpwebdeprdbap | GET /v1/:tenant/stack-instances/:id/webspaces,2,2,0,2,0,0,0,0,0,0,0,0,0,0,0,2,0,0,0,0,0,0,0,0,0,0,0,
auth_identity_endpoint,base_worldforyou/photnw4ywaasprod | GET /v1/:tenant/stack-instances/:id,2,2,0,0,0,0,0,0,2,0,2,0,0,0,0,0,0,0,0,2,0,0,0,0,0,0,0,
auth_identity_endpoint,sandbox_gitspace_oneandone/pbtionosspaceac1 | GET /v1/:tenant/stack-instances/:id/databases/:id,2,2,0,0,0,0,0,0,2,0,0,2,0,0,0,0,0,0,0,0,0,0,0,0,0,0,0,
auth_identity_endpoint,sandbox_gitspace_oneandone/pbtionosspaceac1 | GET /v1/:tenant/stack-instances/:id/stretchspaces/:id,2,2,0,0,0,0,0,0,2,0,0,2,0,0,0,0,0,0,0,0,0,0,0,0,0,0,0,
auth_identity_endpoint,sandbox_gitspace_oneandone/pbtionosspaceac1 | POST /v1/:tenant/stack-instances,2,0,2,0,0,0,0,0,0,2,0,0,2,0,0,0,0,0,0,0,0,0,0,0,0,0,0,
auth_identity_endpoint,sandbox_gitspace_oneandone/pbtionosspaceac1 | POST /v1/:tenant/stack-instances/:id/databases,2,0,2,0,0,0,0,0,0,2,0,0,0,2,0,0,0,0,0,0,0,0,0,0,0,0,0,
auth_identity_endpoint,sandbox_gitspace_oneandone/pbtionosspaceac1 | POST /v1/:tenant/stack-instances/:id/stretchspaces,2,0,2,0,0,0,0,0,0,2,0,0,0,2,0,0,0,0,0,0,0,0,0,0,0,0,0,
auth_identity_endpoint,sandbox_gitspace_oneandone/pbtionosspaceac1 | PUT /v1/:tenant/stack-instances/:id/stretchspaces/:id,2,0,2,0,0,0,0,0,0,2,0,0,0,2,0,0,0,0,0,0,0,0,0,0,0,0,0,
auth_identity_endpoint,sandbox_homepl/phosmwphoplsndbprd | DELETE /v1/:tenant/stack-instances/:id/stretchspaces/:id/domains/:id,2,0,2,0,0,0,0,0,0,2,0,0,0,2,0,0,0,0,0,0,0,0,0,0,0,0,0,
auth_identity_endpoint,sandbox_mws8_oneandone/phosstackcleanupprd | DELETE /v1/:tenant/stack-instances/:id,2,0,2,0,0,0,0,0,0,2,0,0,0,0,2,0,0,0,0,0,0,0,0,0,0,0,0,
auth_identity_endpoint,sandbox_piensa/phosmwppiensasbxprd | GET /v1/:tenant/stack-instances/:id/stretchspaces/:id,2,2,0,0,0,0,0,0,2,0,0,2,0,0,0,0,0,0,0,0,0,0,0,0,0,0,0,
auth_identity_endpoint,sandbox_piensa/ppiensawaasqa | DELETE /v1/:tenant/stack-instances/:id/stretchspaces/:id/domains/:id,2,0,2,0,0,0,0,0,0,2,0,0,0,2,0,0,0,0,0,0,0,0,0,0,0,0,0,
auth_identity_endpoint,sandbox_worldforyou/photnw4ywaasqa | DELETE /v1/:tenant/stack-instances/:id/databases/:id,2,0,2,0,0,0,0,0,0,2,0,0,0,2,0,0,0,0,0,0,0,0,0,0,0,0,0,
auth_identity_endpoint,sandbox_worldforyou/photnw4ywaasqa | GET /v1/:tenant/stack-instances/:id,2,2,0,0,0,0,0,0,2,0,0,2,0,0,0,0,0,0,0,0,0,0,0,0,0,0,0,
auth_identity_endpoint,sandbox_worldforyou/photnw4ywaasqa | POST /v1/:tenant/stack-instances/:id/stretchspaces/:id/accounts,2,0,2,0,0,0,0,0,0,2,0,0,0,2,0,0,0,0,0,0,0,0,0,0,0,0,0,
auth_identity_endpoint,sandbox_worldforyou/photnw4ywaasqa | PUT /v1/:tenant/stack-instances/:id/stretchspaces/:id/accounts/:id,2,0,2,0,0,0,0,0,0,2,0,0,0,2,0,0,0,0,0,0,0,0,0,0,0,0,0,
auth_identity_endpoint,trial_sfs/photnsfstrialspcman | GET /v1/:tenant/stack-instances/:id/databases/:id,2,2,0,0,0,0,0,0,2,0,0,2,0,0,0,0,0,0,0,0,0,0,0,0,0,0,0,
auth_identity_endpoint,trial_strato/phosmwpstrasndbap | GET /v1/:tenant/stack-instances/:id/databases/:id,2,2,0,0,0,0,0,0,2,0,0,2,0,0,0,0,0,0,0,0,0,0,0,0,0,0,0,
auth_identity_endpoint,trial_strato/phosmwpstrasndbap | GET /v1/:tenant/stack-instances/:id/stretchspaces/:id/domains/:id,2,2,0,0,0,0,0,0,2,0,0,2,0,0,0,0,0,0,0,0,0,0,0,0,0,0,0,
auth_identity_endpoint,trial_strato/phosmwpstrasndbprd | GET /v1/:tenant/stack-instances/:id/stretchspaces/:id/domains/:id,2,2,0,0,0,0,0,0,2,0,0,2,0,0,0,0,0,0,0,0,0,0,0,0,0,0,0,
auth_identity_endpoint,trial_strato/pstratoswhtp | DELETE /v1/:tenant/stack-instances/:id/redirects/:id,2,0,2,0,0,0,0,0,0,2,0,0,0,2,0,0,0,0,0,0,0,0,0,0,0,0,0,
auth_identity_endpoint,trial_strato/pstratoswhtp | DELETE /v1/:tenant/stack-instances/:id/stretchspaces/:id/domains/:id,2,0,2,0,0,0,0,0,0,2,0,0,0,2,0,0,0,0,0,0,0,0,0,0,0,0,0,
auth_identity_endpoint,trial_strato/pstratoswhtp | GET /v1/:tenant/stack-instances/:id/stretchspaces,2,2,0,0,0,0,0,0,2,0,0,0,0,0,0,2,0,0,0,0,0,0,0,0,0,0,0,
auth_identity_endpoint,trial_strato/pstratoswhtp | POST /v1/:tenant/stack-instances,2,0,2,0,0,0,0,0,0,2,0,0,2,0,0,0,0,0,0,0,0,0,0,0,0,0,0,
auth_identity_endpoint,trial_strato/pstratoswhtp | POST /v1/:tenant/stack-instances/:id/stretchspaces,2,0,2,0,0,0,0,0,0,2,0,0,0,2,0,0,0,0,0,0,0,0,0,0,0,0,0,
auth_identity_endpoint,trial_strato/pstratoswhtp | POST /v1/:tenant/stack-instances/:id/stretchspaces/:id/domains,2,0,2,0,0,0,0,0,0,2,0,0,0,2,0,0,0,0,0,0,0,0,0,0,0,0,0,
auth_identity_endpoint,/<user not set> | GET /:id/:id/:id,1,1,0,0,0,0,0,0,1,0,1,0,0,0,0,0,0,1,0,0,0,0,0,0,0,0,0,
auth_identity_endpoint,/<user not set> | GET /v1/:tenant/resource,1,1,0,0,0,0,0,0,1,0,1,0,0,0,0,0,0,1,0,0,0,0,0,0,0,0,0,
auth_identity_endpoint,/<user not set> | GET /v1/:tenant/resource/:id,1,1,0,0,0,0,0,0,1,0,1,0,0,0,0,0,0,1,0,0,0,0,0,0,0,0,0,
auth_identity_endpoint,/<user not set> | POST /v1/:tenant/stack-instances/:id/stretchspaces/:id/locks,1,0,1,0,0,0,0,0,0,1,1,0,0,0,0,0,0,1,0,0,0,0,0,0,0,0,0,
auth_identity_endpoint,Domains/photlwaascheckprd | GET /v1/:tenant/redirect-farm,1,1,0,0,0,0,0,0,1,0,0,1,0,0,0,0,0,0,0,0,0,0,0,0,0,0,0,
auth_identity_endpoint,OneAndOne/phosmwpionosprd | GET /v1/:tenant/stack-instances/:id/stretchspaces/:id/accounts/:id,1,1,0,0,0,0,0,0,1,0,0,1,0,0,0,0,0,0,0,0,0,0,0,0,0,0,0,
auth_identity_endpoint,OneAndOne/phosmwpionosprd | GET /v1/:tenant/stack-instances/:id/stretchspaces/:id/domains/:id,1,1,0,0,0,0,0,0,1,0,0,1,0,0,0,0,0,0,0,0,0,0,0,0,0,0,0,
auth_identity_endpoint,OneAndOne/phosmwpionosprd | POST /v1/:tenant/stack-instances/:id/stretchspaces,1,0,1,0,0,0,0,0,0,1,0,0,0,1,0,0,0,0,0,0,0,0,0,0,0,0,0,
auth_identity_endpoint,OneAndOne/phosmwpionosprd | PUT /v1/:tenant/stack-instances/:id/stretchspaces/:id,1,0,1,0,0,0,0,0,0,1,0,0,0,1,0,0,0,0,0,0,0,0,0,0,0,0,0,
auth_identity_endpoint,OneAndOne/phosmwpionosprdbap | GET /v1/:tenant/eventing/notifications,1,1,0,0,0,1,0,0,0,0,0,1,0,0,0,0,0,0,0,0,0,0,0,0,0,0,0,
auth_identity_endpoint,OneAndOne/phosmwpionosprdbap | GET /v1/:tenant/stack-instances/:id/stretchspaces,1,1,0,0,0,0,0,0,1,0,0,0,0,0,0,1,0,0,0,0,0,0,0,0,0,0,0,
auth_identity_endpoint,OneAndOne/phosmwpionosprdbap | GET /v1/:tenant/stack-instances/:id/stretchspaces/:id/domains/:id,1,1,0,0,0,0,0,0,1,0,0,1,0,0,0,0,0,0,0,0,0,0,0,0,0,0,0,
auth_identity_endpoint,OneAndOne/phosmwpionosprdbap | GET /v1/:tenant/stack-instances/:id/webspaces,1,1,0,1,0,0,0,0,0,0,1,0,0,0,0,0,0,0,0,1,0,0,0,0,0,0,0,
auth_identity_endpoint,OneAndOne/phosmwpionosprdbap | POST /v1/:tenant/stack-instances/:id/stretchspaces/:id/domains,1,0,1,0,0,0,0,0,0,1,0,0,0,1,0,0,0,0,0,0,0,0,0,0,0,0,0,
auth_identity_endpoint,OneAndOne/pwhpsswaasprod | GET /v1/:tenant/stack-instances/:id/stretchspaces/:id/:id,1,1,0,0,0,0,0,0,1,0,1,0,0,0,0,0,0,0,0,1,0,0,0,0,0,0,0,
auth_identity_endpoint,OneAndOne/pwhpsswaasprod | GET /v1/:tenant/stack-instances/:id/webshield/:id,1,1,0,0,0,0,0,0,1,0,0,1,0,0,0,0,0,0,0,0,0,0,0,0,0,0,0,
auth_identity_endpoint,OneAndOne/pwhpsswaasprod | GET /v1/:tenant/stack-instances/:id/webshield/cdn-ips,1,1,0,0,0,0,0,0,1,0,0,1,0,0,0,0,0,0,0,0,0,0,0,0,0,0,0,
auth_identity_endpoint,OneAndOne/pwhpsswaasprod | PATCH /v1/:tenant/stack-instances/:id/webshield/mappings,1,0,1,0,0,0,0,0,0,1,0,0,0,1,0,0,0,0,0,0,0,0,0,0,0,0,0,
auth_identity_endpoint,base_arsys/parsyswaaspro | DELETE /v1/:tenant/stack-instances/:id/stretchspaces/:id/accounts/:id,1,0,1,0,0,0,0,0,0,1,0,0,0,1,0,0,0,0,0,0,0,0,0,0,0,0,0,
auth_identity_endpoint,base_arsys/parsyswaaspro | PUT /v1/:tenant/stack-instances/:id/databases/:id,1,0,1,0,0,0,0,0,0,1,0,0,0,1,0,0,0,0,0,0,0,0,0,0,0,0,0,
auth_identity_endpoint,base_fasthosts/pfhhostingprod | GET /v1/:tenant/stack-instances/:id/stretchspaces,1,1,0,0,0,0,0,0,1,0,0,0,0,0,0,1,0,0,0,0,0,0,0,0,0,0,0,
auth_identity_endpoint,base_fasthosts/pfhhostingprod | GET /v1/:tenant/stack-instances/:id/webspaces/:id/domains,1,1,0,1,0,0,0,0,0,0,0,0,0,0,0,1,0,0,0,0,0,0,0,0,0,0,0,
auth_identity_endpoint,base_fasthosts/pfhhostingprod | PUT /v1/:tenant/stack-instances/:id/webspaces/:id/domains/:id,1,0,1,0,1,0,0,0,0,0,0,0,0,1,0,0,0,0,0,0,0,0,0,0,0,0,0,
auth_identity_endpoint,base_fasthosts/phosmwpfasthprd | GET /v1/:tenant/lookup/resource/:id,1,1,0,0,0,0,0,0,1,0,0,1,0,0,0,0,0,0,0,0,0,0,0,0,0,0,0,
auth_identity_endpoint,base_fasthosts/phosmwpfasthprd | GET /v1/:tenant/stack-instances/:id/webspaces/:id/accounts/:id,1,1,0,1,0,0,0,0,0,0,0,1,0,0,0,0,0,0,0,0,0,0,0,0,0,0,0,
auth_identity_endpoint,base_fasthosts/phosmwpfasthprdbap | GET /v1/:tenant/stack-instances/:id/stretchspaces,1,1,0,0,0,0,0,0,1,0,0,0,0,0,0,1,0,0,0,0,0,0,0,0,0,0,0,
auth_identity_endpoint,base_gmxde/phosmamdomprd | GET /v1/:tenant/lookup/resource,1,1,0,0,0,0,0,0,1,0,1,0,0,0,0,0,0,0,0,1,0,0,0,0,0,0,0,
auth_identity_endpoint,base_gmxde/phosmamdomprd | GET /v1/:tenant/resource,1,1,0,0,0,0,0,0,1,0,1,0,0,0,0,0,0,0,0,1,0,0,0,0,0,0,0,
auth_identity_endpoint,base_gmxde/phosmamdomprd | POST /v1/:tenant/stack-instances/:id/databases/:id/accounts,1,0,1,0,0,0,0,0,0,1,0,0,0,1,0,0,0,0,0,0,0,0,0,0,0,0,0,
auth_identity_endpoint,base_gmxde/phosmwpgmxprdbap | GET /v1/:tenant/lookup/resource/:id,1,1,0,0,0,0,0,0,1,0,0,1,0,0,0,0,0,0,0,0,0,0,0,0,0,0,0,
auth_identity_endpoint,base_gmxde/phosmwpgmxprdbap | GET /v1/:tenant/stack-instances/:id/webspaces/:id/domains,1,1,0,1,0,0,0,0,0,0,0,0,0,0,0,1,0,0,0,0,0,0,0,0,0,0,0,
auth_identity_endpoint,base_piensa/phosmwppiensaprdbap | GET /v1/:tenant/stack-instances/:id/databases,1,1,0,0,0,0,0,0,1,0,0,0,0,0,0,1,0,0,0,0,0,0,0,0,0,0,0,
auth_identity_endpoint,base_piensa/phosmwppiensaprdbap | PUT /v1/:tenant/stack-instances/:id/databases/:id/accounts/:id,1,0,1,0,0,0,0,0,0,1,0,0,0,1,0,0,0,0,0,0,0,0,0,0,0,0,0,
auth_identity_endpoint,base_piensa/ppiensawaaspro | DELETE /v1/:tenant/stack-instances/:id/stretchspaces/:id/accounts/:id,1,0,1,0,0,0,0,0,0,1,0,0,0,1,0,0,0,0,0,0,0,0,0,0,0,0,0,
auth_identity_endpoint,base_piensa/ppiensawaaspro | DELETE /v1/:tenant/stack-instances/:id/stretchspaces/:id/locks/:id,1,0,1,0,0,0,0,0,0,1,0,0,0,1,0,0,0,0,0,0,0,0,0,0,0,0,0,
auth_identity_endpoint,base_strato/phosmwpstratoprd | DELETE /v1/:tenant/stack-instances/:id/stretchspaces/:id/accounts/:id,1,0,1,0,0,0,0,0,0,1,0,0,0,1,0,0,0,0,0,0,0,0,0,0,0,0,0,
auth_identity_endpoint,base_strato/phosmwpstratoprd | GET /v1/:tenant/stack-instances/:id,1,1,0,0,0,0,0,0,1,0,0,1,0,0,0,0,0,0,0,0,0,0,0,0,0,0,0,
auth_identity_endpoint,base_webde/phosmamdomprd | DELETE /v1/:tenant/stack-instances/:id/databases/:id/locks/:id,1,0,1,0,0,0,0,0,0,1,0,0,0,1,0,0,0,0,0,0,0,0,0,0,0,0,0,
auth_identity_endpoint,base_webde/phosmamdomprd | DELETE /v1/:tenant/stack-instances/:id/webspaces/:id/locks/:id,1,0,1,0,1,0,0,0,0,0,0,0,0,1,0,0,0,0,0,0,0,0,0,0,0,0,0,
auth_identity_endpoint,base_webde/phosmamdomprd | POST /v1/:tenant/stack-instances/:id/databases/:id/locks,1,0,1,0,0,0,0,0,0,1,0,0,0,1,0,0,0,0,0,0,0,0,0,0,0,0,0,
auth_identity_endpoint,base_webde/phosmamdomprd | POST /v1/:tenant/stack-instances/:id/webspaces/:id/locks,1,0,1,0,1,0,0,0,0,0,0,0,0,1,0,0,0,0,0,0,0,0,0,0,0,0,0,
auth_identity_endpoint,base_webde/phosmwpwebdeprdbap | GET /v1/:tenant/stack-instances/:id/webspaces/:id/domains,1,1,0,1,0,0,0,0,0,0,0,0,0,0,0,1,0,0,0,0,0,0,0,0,0,0,0,
auth_identity_endpoint,base_worldforyou/photnw4ywaasprod | POST /v1/:tenant/stack-instances/:id/stretchspaces/:id/locks,1,0,1,0,0,0,0,0,0,1,0,0,0,1,0,0,0,0,0,0,0,0,0,0,0,0,0,
auth_identity_endpoint,gitspace_oneandone/pbtionosspaceprod | PUT /v1/:tenant/stack-instances/:id/webspaces/:id/domains/:id,1,0,1,0,1,0,0,0,0,0,0,0,0,1,0,0,0,0,0,0,0,0,0,0,0,0,0,
auth_identity_endpoint,sandbox_fasthosts/phosstackcleanupprd | DELETE /v1/:tenant/stack-instances/:id,1,0,1,0,0,0,0,0,0,1,0,0,0,0,1,0,0,0,0,0,0,0,0,0,0,0,0,
auth_identity_endpoint,sandbox_homepl/phosmwphoplsndbbap | DELETE /v1/:tenant/stack-instances/:id,1,0,1,0,0,0,0,0,0,1,0,0,0,0,1,0,0,0,0,0,0,0,0,0,0,0,0,
auth_identity_endpoint,sandbox_homepl/phosmwphoplsndbbap | DELETE /v1/:tenant/stack-instances/:id/stretchspaces/:id/domains/:id,1,0,1,0,0,0,0,0,0,1,0,0,0,1,0,0,0,0,0,0,0,0,0,0,0,0,0,
auth_identity_endpoint,sandbox_homepl/phosmwphoplsndbprd | GET /v1/:tenant/stack-instances/:id/stretchspaces/:id/domains,1,1,0,0,0,0,0,0,1,0,0,0,0,0,0,1,0,0,0,0,0,0,0,0,0,0,0,
auth_identity_endpoint,sandbox_homepl/phosstackcleanupprd | DELETE /v1/:tenant/stack-instances/:id,1,0,1,0,0,0,0,0,0,1,0,0,0,0,1,0,0,0,0,0,0,0,0,0,0,0,0,
auth_identity_endpoint,trial_strato/phosmwpstrasndbap | POST /v1/:tenant/stack-instances/:id/databases,1,0,1,0,0,0,0,0,0,1,0,0,0,1,0,0,0,0,0,0,0,0,0,0,0,0,0,
auth_identity_endpoint,trial_strato/phosmwpstrasndbap | POST /v1/:tenant/stack-instances/:id/databases/:id/accounts,1,0,1,0,0,0,0,0,0,1,0,0,0,1,0,0,0,0,0,0,0,0,0,0,0,0,0,
auth_identity_endpoint,trial_strato/phosmwpstrasndbap | POST /v1/:tenant/stack-instances/:id/stretchspaces/:id/domains,1,0,1,0,0,0,0,0,0,1,0,0,0,1,0,0,0,0,0,0,0,0,0,0,0,0,0,
auth_identity_endpoint,trial_strato/phosmwpstrasndbap | PUT /v1/:tenant/stack-instances/:id/stretchspaces/:id,1,0,1,0,0,0,0,0,0,1,0,0,0,1,0,0,0,0,0,0,0,0,0,0,0,0,0,
auth_identity_endpoint,trial_strato/phosmwpstrasndbprd | DELETE /v1/:tenant/stack-instances/:id/redirects/:id,1,0,1,0,0,0,0,0,0,1,0,0,0,1,0,0,0,0,0,0,0,0,0,0,0,0,0,
auth_identity_endpoint,trial_strato/phosmwpstrasndbprd | DELETE /v1/:tenant/stack-instances/:id/stretchspaces/:id/domains/:id,1,0,1,0,0,0,0,0,0,1,0,0,0,1,0,0,0,0,0,0,0,0,0,0,0,0,0,
auth_identity_endpoint,trial_strato/phosmwpstrasndbprd | GET /v1/:tenant/stack-instances/:id/databases/:id,1,1,0,0,0,0,0,0,1,0,0,1,0,0,0,0,0,0,0,0,0,0,0,0,0,0,0,
auth_identity_endpoint,trial_strato/phosmwpstrasndbprd | GET /v1/:tenant/stack-instances/:id/webshield/public-ips,1,1,0,0,0,0,0,0,1,0,0,1,0,0,0,0,0,0,0,0,0,0,0,0,0,0,0,
auth_identity_endpoint,trial_strato/phosmwpstrasndbprd | POST /v1/:tenant/stack-instances,1,0,1,0,0,0,0,0,0,1,0,0,1,0,0,0,0,0,0,0,0,0,0,0,0,0,0,
auth_identity_endpoint,trial_strato/phosmwpstrasndbprd | POST /v1/:tenant/stack-instances/:id/redirects,1,0,1,0,0,0,0,0,0,1,0,0,0,1,0,0,0,0,0,0,0,0,0,0,0,0,0,
auth_identity_endpoint,trial_strato/phosmwpstrasndbprd | POST /v1/:tenant/stack-instances/:id/stretchspaces,1,0,1,0,0,0,0,0,0,1,0,0,0,1,0,0,0,0,0,0,0,0,0,0,0,0,0,
auth_identity_endpoint,trial_strato/phosmwpstrasndbprd | POST /v1/:tenant/stack-instances/:id/stretchspaces/:id/domains,1,0,1,0,0,0,0,0,0,1,0,0,0,1,0,0,0,0,0,0,0,0,0,0,0,0,0,
auth_identity_endpoint,trial_strato/phosmwpstrasndbprd | POST /v1/:tenant/stack-instances/:id/webspaces/:id/accounts,1,0,1,0,1,0,0,0,0,0,1,0,0,0,0,0,0,0,0,1,0,0,0,0,0,0,0,
auth_identity_endpoint,trial_strato/pstratoswhtp | GET /v1/:tenant/stack-instances/:id/stretchspaces/:id/accounts,1,1,0,0,0,0,0,0,1,0,0,0,0,0,0,1,0,0,0,0,0,0,0,0,0,0,0,
auth_identity_endpoint,trial_strato/pstratoswhtp | PUT /v1/:tenant/stack-instances/:id/databases/:id,1,0,1,0,0,0,0,0,0,1,0,0,0,1,0,0,0,0,0,0,0,0,0,0,0,0,0,
